p_bar,of_1,of_1_5,of_2,of_2_5,of_3,of_3_5,of_3_6,of_3_7,of_3_8,of_3_9,of_4,of_4_1,of_4_2,of_4_3,of_4_4,of_4_5,of_4_6,of_4_7,of_4_8,of_4_9,of_5,of_5_1,of_5_2,of_5_3,of_5_4,of_5_5,of_5_6,of_5_7,of_5_8,of_5_9,of_6,of_6_1,of_6_2,of_6_3,of_6_4,of_6_5,of_7,of_7_5,of_8,of_8_5,of_9,of_9_5,of_10,of_10_5,of_11,of_11_5,of_12,of_12_5,of_13,of_13_5,of_14,of_14_5,of_15,of_15_5,of_16,of_16_5,of_17,of_17_5,of_18,of_18_5,of_19,of_19_5,of_20
1,1.27104728136487,1.33639036984787,1.27979443987796,1.24735369061184,1.22899393425023,1.21911126327751,1.21777247772008,1.21658094267726,1.21551606098216,1.21456065577614,1.21370049005559,1.21292376748076,1.21222070730056,1.21158315875141,1.21100429508707,1.21047836425772,1.21000048932369,1.20956650930581,1.20917285230559,1.2088164312582,1.20849457373871,1.20820494018523,1.20794548125258,1.20771439194758,1.20751007607553,1.20733111688891,1.20717625473622,1.20704436090024,1.20693442279312,1.20684553656656,1.20677688619303,1.20672773555534,1.20669741925043,1.2066853345885,1.20669093593118,1.20671372297042,1.20707087302053,1.2078032862061,1.20887914354274,1.21027134265778,1.21195127963727,1.21388500813606,1.21603240290659,1.21834936597702,1.22079186282527,1.22331993952471,1.2259002756175,1.22850693821877,1.23112082830078,1.23372848192936,1.23632076665925,1.23889173379988,1.24143771390721,1.24395664519018,1.24644759885354,1.2489104333739,1.25134556252451,1.25375380721271,1.25613625317572,1.25849419203782,1.26082907702239,1.2631424498473,1.26543596231582
1.01325,1.27094690943626,1.33631960863662,1.27979374634352,1.24734425722306,1.22896839528891,1.21907363670509,1.21773340799866,1.21654071322285,1.21547490896741,1.21451878570189,1.21365807486974,1.21288095303745,1.21217761687703,1.21153989691212,1.21096095102906,1.21043501458507,1.20995720032099,1.20952333878855,1.20912985112184,1.20877364448351,1.20845204173213,1.20816269932979,1.20790356463398,1.20767282989178,1.20746889659026,1.20729034602683,1.20713591691294,1.20700447911219,1.20689501878741,1.20680663108179,1.20673849906167,1.20668988581264,1.20666012522064,1.20664861395146,1.20665480578016,1.20667819981927,1.20703861381481,1.20777461830569,1.20885429812814,1.21025041461589,1.21193418940087,1.21387148793206,1.21602202521905,1.21834160704819,1.22078618177506,1.22331584197188,1.22589734874884,1.22850485898524,1.23111935492357,1.23372743856697,1.23632002758154,1.23889120990094,1.24143734226063,1.24395638137831,1.24644741147477,1.24891030019924,1.25134546782576,1.25375373974272,1.25613620499731,1.25849415745881,1.26082905210477,1.26314243178189,1.26543594907571
2,1.26551480111374,1.33148404559045,1.27976296297579,1.24691250861595,1.22772964456687,1.21717503223752,1.21575282527189,1.21449341541022,1.21337428951344,1.21237636532955,1.21148365231253,1.21068283035252,1.20996282417129,1.20931440304513,1.20872984789352,1.20820267266446,1.20772739460089,1.20729936494436,1.20691459616129,1.20656966977636,1.20626162881011,1.20598790416178,1.20574625279499,1.20553470739936,1.20535153516167,1.20519520379295,1.205064353358,1.20495777276553,1.20487438001837,1.20481320551085,1.20477337780653,1.20475411144342,1.20475469640314,1.20477449062748,1.20481290512647,1.20486940744238,1.20540737742437,1.20633734587714,1.20762118144116,1.20922335724841,1.21110525502478,1.21322305989322,1.21552915414048,1.21797590572452,1.22051979381117,1.22312424679012,1.22576061295773,1.2284076696451,1.23105037860154,1.23367848691624,1.23628526260014,1.23886649605752,1.24141975436867,1.24394385495285,1.24643847977267,1.24890391866259,1.25134090857076,1.25375046983486,1.25613385069433,1.25849245699869,1.26082781105009,1.26314152020456,1.26543527104695
3,1.26203432847746,1.32790128479556,1.27974839648969,1.24670257955434,1.22706875136284,1.21609082623151,1.21461221628036,1.21330627070166,1.21214950533745,1.21112173616003,1.21020589578613,1.20938768657299,1.20865517114921,1.20799838981506,1.20740901876897,1.20688006535069,1.20640563659566,1.20598073619126,1.20560109843557,1.2052630681384,1.20496349418693,1.20469964584728,1.2044691470371,1.2042699125155,1.20410011590385,1.2039581434332,1.20384256544597,1.20375211070067,1.20368564480854,1.20364215201458,1.20362071969707,1.2036205250863,1.20364082380226,1.20368093988985,1.20374025709175,1.20381821114945,1.20447062182598,1.20552396760479,1.20693511797499,1.20866248221464,1.21066105700133,1.21288163664399,1.21527342599209,1.21778821787704,1.22038401434775,1.22302690850863,1.22569117322713,1.22835822742124,1.23101518091226,1.23365340692987,1.23626736957486,1.23885371189064,1.24141060702861,1.24393729937276,1.2464337728494,1.24890053216345,1.25133846272164,1.25374869528712,1.25613255507541,1.2584915030495,1.26082710098067,1.26314098462081,1.26543486041844
4,1.25944948034332,1.32518744473224,1.27973927929477,1.2465726102082,1.22663593719293,1.21534665424671,1.21382441960939,1.21248210584162,1.21129566707293,1.21024418591403,1.20930982500212,1.20847755596526,1.20773479463957,1.20707102579206,1.206477443778,1.20594666749951,1.20547247405465,1.20504959317104,1.20467353787085,1.20434046738408,1.20404707645326,1.20379050584097,1.20356826975536,1.20337819680568,1.20321838159551,1.20308714690091,1.20298300282721,1.20290463153781,1.20285085590602,1.20282062223305,1.20281298373058,1.20282708637712,1.20286215671955,1.20291749127596,1.2029924472627,1.20308643442303,1.20382400473018,1.20496820795859,1.20647173730079,1.20828825698248,1.21036817677161,1.21265886302159,1.21510793511485,1.21766744106788,1.22029691460323,1.22296453189517,1.22564664821893,1.22832647135008,1.23099251765986,1.2336372111392,1.23625577524745,1.23884539695665,1.2414046323237,1.24393299693068,1.24643066634045,1.24889828202844,1.25133682454482,1.25374749517582,1.25613166859704,1.25849084125921,1.26082659996506,1.26314059647135,1.26543455966667
5,1.25737636025948,1.32298359961741,1.27973271093114,1.24648166996852,1.22632090624986,1.21478509638482,1.2132269214345,1.21185438814928,1.21064311661995,1.20957166762743,1.20862161654849,1.20777735860472,1.20702578368656,1.20635591171476,1.20575855520045,1.20522600256435,1.20475174742351,1.20433029689375,1.20395697541083,1.20362778576102,1.2033392925848,1.20308852805941,1.20287291536116,1.20269020632931,1.20253843045867,1.202415852938,1.20232093992704,1.20225233147129,1.20220880975775,1.20218929025152,1.20219279636982,1.20221844666186,1.20226544199373,1.2023330544247,1.20242061748362,1.20252751762181,1.20333341561699,1.20454987926481,1.20612600727662,1.20801157005908,1.21015347572497,1.2124967347222,1.21498815031282,1.21758032678401,1.22023419854467,1.22291962965723,1.2256145709018,1.22830355757453,1.23097612985889,1.23362547185091,1.23624734841051,1.2388393349093,1.24140026149983,1.24392983672596,1.24642836826815,1.24889661185133,1.25133560028599,1.25374659094054,1.2561309941718,1.25849033207012,1.26082620532388,1.26314029321632,1.26543431875095
6,1.25563732821269,1.32111843394807,1.27972756506484,1.24641329405163,1.2260768581369,1.21433707453205,1.21274816997105,1.21134960409013,1.21011680892554,1.20902796151606,1.20806417164196,1.20720936032744,1.20644997736415,1.20577464643355,1.20517384538715,1.20463957353446,1.20416509940019,1.20374471827769,1.20337359493447,1.20304759550007,1.20276317083974,1.20251725807014,1.20230720057484,1.20213068283458,1.20198567709756,1.20187039951365,1.20178327384641,1.20172290126858,1.20168803692164,1.20167756090969,1.20169047200847,1.20172586403664,1.20178291460337,1.20186087353115,1.20195905274714,1.20207681740034,1.20294000795781,1.20421660651346,1.20585253423354,1.20779428312481,1.2099859792356,1.21237093915816,1.21489557477079,1.21751316151391,1.22018589366008,1.22288504291422,1.22558984145553,1.22828586757692,1.2309634561839,1.2336163733636,1.23624080165164,1.23883461262159,1.24139684592856,1.24392735819714,1.24642656306368,1.24889528942457,1.25133462492207,1.25374586521541,1.25613044819356,1.25848991575351,1.26082588325929,1.26314003944873,1.26543411465968
7,1.25413480649377,1.3194959681918,1.27972330095621,1.24635938632191,1.22587980282194,1.21396622991202,1.21235038618889,1.21092885567776,1.20967696746681,1.20857261478487,1.2075965290378,1.20673223112026,1.20596578780412,1.20528548455282,1.20468150249213,1.20414558451644,1.20367078548025,1.20325123674698,1.20288194304992,1.20255865292714,1.20227771540573,1.20203598243206,1.20183072582491,1.20165956958009,1.20152043446567,1.20141149245251,1.20133112902478,1.2012779118189,1.20125056436094,1.20124794577388,1.20126902438154,1.20131287339728,1.20137864902153,1.20146558055142,1.20157295993561,1.20170013260947,1.20261278385197,1.20394094353881,1.20562769256492,1.20761669862489,1.20984981858506,1.21226911430837,1.21482086607292,1.2174590524877,1.22014700293874,1.22285719013438,1.22556990957485,1.22827159090875,1.23095321128293,1.23360900381537,1.23623548832902,1.23883077071199,1.24139405930609,1.24392532938305,1.24642507954059,1.24889419755509,1.25133381510076,1.2537452586831,1.2561299883938,1.25848956211722,1.26082560705916,1.26313981962466,1.26543393140613
8,1.25280915640841,1.31805666550877,1.27971963093776,1.24631541926715,1.225715910562,1.21365109940564,1.21201122570972,1.21056908436963,1.20929997738792,1.20818158325967,1.20719432073736,1.20632136689613,1.20554845207763,1.20486356436861,1.20425661045378,1.20371911233821,1.20324393323575,1.20282503874208,1.20245730831973,1.20213637298652,1.20185849142928,1.2016204380272,1.20141941936135,1.20125300423106,1.20111906636499,1.20101573730254,1.2009413674292,1.20089449356318,1.20087381182082,1.20087815475149,1.20090647373096,1.200957815011,1.20103131688739,1.20112618950675,1.2012417061538,1.20137719383856,1.20233343608641,1.20370675986667,1.20543767437929,1.20746737761202,1.20973583892419,1.21218417656949,1.21475869425171,1.21741408162821,1.22011469228886,1.22283404213199,1.22555333050191,1.22825970143172,1.23094466682741,1.23360284771305,1.23623104070476,1.23882754758136,1.24139171542522,1.24392361768232,1.24642382330204,1.24889326895741,1.25133312283128,1.25374473707108,1.25612959024145,1.25848925353876,1.26082536402634,1.26313962451766,1.26543377185475
9,1.25162111666517,1.3167609280447,1.27971637405977,1.24627863773919,1.22557653185039,1.21337798728904,1.21171639030592,1.21025551195222,1.20897068629669,1.20783942278088,1.20684188171807,1.20596094106143,1.20518203387627,1.2044928747164,1.20388312904032,1.20334411167044,1.20286850882414,1.20245014301986,1.20208376936736,1.20176491863057,1.20148975998063,1.20125499846674,1.20105778047678,1.20089562383217,1.2007663587675,1.20066807938629,1.20059910352243,1.20055793935755,1.20054325748427,1.20055386737416,1.20058869742384,1.20064677962854,1.20072722790429,1.20082923632896,1.20095206061862,1.20109501043749,1.20209027005452,1.20350379253348,1.20527373589598,1.20733911769928,1.20963830773574,1.21211170853902,1.2147057521285,1.21737582478893,1.22008721121382,1.22281434646349,1.22553921220817,1.22824956525737,1.23093737238813,1.23359758387089,1.23622723079585,1.23882478079056,1.24138969844808,1.24392214042171,1.24642273532712,1.24889246166267,1.25133251811987,1.25374427890756,1.25612923832237,1.25848897890486,1.26082514611689,1.26313944825076,1.26543362662095
10,1.25054340696796,1.31558098420209,1.27971341692234,1.24624725337446,1.22545592332851,1.21313763311716,1.21145619365863,1.20997811669582,1.20867879777563,1.20753562841254,1.20652854904305,1.20564017442384,1.2048556706932,1.20416250377776,1.20355011795942,1.20300963734518,1.20253358627514,1.20211564945117,1.2017504740559,1.20143349001173,1.2011607889413,1.20092900953805,1.20073524213038,1.20057695702033,1.20045194385718,1.20035826176923,1.20029419813421,1.20025823429617,1.20024901688336,1.20026533365774,1.20030609304633,1.20037030667839,1.20045707599371,1.20056557267064,1.2006950376213,1.20084476408739,1.20187537008907,1.20332512031888,1.20513001055172,1.20722710559929,1.20955341267619,1.21204878603639,1.21465985689794,1.21734268572255,1.22006340855624,1.22279727994538,1.22552696935796,1.2282407661677,1.2309310321919,1.2335930019882,1.23622390897591,1.23882236216942,1.24138793263866,1.24392084374558,1.24642177739341,1.24889174782099,1.25133198102605,1.25374386988544,1.25612892233737,1.25848873076489,1.26082494791521,1.26313928684746,1.26543349275567
11,1.24955625972159,1.31449657445457,1.27971067653727,1.2462200380533,1.22535009003757,1.21292349178207,1.21122377638726,1.20972978406991,1.20841699776788,1.20726273441328,1.20624673931096,1.20535139691592,1.20456163166795,1.20386468155815,1.20324978672129,1.20270789411253,1.20223137739541,1.20181379433435,1.20144968214466,1.20113439113129,1.2008639332511,1.20063488242806,1.20044427855667,1.20028954731654,1.20016844020979,1.20007898345426,1.20001943573253,1.1999882530658,1.19998405943453,1.20000562204984,1.20005183040473,1.20012167841214,1.20021424907883,1.20032870276199,1.20046425954915,1.20062019876718,1.2016831352956,1.20316586220027,1.20500237347348,1.20712797483391,1.20947849834745,1.21199338070741,1.21461949891415,1.21731356253755,1.22004249062208,1.22278227510418,1.22551619700199,1.228233016191,1.23092544120409,1.23358895590676,1.23622097092465,1.23882022050538,1.24138636437697,1.2439196891138,1.24642092171945,1.24889110805359,1.2513314976503,1.25374350001069,1.25612863507339,1.25848850388422,1.26082476121944,1.26313913748997,1.26543336815773
12,1.24864488598424,1.31349243777635,1.27970811133994,1.24619614396843,1.22525615525624,1.21273077183693,1.21101410789022,1.20950529109351,1.208179916688,1.20701524706673,1.20599086863296,1.20508895800921,1.20429421931315,1.20359368022915,1.20297639109364,1.20243313348103,1.20195613974226,1.201538848479,1.20117569691128,1.20086195003755,1.20059355493462,1.20036702114796,1.20017934090532,1.2000278977326,1.19991040706403,1.19982486396958,1.19976949994203,1.19974274697702,1.19974320753739,1.19976962928119,1.19982088366212,1.19989594769413,1.19999388831627,1.20011385047833,1.20025503896913,1.20041671830005,1.20150946076876,1.20302245175171,1.20488782249411,1.20703928394403,1.20941164633756,1.2119440307067,1.21458359271411,1.2172876643488,1.22002388806561,1.22276892515062,1.2255066056252,1.22822610923227,1.23092045270719,1.23358534108735,1.23621834171814,1.23881830056731,1.24138495555413,1.2439186431176,1.24642014881993,1.24889052815963,1.25133105773636,1.25374316184071,1.25612837112807,1.25848829428816,1.26082459202748,1.26313899795015,1.26543325106208
13,1.2477979009865,1.3125567761143,1.27970567672412,1.24617492945508,1.22517197807403,1.21255586412846,1.21082339237283,1.20930069140878,1.20796348620507,1.20678900506557,1.20575670766093,1.20484857587348,1.20404911467948,1.20334515665192,1.20272557474675,1.20218099521247,1.20170351735128,1.20128646717722,1.20092418741007,1.20061186393126,1.20034537535022,1.20012118134119,1.19993622102706,1.19978783999648,1.19967371941437,1.19959182472877,1.19954036154771,1.19951773896787,1.19952253891816,1.19955349037418,1.19960944753373,1.1996893712298,1.19979231300579,1.19991740139523,1.20006383147072,1.20023084860693,1.20135125074389,1.2028922068915,1.20478410740168,1.20695920915502,1.20935142830729,1.21189965148494,1.21455133485215,1.21726440648323,1.22000718042937,1.22275692960396,1.22549798114987,1.22821989287277,1.23091595791316,1.23358207997572,1.23621596600569,1.23881656344717,1.241383678433,1.24391769871208,1.24641944471275,1.24888999824324,1.25133065432033,1.25374285049474,1.25612812700121,1.25848809951818,1.26082443404927,1.26313886706925,1.26543314086588
14,1.24700635504271,1.31168026289944,1.27970334364527,1.24615592479543,1.22509592932715,1.21239598476659,1.21064869725456,1.20911293226178,1.20776455820225,1.20658079134036,1.20554097709781,1.20462692903949,1.20382296637171,1.20311573981215,1.20249395578079,1.20194809401186,1.20147012789613,1.20105327674768,1.20069179348734,1.20038078687403,1.20011607619792,1.19989406774477,1.19971165209887,1.19956613863814,1.19945517583236,1.19937670084461,1.19932889454286,1.19931014411465,1.19931901182094,1.19935420872341,1.19941457245727,1.1994990483122,1.19960667303472,1.19973656088576,1.19988789307619,1.20005990112107,1.20120611447146,1.20277306134049,1.20468950027142,1.20688635460577,1.20929675446008,1.21185941755206,1.21452211492225,1.21724334534253,1.21999204884235,1.22274606064641,1.22549016123074,1.22821425137442,1.23091187496609,1.23357911400152,1.23621380283633,1.23881497863435,1.24138251104385,1.24391683347013,1.2464187978978,1.24888950992554,1.25133028120979,1.25374256136355,1.25612789932287,1.25848791706622,1.26082428536015,1.26313874333064,1.26543303617754
15,1.24626307711917,1.31085541397015,1.27970108994918,1.24613876313564,1.22502674226326,1.21224894308957,1.21048771131594,1.20893960480299,1.20758064624429,1.20638805626964,1.2053410809973,1.20442138967948,1.20361312203268,1.2029027611828,1.20227885658471,1.20173174923834,1.20125329294336,1.20083660544346,1.20047585408884,1.20016607579573,1.19990302962113,1.19968306913752,1.19950304761797,1.19936023227304,1.19925224222345,1.19917698753036,1.1991326253359,1.19911752179666,1.1991302202756,1.19916941460517,1.19923392647745,1.19932268620997,1.19943471629399,1.19956911723095,1.19972505532319,1.199901753409,1.20107216836031,1.20266339237076,1.2046026469298,1.20681962961291,1.20924677564326,1.21182268718815,1.21449545924112,1.21722413703848,1.21997824624644,1.22273614175679,1.2254830200536,1.22820909536979,1.23090813942295,1.2335763973271,1.23621181883155,1.23881352280602,1.24138143668653,1.24391603543363,1.24641819979954,1.24888905703101,1.25132993400069,1.25374229130074,1.25612768579527,1.25848774521163,1.2608241446952,1.26313862578595,1.26543293634028
16,1.24556222861524,1.31007609741899,1.27969889840356,1.24612315951773,1.22496341421321,1.21211298557035,1.21033858179354,1.20877877576132,1.20740975297339,1.20620875240945,1.20515493856122,1.20422984148834,1.20341744687853,1.20270407247156,1.20207812119056,1.20152980222989,1.20105085542822,1.20063430154256,1.20027422609859,1.19996559724348,1.19970411632648,1.19948608641215,1.19930832495102,1.1991680587165,1.19906287863353,1.19899066871734,1.19894956329046,1.19893790826455,1.19895422879428,1.19899720209933,1.19906563448607,1.19915844181612,1.19927463280567,1.19941329467668,1.19957358077606,1.19975470124913,1.20094790274132,1.20256190021859,1.20452246745937,1.20675816678966,1.20920081828806,1.21178895245608,1.21447099344795,1.217206510051,1.21996557765883,1.22272703371531,1.22547645834495,1.22820435380149,1.23090470087446,1.23357389385719,1.23620998816818,1.23881217746767,1.24138044210179,1.24391529509428,1.2464176435792,1.24888863466163,1.25132960915,1.25374203772137,1.25612748453301,1.2584875825869,1.26082401104876,1.26313851368514,1.26543284078734
17,1.24489898953584,1.3093372401048,1.27969675537671,1.24610888701116,1.22490513920397,1.21198668753658,1.21019980133889,1.20862887053781,1.20725025027169,1.20604120967174,1.20498084511121,1.20405056202579,1.20323419749114,1.20251791884043,1.20188998820753,1.20134048919892,1.20086105274552,1.20044460673216,1.20008515822128,1.19977760935025,1.19951760603462,1.19930140442455,1.19912578260934,1.19898793336011,1.19888541881532,1.19881609789475,1.19877808291547,1.19876970025368,1.19878945747998,1.19883601575567,1.19890816650867,1.1990048116136,1.19912494645911,1.19926764541216,1.19943204929005,1.19961735596992,1.20083208986709,1.20246753335293,1.20444808757544,1.2067012657258,1.20915833979034,1.21175780497556,1.21444841698107,1.2171902468401,1.21995388672633,1.22271862475951,1.22547039642318,1.22819996992891,1.2309015187736,1.23357157460243,1.23620829009049,1.23881092773888,1.24137951660758,1.24391460477806,1.24641712371625,1.24888823882013,1.25132930376317,1.2537417985268,1.25612729400182,1.25848742806141,1.26082388358232,1.26313840639535,1.26543274900677
18,1.24426933240412,1.30863459080755,1.27969464992517,1.24609576286458,1.22485126046068,1.21186887671017,1.2100701278736,1.20848859023442,1.20710079379667,1.20588404827272,1.20481739359637,1.20388212197403,1.20306193184038,1.20234284850437,1.20171300020375,1.20116235057315,1.20068242620169,1.2002660658194,1.19990720106291,1.19960067055263,1.19934206498662,1.19912760082489,1.19895400913566,1.19881846241247,1.19871848432724,1.19865191312437,1.19861683985819,1.1986115720104,1.19863460013348,1.19868456983835,1.19876025813551,1.19886055334161,1.19898443792482,1.19913097379161,1.19929928961975,1.19948856992388,1.20072371782462,1.20237942446187,1.20437879006345,1.20664835182982,1.20911889710095,1.21172891189393,1.21442748517595,1.21717516970722,1.21994304630947,1.22271082408845,1.225464769242,1.22819589741102,1.23089856003362,1.23356941587313,1.23620670758972,1.23880976133755,1.24137865125741,1.24391395786693,1.24641663570049,1.24888786625312,1.25132901548398,1.25374157200278,1.25612711294641,1.25848727545665,1.26082376160585,1.26313830339299,1.26543266068223
19,1.24366985593725,1.30796454984748,1.27969257314901,1.24608363764705,1.2248012365489,1.21175857720375,1.20994852611873,1.20835685110639,1.2069602611443,1.20573611538987,1.20466340783744,1.20372332511335,1.20289944373768,1.20217764686593,1.20154593767474,1.20099416492993,1.20051375502828,1.20009746092391,1.19973914158806,1.19943357438984,1.19917629845204,1.19896348677316,1.1987918334474,1.19865847970621,1.19856092197151,1.19849697516192,1.19846470974122,1.19846241488422,1.19848856464297,1.19854178954213,1.19862085259845,1.19872462896492,1.19885208856415,1.19900228120609,1.19917432378943,1.1993673892686,1.20062194343661,1.20229685277665,1.20431397972999,1.20659895321751,1.20908212402958,1.21170199854528,1.21440799638611,1.21716113300848,1.21993295174305,1.22270355692939,1.22545952427425,1.22819209856006,1.23089579769241,1.2335673984439,1.23620522700483,1.23880866870737,1.24137783956186,1.24391335025952,1.24641617579483,1.2488875142585,1.25132874235203,1.25374135672024,1.25612694031849,1.25848713464002,1.26082364454277,1.2631382042427,1.26543257539647
20,1.24309765599435,1.30732404095713,1.27969051772662,1.24607238789216,1.22475461622307,1.21165496846949,1.20983412448578,1.20823273984226,1.20682770561628,1.20559643809708,1.20451789480466,1.2035731683318,1.20274571417375,1.20202128760783,1.20138777000766,1.20083489993115,1.20035400737383,1.19993776260079,1.19957995444006,1.19927530107925,1.19901929177338,1.1988080574745,1.19863825648732,1.19850699976988,1.19841175733909,1.19835032150157,1.1983207427478,1.19832129248379,1.19835042873673,1.19840676737202,1.19848905780309,1.19859616238359,1.19872703883746,1.19888072521551,1.19905632697192,1.19925300583846,1.20052605682583,1.20221921077505,1.20425315759668,1.20655267168163,1.20904771515108,1.21167683624526,1.21438978285913,1.2171480153851,1.21992351595607,1.22269676082437,1.22545461592923,1.22818854130467,1.23089320883908,1.23356550583714,1.23620383639871,1.23880764102547,1.24137707479553,1.24391277654674,1.24641574087326,1.2488871805732,1.25132848272268,1.25374115147743,1.25612677523324,1.25848699955138,1.26082353189843,1.26313810856422,1.26543249288013
21,1.24255024794508,1.30671041337485,1.2796884778258,1.24606191055994,1.22471101987603,1.21155735428629,1.20972618255015,1.20811547982157,1.20670232160056,1.20546418803432,1.20438000853152,1.20343079010038,1.2025998746,1.2018728957632,1.20123761845021,1.20068367526738,1.20020230328876,1.19978609292406,1.19942876517317,1.19912498094219,1.19887018118564,1.19866045610822,1.19849242931275,1.19836318075805,1.19827015973418,1.19821113169043,1.19818412934598,1.19818740683385,1.19821940659509,1.19827873023047,1.19836411391164,1.19847440753067,1.1986085569352,1.1987655887308,1.19894459723878,1.1991447332829,1.20043545276401,1.20214598902569,1.20419589907292,1.2065091715942,1.20901541245117,1.2116532320107,1.21437270323245,1.21713571469154,1.21991466571265,1.22269038419611,1.22545000824094,1.22818519901144,1.2308907743763,1.23356372432598,1.23620252587142,1.23880667114516,1.24137635179233,1.24391223300474,1.24641532829651,1.24888686328485,1.25132823520486,1.25374095525705,1.25612661694127,1.25848686963488,1.26082342325538,1.26313801603915,1.2654324128877
22,1.24202546794136,1.30612136595571,1.27968644768486,1.24605211888011,1.22467012545277,1.21146513909528,1.20962406619854,1.20800440530714,1.20658341800073,1.20533865415565,1.20424902263456,1.20329545244089,1.20246117867501,1.2017317194198,1.20109472774013,1.20053973424939,1.20005788634712,1.1996416971831,1.19928482206317,1.1989818663633,1.19872822418231,1.19851994617511,1.19835362224558,1.19822630198637,1.19813541529067,1.19807870074312,1.19805417402107,1.19806007244324,1.19809482327101,1.19815701420667,1.19824536851604,1.19835872394411,1.19849601476276,1.1986562564254,1.19883853029916,1.19904198078491,1.20034961901199,1.20207674652705,1.20414184791321,1.20646816536977,1.20898499689638,1.21163102228529,1.21435663776971,1.21712414445421,1.21990633904691,1.22268438206149,1.22544566857143,1.22818204930982,1.23088847844153,1.23356204273373,1.2362012876455,1.2388057530277,1.24137566714354,1.24391171767067,1.24641493559938,1.24888656044624,1.25132799861105,1.25374076718924,1.25612646480057,1.25848674441302,1.26082331825372,1.26313792639167,1.26543233520495
23,1.24152143202097,1.30555488758915,1.27968442347242,1.24604293918565,1.2246316575051,1.21137780968269,1.20952722837329,1.20789894143427,1.20647039762762,1.20521922169823,1.20412430879204,1.20316651686859,1.2023289781276,1.2015971076797,1.2009584439705,1.20040242174051,1.19992010160312,1.19950392189831,1.19914747421248,1.19884531000146,1.19859277786675,1.19838588829569,1.19822120356906,1.19809574028185,1.19800690608833,1.19795241849194,1.19793027487468,1.19793869616691,1.19797609482972,1.19804104500399,1.19813225736601,1.19824855780734,1.19838886930481,1.19855219428583,1.19873760991799,1.19894424397045,1.2002681078611,1.20201110514292,1.20409069223749,1.20642941189567,1.20895628074493,1.21161006704248,1.21434148405781,1.21711323068472,1.21989848288011,1.22267871669135,1.22544157010096,1.22817907264985,1.23088630690749,1.2335604507638,1.23620011411806,1.23880488244945,1.24137501641774,1.24391122697876,1.24641456143062,1.24888627149909,1.25132777176318,1.25374058629839,1.25612631793224,1.2584866234729,1.26082321658152,1.26313783938203,1.26543225964505
24,1.24103648655733,1.30500920289168,1.27968240147511,1.24603430846854,1.22459537895965,1.21129492082621,1.20943519396931,1.20779858850466,1.20636274101599,1.20510535562288,1.20400531994255,1.20304342727578,1.20220271509106,1.20146849345651,1.20082819739066,1.20027116676715,1.19978837820982,1.19937219747819,1.19901615427235,1.19871474765465,1.19846328192797,1.19825773013403,1.19809462277634,1.19797094919109,1.19788409219124,1.19783175335226,1.19781190758715,1.19782276137579,1.19786271273049,1.19793032255586,1.19802428922579,1.19814342493042,1.19828664581122,1.19845294375274,1.19864138136475,1.19885107843645,1.20019053225082,1.20194873692989,1.2040421637477,1.20639269739024,1.20892910201029,1.21159024560722,1.21432715390492,1.21710290974051,1.21989105160698,1.22267335551281,1.22543768958585,1.2281762524404,1.2308842479256,1.23355893995329,1.23619899924838,1.23880405436386,1.24137439655034,1.24391075874766,1.24641420366799,1.24888599457059,1.25132755417962,1.25374041251684,1.25612617668996,1.25848650625492,1.26082311768069,1.2631377543952,1.26543218604422
25,1.24056917181939,1.30448276163036,1.2796803785095,1.24602617247094,1.22456108431719,1.2112160839217,1.20934754785615,1.20770290952151,1.2062599935739,1.20499658746327,1.20389157690111,1.20292569640636,1.20208189410371,1.20134537964856,1.20070348848229,1.20014546876378,1.19966221569388,1.19924602454075,1.19889036482854,1.19858968461635,1.19833924508644,1.19813498278441,1.19797339723736,1.19785145119857,1.19776650471441,1.19771623940826,1.19769861266603,1.1977118153763,1.19775423143513,1.19782440880743,1.19792103170807,1.19804290734131,1.19818893480061,1.1983580976651,1.19854944846438,1.19876209715923,1.20011655397682,1.20188935587419,1.20399602900548,1.20635783765934,1.20890331797712,1.21157145331159,1.21431357087532,1.21709312647501,1.21988400570572,1.22266827028119,1.22543400684806,1.22817357425247,1.23088229116248,1.23355750289082,1.23619793771475,1.23880326494742,1.24137380479639,1.24391031101353,1.24641386091573,1.248885728685,1.25132734479894,1.25374024485966,1.25612604005589,1.25848639298543,1.26082302208476,1.2631376678105,1.26543211408514
26,1.24011819250472,1.30397416758544,1.27967835182818,1.24601848417912,1.22452859489975,1.21114095787917,1.20926392528185,1.20761152019643,1.20616175527512,1.20489250477303,1.20378265761918,1.20281289497499,1.20196608062524,1.2012273281264,1.20058387693577,1.20002488644035,1.19954117281578,1.19912496279383,1.19876966731731,1.19846968475239,1.19822023424124,1.1980172167302,1.19785710151843,1.19773682540932,1.19765372621306,1.1976054660625,1.19758998520545,1.19760545930105,1.19765025843089,1.19772291576396,1.19782211008924,1.19794663126138,1.19809536989563,1.1982672994237,1.19846146253396,1.19867695958487,1.20004587578154,1.20183271081981,1.20395208312948,1.20632467159961,1.20887880984246,1.21155359883164,1.21430066832396,1.21708383282242,1.21987731073218,1.22266343637815,1.22543050429588,1.2281710255018,1.23088042760116,1.23355613310436,1.23619692486469,1.23880251085402,1.24137323874788,1.24390988204602,1.2464135319341,1.24888547296219,1.25132714295508,1.25374008284274,1.25612590767866,1.25848628294888,1.26082292895866,1.26313758773084,1.26543204411248
27,1.23968239368466,1.30348217978324,1.27967631906398,1.24601120271144,1.22449775284401,1.21106924180746,1.2091840041136,1.2075240808636,1.20606767231446,1.20479274257941,1.20367818848394,1.20270464285183,1.20185488978775,1.2011139507795,1.20046897266229,1.1999090288075,1.1994248586121,1.19900862210125,1.19865367313184,1.1983543616041,1.19810586563244,1.1979040514042,1.19774535869205,1.19762669893938,1.19754538652492,1.19749906961979,1.19748566660826,1.19750333848666,1.19755044259533,1.19762550457615,1.19772718544451,1.19785426769717,1.19800562875368,1.19818023355428,1.19837711516252,1.19859536455372,1.19997823512498,1.20177858039937,1.20391014589566,1.20629305755232,1.20885546772739,1.21153660205164,1.2142883878231,1.21707498665757,1.21987093650174,1.22265883222758,1.22542716650795,1.22816859515304,1.23087864933136,1.23355482491334,1.23619595661186,1.23880178913737,1.24137269627747,1.24390947030685,1.24641321560733,1.24888522659051,1.2513269480736,1.25373992605808,1.25612577927672,1.25848617596456,1.26082283820698,1.26313750951655,1.26543197562017
28,1.23926074108228,1.30300568527258,1.27967426932173,1.2460042919626,1.22446842030568,1.21100066884774,1.20910749850976,1.20744028988152,1.20597743029489,1.20469697640285,1.20357783720989,1.20260060185874,1.20174797912421,1.2010049021998,1.20035842845281,1.19979754782613,1.1993129250477,1.19889665515486,1.19854203632283,1.19824337113823,1.19799579763851,1.19779514804122,1.19763783325125,1.19752073991007,1.19744116109384,1.197396724969,1.19738533630645,1.19740513944024,1.19745448182018,1.19753187218899,1.19763596231805,1.19776552265175,1.19791942335999,1.19809661821856,1.19829613225516,1.19851704446972,1.19991339900092,1.20172676832725,1.20387005790666,1.20626287025169,1.20883319642134,1.21152039031884,1.21427667788926,1.2170665508734,1.2198648564274,1.22265443882299,1.22542397989655,1.22816627347998,1.23087694937838,1.23355357330659,1.23619502934908,1.23880109719701,1.24137217550691,1.24390907443756,1.24641291095027,1.24888498885409,1.2513267596334,1.25373977412634,1.25612565457511,1.25848607183653,1.26082274969522,1.26313743308428,1.26543190857062
29,1.23885230459022,1.30254367764477,1.27967221780528,1.24599772047362,1.22444047492459,1.21093500153663,1.20903415374533,1.207359878206,1.20589074862133,1.20460491651092,1.20348130698558,1.20250046983639,1.2016450425786,1.20089987126909,1.20025193392893,1.19969013235081,1.19920506096468,1.198788751438,1.19843444758622,1.19813640576703,1.19788972483595,1.19769020378369,1.19753422526785,1.19741865020715,1.19734075367925,1.19729814426222,1.19728870999258,1.19731058408936,1.19736209639088,1.19744174574774,1.19754817285898,1.19768013774743,1.19783650066432,1.19801620585593,1.19821826774133,1.19844176052343,1.19985115969873,1.20167709990802,1.20383167729231,1.20623399882527,1.20881191138812,1.21150490504047,1.21426549294475,1.21705849262895,1.21985904698022,1.22265023934231,1.22542093243295,1.22816405186991,1.23087532156403,1.23355237384355,1.23619413987866,1.23880043272599,1.24137167476859,1.24390869323057,1.24641261708554,1.24888475911323,1.25132657716614,1.25373962670296,1.25612553331908,1.25848597037612,1.26082266328382,1.26313735833226,1.26543184289212
30,1.23845624465209,1.30209525947401,1.2796701547069,1.24599146028739,1.22441380795814,1.21087202752325,1.20896374178803,1.20728260491932,1.20580737585409,1.20451630315391,1.20338833161914,1.20240397572256,1.20154580553628,1.20079858562888,1.20014921052334,1.19958650310387,1.19910098705996,1.19868463221556,1.19833062927323,1.19803318938511,1.19778737306904,1.19758894678993,1.19743426251587,1.19732016643488,1.19724390416143,1.19720306944206,1.19719553446019,1.19721941845998,1.19727303851556,1.19735488179019,1.19746357811795,1.19759787729626,1.1977566298469,1.19793877067256,1.19814330515359,1.19836929732187,1.19979133130891,1.20162941897811,1.2037948774978,1.20620634404491,1.20879153777351,1.21149008843108,1.21425479214179,1.21705078273158,1.2198534872461,1.22264621883137,1.22541801342187,1.22816192266272,1.23087376039162,1.2335512225721,1.23619328535339,1.23879979366918,1.24137119257606,1.24390832560861,1.24641233322948,1.24888453679566,1.25132640025169,1.25373948347739,1.25612541527718,1.25848587140953,1.26082257877086,1.26313728506261,1.26543177837244
31,1.2380718007493,1.30165960518588,1.27966807861317,1.24598548666557,1.22438832237806,1.21081155623664,1.20889605790572,1.20720825336942,1.20572708585111,1.2044309025879,1.20329867148491,1.20231087544174,1.20145002067292,1.20070079340049,1.20005000728628,1.19948640847618,1.19900045168894,1.19858404634778,1.1982303312211,1.19793347322265,1.19768849533076,1.19749113214715,1.19733770847375,1.19722504732674,1.19715037416212,1.19711126318021,1.19710557726456,1.19713141568843,1.19718708508025,1.19727106112839,1.1973819629991,1.19751853045108,1.19767960445688,1.19786411075288,1.19807104585778,1.19829946519295,1.19973374679819,1.20158358540866,1.2037595451146,1.20617981728801,1.20877200818613,1.21147589119573,1.21424454015771,1.21704339493739,1.21984815827393,1.22264236354214,1.22541521331477,1.22815987901776,1.23087226095095,1.23355011596047,1.23619246322794,1.23879917818855,1.24137072759914,1.24390797060706,1.24641205867986,1.24888432138794,1.25132622850748,1.25373934416286,1.25612530023026,1.25848577476484,1.26082249622581,1.26313721344548,1.26543171530321
32,1.23769828168454,1.30123596730128,1.2796659882686,1.24597977734944,1.22436393128426,1.21075341604319,1.20883091750701,1.20713662820994,1.20564967442599,1.20434850374902,1.20321211014062,1.20222094679243,1.20135746279845,1.20060626900367,1.19995409736012,1.19938962099672,1.19890322733745,1.19848676677094,1.19813332724765,1.19783703235897,1.19759286829955,1.19739653698944,1.19724434092788,1.19713307606197,1.19705994951272,1.19702251829354,1.19701863016025,1.19704637076852,1.19710403448883,1.19719008573786,1.19730313320066,1.19744190677517,1.19760523805668,1.19779204378442,1.19800131178459,1.19823208903929,1.19967825556074,1.20153947300833,1.20372557814716,1.20615433895098,1.20875326233182,1.21146226842548,1.21423470192623,1.21703630641132,1.2198430441132,1.22263866260018,1.22541252340547,1.22815791461621,1.23087081861027,1.23354905056461,1.23619167088756,1.23879858424019,1.24137027864277,1.24390762735852,1.24641179280444,1.24888411242704,1.25132606160722,1.25373920852664,1.2561251880169,1.25848568033766,1.26082241538274,1.26313714317882,1.26543165331665
33,1.23733505732269,1.30082366361823,1.27966388255402,1.24597430741687,1.22434055657482,1.21069745185015,1.20876815364409,1.20706755260112,1.20557495674196,1.20426891536514,1.20312844968503,1.2021339931399,1.20126793255764,1.20051480620203,1.19986127333926,1.19929593434756,1.19880910763836,1.19839258752101,1.19803941218698,1.19774366277427,1.19750028800652,1.19730496335677,1.19715396103321,1.197044056004,1.19697243391744,1.19693663954164,1.19693450432214,1.19696409783484,1.19702370399211,1.19711177612866,1.19722691262882,1.19736783369904,1.1975333617291,1.19772240461359,1.19793394165128,1.19816701154875,1.19962472135157,1.20149696775578,1.20369288455412,1.20612983727323,1.20873524594483,1.21144918005331,1.21422525227921,1.21702949575432,1.21983812910326,1.22263510436789,1.22540993641019,1.22815602446,1.23086943004162,1.23354802428239,1.23619090726745,1.23879801151885,1.24136984463095,1.24390729508235,1.24641153503498,1.24888390949798,1.25132589923167,1.2537390763238,1.25612507844245,1.2584855879654,1.26082233616601,1.26313707421823,1.26543159239697
34,1.23698155153344,1.30042206973793,1.27966176046857,1.24596906923699,1.22431812782447,1.21064352307401,1.20870761485773,1.2070008659942,1.20550276487054,1.20419196204021,1.20304751510486,1.20204983103065,1.20118124394902,1.20042622221229,1.19977135134599,1.19920515918616,1.19871790484157,1.19830132121037,1.19794839937475,1.19765317884678,1.19741057293032,1.19721622709611,1.19706638787408,1.19695780826343,1.19688765480827,1.19685345580092,1.19685302664947,1.1968844278716,1.19694592741853,1.1970359691116,1.19715314120556,1.19729615437859,1.1974638219568,1.19765504316249,1.19786878891332,1.19810408982421,1.19957302053336,1.20145596630202,1.20366138101182,1.20610624737018,1.20871790999723,1.21143658989127,1.21421616301279,1.2170229440913,1.21983339977302,1.22263167927515,1.22540744503029,1.22815420311807,1.23086809113766,1.2335470342091,1.23619016951722,1.23879745749963,1.24136942458912,1.24390697307008,1.2464112848539,1.2488837122204,1.25132574110395,1.25373894734985,1.25612497135522,1.25848549753557,1.26082225849249,1.26313700650357,1.26543153250262
35,1.2366372361311,1.30003061263815,1.27965962111422,1.24596404182939,1.22429658133391,1.21059150190925,1.2086491633397,1.20693642221114,1.20543294582619,1.20411748861134,1.2029691421695,1.20196829470189,1.20109722888452,1.20034034567716,1.19968415897773,1.19911712749613,1.19862944761503,1.19821279683121,1.19786011846709,1.19756540979824,1.1973235535466,1.19713016151548,1.19698145641426,1.19687416760345,1.1968054489991,1.19677280654011,1.19677404324739,1.19680720672626,1.19687055323341,1.19696251588994,1.19708167298505,1.19722672582445,1.19739647882944,1.19758982269088,1.19780572010009,1.1980431936754,1.1995230392665,1.20141637469466,1.20363099186397,1.20608351039347,1.20870121006111,1.21142446516268,1.21420741032769,1.21701663430913,1.21982884388082,1.22262837858874,1.22540504305617,1.22815244619414,1.23086679873082,1.23354607752676,1.23618945628321,1.23879692135788,1.24136901763406,1.24390666067982,1.24641104179281,1.24888352025094,1.25132558697085,1.25373882141672,1.25612486661432,1.25848540894176,1.26082218228099,1.2631369399725,1.26543147358557
36,1.23630162564584,1.29964876512185,1.27965746368289,1.24595921072263,1.22427585931978,1.21054127184624,1.20859267335837,1.20687408779278,1.20536535826319,1.20404534872867,1.20289318223774,1.20188923255723,1.20101573359903,1.20025702132884,1.19959953777327,1.19903168100658,1.19854357759002,1.19812685796115,1.19777441364122,1.19748020343986,1.19723907600517,1.19704661409685,1.19689901566322,1.1967929887936,1.19672566906356,1.19669454635239,1.19669740951453,1.19673229343909,1.19679744287898,1.19689128042296,1.19701237455096,1.19715941734499,1.19733120446583,1.19752661821442,1.19774461319798,1.19798420421099,1.19947467746816,1.20137810728601,1.20360164822247,1.20606157281771,1.20868510576263,1.21141277609847,1.21419897261228,1.21701055086385,1.21982445030015,1.22262519435591,1.22540272478325,1.22815074958521,1.23086554993011,1.23354515245483,1.23618876603448,1.2387964019858,1.24136861708303,1.24390635732716,1.24641080542487,1.24888333327634,1.251325436601,1.25373869835209,1.25612476409009,1.25848532208541,1.26082210745548,1.2631368745656,1.26543141559853
37,1.23597427279355,1.29927604100102,1.27965528744572,1.24595456280186,1.22425590922154,1.21049272639627,1.20853802990393,1.20681374057868,1.20529987736091,1.20397540977073,1.2028194990799,1.20181250562697,1.2009366171119,1.20017610678767,1.19951734896303,1.19894867601812,1.19846015427652,1.19804336110598,1.1976911419551,1.19739741626366,1.19715699919511,1.19696544495581,1.19681892714337,1.19671413291916,1.19664817982149,1.19661854191269,1.19662299410693,1.19665955790227,1.19672646846692,1.19682213715197,1.19694512362659,1.1970941091757,1.19726788170022,1.19746531524876,1.19768535648024,1.19792701250419,1.19942783984961,1.20134108579429,1.20357328719545,1.20604038582831,1.20866956031298,1.2114014955891,1.21419083019159,1.21700467938981,1.21982020860051,1.2226221189487,1.22540048457638,1.22814910957994,1.2308643420547,1.23354425706129,1.23618809737557,1.23879589837321,1.24136823408018,1.24390606247868,1.2464105753602,1.24888315101019,1.2513252897826,1.253738577998,1.25612466366344,1.25848523687571,1.26082203394565,1.26313681022755,1.26543135316286
38,1.23565476453409,1.29891199090145,1.27965309174357,1.24595008614953,1.22423668310541,1.21044576799012,1.20848512751656,1.20675526847862,1.20523638405308,1.20390754993491,1.20274796754024,1.20173798620771,1.20085974984874,1.2000974711771,1.19943745862997,1.19886798041988,1.198379043883,1.19796217269663,1.19761017060782,1.1973169175845,1.19707719337752,1.19688652548491,1.19674106150094,1.19663747412403,1.19657285700175,1.19654467066798,1.19655067543414,1.19658888307886,1.19665751500727,1.19675497321811,1.19687980701726,1.19703069046231,1.19720640291788,1.19740580865389,1.1976278473511,1.19787151856694,1.19938244030566,1.2013052384929,1.20354585122137,1.20601990479387,1.20865454010423,1.2113905988835,1.21418296505897,1.21699900556834,1.21981611031053,1.22261914674373,1.22539831890675,1.22814752262215,1.23086317248761,1.23354338939677,1.23618744883126,1.23879540938072,1.24136786171931,1.24390577539599,1.2464103509174,1.24888297274644,1.2513251463214,1.2537384602094,1.25612456522486,1.25848515322905,1.26082196168658,1.26313674162097,1.26543129672503
39,1.23534271862839,1.29855619859445,1.27965087597893,1.24594576990818,1.22421813714984,1.21040030702306,1.20843386926994,1.2066985668596,1.20517477022402,1.20384165709901,1.20267847237444,1.20166555668162,1.20078501244734,1.20002099391958,1.19935974542783,1.19878947247759,1.19830012461261,1.19788317440311,1.19753138122018,1.19723858697318,1.19699953899755,1.1968097371755,1.19666530547672,1.19656289644291,1.19649958611088,1.1964728188459,1.19648034403301,1.19652015870695,1.19659047413747,1.19668968225382,1.19681632298606,1.19696906158084,1.19714666905001,1.1973480016539,1.19757199139148,1.19781763039631,1.19933839954417,1.20127049950749,1.20351928749225,1.20600008880966,1.2086400143597,1.21138006331961,1.21417536091684,1.21699352104285,1.21981214635026,1.22261627088863,1.2253962224554,1.22814598601683,1.23086203945543,1.23354254835902,1.23618681979128,1.23879493475099,1.24136750000116,1.24390549626978,1.24641013258806,1.24888279936474,1.25132500575327,1.25373834446634,1.25612446867344,1.25848506682937,1.26082188538311,1.26313667909648,1.26543124109221
40,1.23503778062022,1.29820827777735,1.27964863960907,1.24594160416201,1.22420023119969,1.21035626102321,1.20838416588564,1.20664354377729,1.20511493617475,1.20377762782846,1.2026109072353,1.20159510848615,1.20071229471588,1.1999465636867,1.19928409730818,1.19871303977664,1.19822328398835,1.19780625233983,1.19745465897904,1.19716231321291,1.19692392564808,1.19673497059028,1.19659154874416,1.19649029279744,1.196428260579,1.19640288393966,1.19641189637848,1.19645328379974,1.19652524663241,1.19662616687867,1.19675457522631,1.19690912823839,1.19708858786825,1.19729180497681,1.19751770151555,1.19776526314708,1.19929564456557,1.20123680820416,1.20349354745225,1.20598090030108,1.20862595482926,1.21136986814163,1.21416800259232,1.21698821310372,1.21980830904059,1.22261348593758,1.22539419138211,1.22814449655094,1.23086094049938,1.23354173201464,1.23618620868956,1.23879447320807,1.24136714632354,1.24390522422336,1.24640991948972,1.24888262981569,1.25132486859765,1.2537382315712,1.25612437360048,1.25848498053189,1.26082181528174,1.26313661749727,1.26543118622893
41,1.23473962118107,1.29786786923862,1.27964638213995,1.24593757983417,1.22418292837824,1.21031355392491,1.20833593495872,1.20659010995634,1.20505678977832,1.20371536650697,1.2025451737846,1.20152654121167,1.20064149472032,1.19987407747999,1.1992104105965,1.19863857829698,1.19814841792797,1.19773130127116,1.19737990357461,1.19708799338508,1.19685025116169,1.19666212245089,1.1965196910712,1.19641956263803,1.19635878430594,1.19633476865397,1.19634523750349,1.1963881649457,1.19646174071864,1.1965643370345,1.19669447546745,1.19685080401969,1.19703207652736,1.19723713529568,1.19746489723617,1.19771433841438,1.1992541079645,1.20120410861342,1.20346858636,1.20596230467796,1.20861233553113,1.21135999422372,1.21416087625251,1.21698307181839,1.21980459128212,1.22261078682693,1.22539222207889,1.22814305165734,1.23085987380714,1.23354093910086,1.23618561466231,1.23879402414484,1.24136680332029,1.24390495891328,1.24640971137427,1.24888246403243,1.25132473428779,1.25373812084974,1.25612427560452,1.25848490126139,1.26082174601517,1.26313655658859,1.26543113184266
42,1.23444793376665,1.29753463835295,1.27964410312107,1.24593368859756,1.22416619480332,1.21027211543162,1.20828910027843,1.20653818418993,1.20500024573808,1.20365478457313,1.20248118091284,1.20145976180862,1.20057251798241,1.19980343982249,1.19913858918039,1.19856599159966,1.19807542993079,1.19765822751795,1.19730701745732,1.19701553049709,1.19677842081257,1.19659110285506,1.19644963953292,1.19635061620637,1.19629106577692,1.19626838360062,1.19628027789629,1.19632471426982,1.19639987134947,1.19650410927255,1.19663594192594,1.19679400886938,1.19697705593694,1.19718391779284,1.19741350401916,1.19766478360295,1.19921372738217,1.20117234914511,1.20344436290545,1.20594427003215,1.20859913250957,1.21135042396715,1.21415396914866,1.21697808802673,1.21980098651791,1.22260816886788,1.22539031119297,1.22814164893779,1.23085883765517,1.23354016837279,1.23618503680362,1.23879358690742,1.24136646900988,1.24390470002657,1.24640950803663,1.24888230179973,1.25132459779306,1.25373800708371,1.25612418413237,1.2584848231792,1.26082167822205,1.26313649683816,1.26543107857949
43,1.23416243254203,1.29720827286166,1.27964180214091,1.24592992279684,1.22414999905578,1.21023188045554,1.20824359123007,1.20648769118862,1.20494522493423,1.20359579984751,1.20241884405145,1.20139468388851,1.20050527677258,1.19973456204627,1.19906854379364,1.19849519010948,1.19800423036052,1.19758694027922,1.19723591148425,1.19694483902297,1.19670834661256,1.19652182262088,1.19638130781987,1.196283368419,1.19622502078969,1.19620364576945,1.19621693878286,1.19626285397959,1.19633955956602,1.19644540612505,1.19657889868792,1.19673866848622,1.19692345346309,1.19713208075165,1.19736345192665,1.19761653137118,1.19917444501991,1.20114148186905,1.20342083887315,1.20592676687221,1.2085863236422,1.2113411411239,1.21414726951184,1.21697325327083,1.21979748869069,1.22260562772465,1.22538845561569,1.22814028615775,1.23085783043444,1.23353941866968,1.23618447427894,1.23879316089493,1.24136614294381,1.24390444723262,1.24640930922995,1.24888213817504,1.25132446857892,1.25373790019463,1.25612409412634,1.25848474620852,1.26082161126453,1.26313643782951,1.26543102590069
44,1.23388285053911,1.29688848089959,1.27963947882297,1.24592627538023,1.22413431229828,1.210192788623,1.2081993407777,1.20643856102493,1.20489165384638,1.20353833593797,1.20235808456473,1.20133122710578,1.20043968948453,1.19966736166201,1.19900019138294,1.19842609048039,1.19793473581089,1.19751735628938,1.19716650270571,1.19687583493923,1.19663994668844,1.19645420060385,1.19631461562635,1.19621773907363,1.19616057100735,1.19614047793765,1.19615514266139,1.19620250801995,1.19628073193207,1.19638815554958,1.19652327516339,1.19668471378744,1.19687120158139,1.19708155825344,1.1973146782591,1.19756951913974,1.1991362072097,1.20111146238476,1.20339797884547,1.20590976788936,1.20857388845793,1.21133213066549,1.21414076645885,1.21696855972934,1.21979409219723,1.22260315938429,1.22538665246949,1.22813896124944,1.23085685065666,1.23353868891786,1.23618392630832,1.23879274554054,1.2413658247147,1.24390420023711,1.24640911001843,1.24888198243698,1.25132434181308,1.25373779517758,1.2561240055914,1.25848467039526,1.26082154523301,1.26313637956873,1.26543097383157
45,1.23360893801579,1.29657498923648,1.27963713282228,1.24592273983959,1.2241191077714,1.21015478383687,1.20815629093505,1.20639072864123,1.20483946404177,1.20348232171231,1.20229882921057,1.20126931660959,1.20037568008055,1.19960176179989,1.19893345454605,1.19835861288312,1.19786686725485,1.19744939793865,1.19709871380578,1.19680844136843,1.19657314120705,1.19638816117459,1.19624948728357,1.1961536542039,1.19609764342757,1.19607880814568,1.19609481868792,1.19614360673018,1.19622332003299,1.19633229043634,1.19646900560229,1.19663208043391,1.19682023741139,1.19703228892078,1.1972671224012,1.19752368865623,1.1990989640337,1.20108224943583,1.20337574994036,1.20589324775137,1.20856180683159,1.21132337866676,1.2141344499079,1.21696400015719,1.21979078990263,1.22260076012919,1.22538489908804,1.22813767229673,1.23085589694054,1.23353797811941,1.23618339217029,1.23879234032127,1.24136551394288,1.24390395410951,1.24640891951045,1.24888182979526,1.25132421740084,1.25373769197197,1.25612391847039,1.25848459569977,1.26082148010359,1.26313632204275,1.26543092237116
46,1.23334046099076,1.29626754170524,1.27963476382234,1.24591931015757,1.22410436066514,1.21011781392068,1.20811438350801,1.20634413341249,1.20478859172037,1.20342769082956,1.20224100966101,1.20120888255622,1.20031317759804,1.19953769071219,1.198868261032,1.19829268906399,1.19780055468018,1.19738299278525,1.19703247261299,1.19674258654051,1.19650786591894,1.19632363373137,1.19618585456673,1.1960910447663,1.19603616991047,1.19601856923123,1.19603590074608,1.19608608510318,1.19616726003003,1.19627774816998,1.19641602866409,1.19658070840793,1.19677050230287,1.19698421551232,1.19722072855864,1.19747898484038,1.19906266898645,1.2010538033807,1.2033541215787,1.20587718291958,1.20855006342562,1.21131487220268,1.21412831050362,1.21695956783198,1.21978758084728,1.22259842650947,1.22538319299658,1.22813641752021,1.23085496800388,1.23353728534804,1.23618287119415,1.23879194474975,1.24136520664266,1.24390371776702,1.24640873292939,1.24888168011013,1.25132409523885,1.25373759050104,1.25612383270628,1.25848452207993,1.26082141584241,1.26313626523091,1.26543087150702
47,1.2330771999318,1.29596589779367,1.2796323715324,1.245915980761,1.2240900479389,1.21008183013097,1.20807356546561,1.20629871878079,1.20473897733214,1.20337438134698,1.20218456207464,1.20114985967434,1.20025211570947,1.19947508134996,1.19880454331064,1.19822824912631,1.19773572896793,1.19731807305506,1.19696771161911,1.19667820336009,1.19644405074936,1.19626055226525,1.19612365133885,1.19602984621407,1.1959760867575,1.19595969841349,1.19597832703699,1.19602988238164,1.1961124922629,1.19622447023894,1.19636428703418,1.19653054163683,1.19672194146696,1.19693728456176,1.19717544462338,1.19743535850545,1.19902727866843,1.20102609080384,1.2033330652776,1.20586155148648,1.20853864071409,1.21130659925672,1.21412233955034,1.21695525650589,1.21978445864295,1.22259615531823,1.22538153189419,1.22813519526538,1.23085406265402,1.23353660974183,1.23618236275531,1.23879155388198,1.24136490963181,1.24390348644522,1.24640855009781,1.24888153325054,1.2513239752297,1.25373749069187,1.25612374814305,1.25848444936257,1.26082135224772,1.26313620888446,1.26543082092962
48,1.23281894857851,1.29566983137955,1.27962994670456,1.24591274647946,1.22407614816146,1.21004678708293,1.20803378740195,1.20625443180245,1.20469056511688,1.20332233523544,1.20212942672643,1.20109218688795,1.20019243233915,1.1994138708727,1.1987422381028,1.19816522956459,1.19767232656701,1.19725457533895,1.19690436764561,1.19661522897337,1.19638163333132,1.19619885497117,1.19606281644284,1.19596999811614,1.19591733433485,1.1959021369214,1.19592203971282,1.19597494169703,1.19605896089449,1.19617240188615,1.19631372708087,1.19648152765657,1.19667450364653,1.19689144605523,1.19713122185819,1.19739276145866,1.19899275254196,1.20099907718622,1.20331255446618,1.20584633303118,1.2085275234284,1.21129854863936,1.21411652895276,1.21695106036291,1.21978141912253,1.22259394356976,1.22537991363833,1.22813400399125,1.23085317977979,1.23353595049754,1.23618186187097,1.2387911761568,1.24136461908478,1.24390325991851,1.24640837084983,1.24888138909379,1.25132385725707,1.2537373924433,1.25612366498916,1.25848437784763,1.26082128973212,1.26313615355737,1.26543077137094
49,1.23256551288336,1.29537912959188,1.27962750667761,1.24590960250868,1.22406264136827,1.2100126423009,1.2079950030467,1.20621122301083,1.20464330293946,1.20327149823464,1.20207554761191,1.20103580691444,1.20013406926328,1.19935400045855,1.19868128614964,1.19810357088436,1.19761028791953,1.19719244015888,1.19684238143684,1.19655360255176,1.19632055519415,1.19613848158884,1.1960032925385,1.19591144381548,1.19585985673594,1.1958458296605,1.19586698454823,1.19592120974594,1.19600661359247,1.19612149179609,1.19626429854813,1.19643361731031,1.19662814082085,1.19684665314221,1.19708801461409,1.19735114928107,1.19895905264965,1.20097273118709,1.20329256423606,1.20583150849023,1.20851669732345,1.21129070991542,1.21411087116299,1.21694697398072,1.21977845840085,1.22259178848008,1.22537833623087,1.22813284226037,1.23085231834449,1.2335353025624,1.23618137668426,1.23879080680734,1.24136433471354,1.24390303797596,1.24640819502433,1.24888124751733,1.25132374129992,1.253737295775,1.25612358300215,1.25848430724467,1.26082122793577,1.26313609879605,1.26543072225245
50,1.23231671005682,1.29509359178329,1.27962504261281,1.24590654437771,1.22404950893415,1.20997935602043,1.20795716905501,1.20616904600646,1.20459714188371,1.20322181940404,1.20202287223128,1.20098066604692,1.20007697187807,1.19929541484921,1.198621631787,1.19804321720552,1.19754955709325,1.19713161166799,1.19678169735786,1.19649327259771,1.19626076141502,1.19607938231486,1.1959450257922,1.19585413012223,1.19580360147806,1.19579072491357,1.19581311064521,1.19586863649942,1.19595540124327,1.19607169181369,1.1962159542796,1.19638676447779,1.19658280794044,1.19680286187608,1.19704578007669,1.19731048031721,1.19892614343005,1.20094702353972,1.20327307157118,1.20581706004214,1.20850614908997,1.21128307333907,1.2141053591333,1.21694299229666,1.21977557285031,1.22258968744943,1.2253767978056,1.22813170872995,1.23085147737942,1.23353467373196,1.2361809024006,1.2387904454641,1.24136405624726,1.24390282041843,1.2464080224914,1.24888110843342,1.25132362722899,1.25373720056251,1.25612350215348,1.25848423754144,1.26082116686151,1.2631360446186,1.26543067360925
51,1.23207236770466,1.29481302860102,1.27962255451066,1.24590356791977,1.22403673345913,1.20994688955686,1.20792024476932,1.20612785724336,1.20455203601949,1.20317325089926,1.20197135123976,1.20092671379225,1.20002108884189,1.19923806210583,1.19856322269024,1.19798411476175,1.19749008150605,1.19707203736549,1.19672226310485,1.19643418520965,1.19620220038748,1.19602150369673,1.19588796559754,1.19579800703724,1.19574851922938,1.19573677407106,1.19576037016735,1.19581717494126,1.19590527769461,1.19602295669131,1.19616864997013,1.19634092583164,1.19653846268842,1.19676003098058,1.19700447803813,1.19727071545264,1.19889399050892,1.20092192680344,1.20325405457641,1.20580297092458,1.20849586627585,1.21127562979563,1.21409998627372,1.21693911057723,1.21977275907901,1.22258763804672,1.22537529661708,1.22813060214385,1.23085065167618,1.23353405915687,1.2361804385443,1.23879009178061,1.24136378343709,1.24390260706543,1.24640785310288,1.24888097172561,1.25132351497364,1.25373710675528,1.25612342240813,1.25848416871556,1.26082110649774,1.26313599102338,1.26543062544967
52,1.23183232304679,1.29453726114494,1.27962004166273,1.24590066924609,1.2240242986661,1.20991521072642,1.20788419200469,1.20608761580099,1.20450794216817,1.20312574772747,1.20192093822194,1.20087390264707,1.19996637184557,1.19918189335107,1.19850600961472,1.19792621657102,1.19743181166497,1.19701366783368,1.19666402944446,1.19637629143564,1.19614482352578,1.19596479760324,1.1958320643288,1.19574302750267,1.19569456356237,1.19568393138789,1.19570871810005,1.19576678083185,1.19585619832048,1.1959752438604,1.19612234394174,1.19629606061768,1.19649506526524,1.19671812163929,1.19696407069093,1.19723181791244,1.19886256453993,1.20089741521705,1.20323549285058,1.20578922569655,1.20848583708896,1.21126837053001,1.2140947460951,1.21693532415795,1.21977001363714,1.22258563769119,1.2253738307057,1.22812951680658,1.23084984853906,1.23353345822248,1.23617998466934,1.23878974543341,1.24136351604342,1.24390239773973,1.24640768673208,1.24888083730062,1.25132340446507,1.25373701430255,1.25612334372888,1.25848410074035,1.26082104682597,1.26313593799896,1.26543057776861
53,1.23159641734211,1.29426612020333,1.27961750423644,1.24589784472251,1.22401218930875,1.20988428525635,1.20784897485514,1.20604828318192,1.20446481968942,1.20307926752629,1.20187158946461,1.20082218786476,1.19991277537684,1.1991268625324,1.19844994615782,1.19786947481901,1.1973747009293,1.19695645650147,1.19660694997922,1.19631954514322,1.1960885850437,1.19590921866633,1.19577727561847,1.19568914718176,1.19564169073104,1.19563215376353,1.19565811203371,1.19571741113064,1.1958081246123,1.19592851322515,1.196076996941,1.1962521304563,1.19645257819421,1.19667709730517,1.19692452244231,1.19719375308021,1.19883183503438,1.20087346456664,1.20321736723122,1.20577580953621,1.20847605090349,1.21126128808992,1.21408963361976,1.21693162948113,1.21976733425506,1.22258368503987,1.22537239534099,1.22812846076705,1.2308490640091,1.23353287035239,1.23617954035746,1.23878940611699,1.24136325384412,1.24390219227856,1.24640752325919,1.24888070506984,1.25132329563729,1.2537369231549,1.25612326607849,1.25848403358776,1.26082098782509,1.26313588552976,1.26543053055498
54,1.23136451453858,1.2939994455576,1.27961493297349,1.24589509094835,1.2240003910886,1.20985408221274,1.20781455951788,1.20600982312474,1.20442263028749,1.20303377036415,1.20182326375234,1.20077152724726,1.1998602565093,1.19907292620908,1.19839498854523,1.1978138455511,1.19731870529587,1.19690035943045,1.19655098093426,1.19626390280764,1.19603344174382,1.19585472408437,1.19572356005283,1.19563632423123,1.19558985947357,1.19558140054269,1.19560851196733,1.19566902924624,1.19576101680153,1.19588272697561,1.19603257195561,1.19620909916256,1.19641096614527,1.19663692352836,1.19688579974571,1.19715648833355,1.19880177421969,1.20085005206585,1.20319965969675,1.20576270868268,1.20846649722173,1.21125437457321,1.21408464287631,1.2169280222123,1.21976471761564,1.22258177557539,1.22537099643947,1.22812742826129,1.23084829630345,1.23353229500463,1.23617910521507,1.23878907354503,1.24136299663016,1.24390199052856,1.24640736257113,1.24888057494936,1.25132318842759,1.25373683326502,1.25612318942091,1.25848396723007,1.26082092947354,1.26313583359888,1.26543048379552
55,1.23113647199994,1.2937370853488,1.27961234553565,1.24589240473746,1.22398889058004,1.20982457245864,1.2077809141352,1.20597220143666,1.20438133783619,1.20298921855919,1.20177592218184,1.20072188095608,1.19980877471094,1.199020043359,1.19834109543651,1.19775928725447,1.19726378320437,1.19684533512063,1.19649607908359,1.19620932331972,1.19597935205973,1.1958012734325,1.1956708761881,1.1955845191538,1.19553903080908,1.19553163333811,1.19555988013016,1.19562159671468,1.19571483846861,1.19583784941798,1.19598903404787,1.19616693258302,1.1963701957752,1.19659756779983,1.19684787094808,1.19711999289505,1.19877235591157,1.20082715624753,1.20318235328625,1.20574991015107,1.20845716639424,1.21124762295271,1.21407976872132,1.2169244987231,1.21976216113947,1.22257990729395,1.22536962877522,1.22812641828607,1.23084754506321,1.2335317316696,1.2361786788721,1.23878874744799,1.24136274420461,1.24390179234515,1.2464072045612,1.24888044685989,1.25132308277656,1.2537367445879,1.25612311372164,1.25848390164058,1.26082087175023,1.2631357821895,1.26543043747658
56,1.23091215892689,1.29347889549932,1.27960973302957,1.24588978310115,1.22397767516261,1.20979572851981,1.20774800864956,1.20593538584087,1.20434090821955,1.20294557651467,1.20172952799322,1.20067321134047,1.19975829167007,1.19896817520311,1.19828822774861,1.19770576068094,1.19720989536028,1.19679134433373,1.19644220907084,1.19615576781063,1.19592627894469,1.19574882849004,1.19561918621472,1.19553369460163,1.19548916790371,1.19548281585029,1.19551218081966,1.19557507845776,1.19566955519306,1.19579384682043,1.19594635020336,1.19612559844732,1.19633023558236,1.19655899940925,1.19681070615104,1.19708423769688,1.19874355539646,1.20080475686526,1.20316543200861,1.20573740172536,1.2084480493325,1.21124102656927,1.21407500643532,1.21692105558469,1.21975966237923,1.22257808445813,1.22536829107195,1.22812543004632,1.23084680962581,1.23353117986736,1.23617826097995,1.23878842757184,1.24136249638181,1.24390159759196,1.24640704912868,1.24888032072653,1.25132297862798,1.25373665708092,1.25612303894792,1.2584838367938,1.26082081463496,1.26313573128535,1.2654303915848
57,1.23069145117057,1.2932247391841,1.27960709531292,1.24588722323261,1.22396673295955,1.20976752446271,1.20771581467257,1.20589934583765,1.20430130918673,1.20290281056904,1.20168404641642,1.20062548278095,1.19970877113677,1.19891728504534,1.19823634849499,1.19765322868565,1.19715700457358,1.19673834993222,1.19638933203992,1.19610319949238,1.19587418512663,1.19569735308422,1.19556845434967,1.19548381522964,1.19544023456013,1.1954349137421,1.19546538025373,1.1955294412864,1.19562513441044,1.19575068727262,1.1959044891931,1.1960850662331,1.19629105577439,1.19652118931569,1.19677427708458,1.19704919525746,1.19871534932469,1.20078283480386,1.20314888077946,1.20572517188656,1.20843913746982,1.21123457918885,1.21407035150294,1.21691768955891,1.21975721510534,1.22257630149642,1.22536698217223,1.22812446267772,1.23084608936678,1.23353063914549,1.23617785120984,1.23878811367697,1.24136225298659,1.24390140614023,1.24640689617842,1.24888019647845,1.25132287592864,1.25373657070367,1.25612296506867,1.25848377266553,1.26082075810846,1.26313568087089,1.26543034610741
58,1.23047423078489,1.29297448634627,1.2796044322658,1.24588472249301,1.22395605278204,1.20973993578332,1.20768430536538,1.20586405257787,1.20426251021982,1.20286088885928,1.20163944453097,1.20057866154653,1.19966017877817,1.19886733812665,1.19818542263874,1.19760165607986,1.19710507355776,1.19668631673235,1.1963374129371,1.19605158351233,1.19582303601689,1.1956468129465,1.19551864669499,1.19543484612781,1.1953922004119,1.19538789448938,1.195419446436,1.19548465376796,1.19558154528196,1.19570834055751,1.19586342144775,1.19604530704277,1.19625262814755,1.19648411002957,1.19673855699176,1.19701483956911,1.19868771561303,1.20076137199802,1.20313268468419,1.20571320976206,1.20843042271853,1.21122827490837,1.21406579966322,1.21691439758836,1.21975482486678,1.22257455684875,1.22536570094452,1.22812351536485,1.23084538369688,1.23353010907695,1.23617744925143,1.2387878055371,1.24136201385342,1.2439012178683,1.24640674562044,1.24888007404863,1.25132277462819,1.25373648541787,1.25612289205438,1.25848370923275,1.26082070215242,1.26313563093132,1.2654303010322
59,1.23026038561617,1.29272800929364,1.2796017437774,1.24588227839866,1.22394562407848,1.20971293930577,1.20765345532953,1.20582947874732,1.20422448241306,1.20281978119602,1.20159569113795,1.20053271566419,1.19961248204622,1.19881830149155,1.19813541579407,1.19755100949639,1.19705407298331,1.19663521136987,1.19628641852115,1.19600088682007,1.19577279881587,1.19559717558161,1.19546973110783,1.19538675838985,1.19534503282618,1.19534172725048,1.19537434903265,1.19544068610498,1.19553875857522,1.19566677803435,1.19582311894282,1.19600629349089,1.1962149259765,1.19644773550494,1.19670352052353,1.1969811459953,1.19866063335577,1.20074035135764,1.20311683159037,1.2057015050794,1.20842189744555,1.21122210815399,1.21406134689257,1.21691117297706,1.21975248576796,1.222572849029,1.22536444632053,1.22812258733774,1.23084469205957,1.23352958886596,1.23617705445498,1.23878750261776,1.24136177853997,1.24390103240805,1.2464065971413,1.24887995300497,1.2513226746789,1.2537364011872,1.25612281987707,1.25848364647362,1.26082064674944,1.26313558145256,1.26543025634755
60,1.23004980566881,1.29248519806072,1.27959902974539,1.24587988860955,1.22393543688832,1.2096865130897,1.20762324050721,1.20579559846105,1.20418719836235,1.20277945894921,1.2015527566428,1.20048761479949,1.19956565005662,1.19877014386593,1.19808629875177,1.19750125726637,1.19700396911285,1.19658500217696,1.19623631724086,1.19595107804563,1.19572344239209,1.19554841014757,1.19542167708165,1.19533952047497,1.19529870208657,1.19529638276003,1.19533005925962,1.19539751002423,1.19549674655508,1.19562597253136,1.19578355509339,1.19596799960109,1.19617792391344,1.19641204104083,1.19666914364231,1.19694809117679,1.19863408274342,1.20071975670012,1.20310130808782,1.20569004812352,1.20841355443257,1.211216073658,1.21405698920116,1.21690802031819,1.21975019563506,1.22257117642303,1.22536321709592,1.22812167769368,1.23084401377547,1.23352907917663,1.2361766675013,1.23878720558569,1.24136154767822,1.24390085028354,1.2464064511854,1.24887983419109,1.25132257578019,1.25373631765544,1.25612274810531,1.25848358436735,1.26082059188293,1.26313553242118,1.26543021204237
61,1.22984239572719,1.29224593647856,1.27959629007527,1.24587755091877,1.22392547434672,1.20966063634545,1.20759363808989,1.20576238716661,1.20415063206403,1.20273989494347,1.2015106129478,1.20044333014706,1.19951965347784,1.19872283554499,1.19803804040774,1.1974523693063,1.19695473182211,1.19653565906953,1.19618707912266,1.19590212738778,1.19567493717125,1.19550048734582,1.19537445564229,1.19529310376209,1.19525317996835,1.19525183322166,1.1952865497793,1.19535509867492,1.19545548288359,1.19558589824761,1.19574470465783,1.19593040071171,1.19614159789563,1.19637700319087,1.19663540353387,1.19691565294554,1.19860804498825,1.20069957268804,1.20308610210656,1.20567882969869,1.20840538684987,1.21121016636491,1.21405272346721,1.21690493384045,1.21974795317521,1.22256953824915,1.22536201282785,1.2281207862088,1.23084334875788,1.23352857882725,1.23617628736241,1.23878691353251,1.24136132044866,1.24390067094243,1.24640630738547,1.24887971694352,1.25132247852103,1.25373623558764,1.25612267771914,1.25848352263367,1.26082053721221,1.26313548342005,1.26543016810606
62,1.22963805567766,1.29201011746473,1.27959352467988,1.24587526324295,1.22391574221784,1.20963528935642,1.20756462643457,1.20572982155516,1.20411475882201,1.2027010633619,1.20146923335358,1.20039983433008,1.19947446442922,1.19867634829043,1.19799061228945,1.19740431701427,1.19690633246944,1.19648715344354,1.19613867566743,1.19585400651135,1.19562725503438,1.19545337932226,1.19532803922638,1.19524748104652,1.19520843964468,1.19520805221166,1.19524379460553,1.19531342653529,1.19541494252822,1.19554653066273,1.19570654364926,1.19589347338901,1.19610592506061,1.19634259968038,1.19660227852628,1.19688381024575,1.19858250225602,1.20067978477223,1.20307120220448,1.20566784109233,1.20839738822945,1.21120438174129,1.21404854220534,1.21690191071081,1.21974575622444,1.2225679328392,1.22536083221955,1.22811991186784,1.23084269620748,1.23352808757668,1.23617591388245,1.23878662639503,1.24136109690516,1.24390049433016,1.24640616562982,1.24887960123667,1.25132238242903,1.25373615440627,1.25612260800407,1.25848346190766,1.26082048353904,1.26313543545505,1.26543012428792
63,1.22943669305791,1.29177763881198,1.27959073347886,1.24587302361346,1.22390622485932,1.20961045340771,1.20753618498688,1.20569787947999,1.20407955516238,1.20266293965784,1.20142859246835,1.20035710133063,1.19943005638726,1.19863065523583,1.19794398730567,1.19735707317454,1.19685874380039,1.19643945624971,1.19609107975566,1.1958066877306,1.1955803692249,1.19540705956498,1.19528240162522,1.1952026264283,1.19516445557331,1.1951650145942,1.1952017690164,1.19527246932672,1.19537510167733,1.19550784645404,1.19566904925425,1.19585719534757,1.1960708836682,1.19630880933014,1.19656974801554,1.1968525430613,1.19855743760327,1.20066037913941,1.20305659752534,1.20565707404259,1.2083895524293,1.21119871518507,1.2140444496244,1.21689894864432,1.21974360315885,1.2225663590422,1.22535967445719,1.22811905409709,1.23084205571984,1.23352760514316,1.23617554689322,1.23878634405141,1.24136087690774,1.24390032036421,1.2464060258633,1.24887948703702,1.25132228748871,1.25373607411186,1.25612253897601,1.2584834017132,1.26082043027521,1.26313538779733,1.26543008119142
64,1.22923821959006,1.29154840289334,1.27958791639818,1.24587083016842,1.22389691428776,1.20958611072064,1.20750829421035,1.20566653991418,1.20404499877935,1.20262550049334,1.20138866613736,1.2003151063087,1.19938640409932,1.19858573079955,1.19789813965884,1.19731061186967,1.19681193985978,1.19639254520647,1.19604426556002,1.19576014680856,1.19553425425895,1.19536150283455,1.19523751787332,1.195158515261,1.19512120206903,1.1951226964232,1.19516044947622,1.19523220393682,1.19533593766419,1.19546982342021,1.19563219975793,1.19582154537688,1.19603645302868,1.19627561198625,1.19653779239706,1.19682183234903,1.19853283491965,1.20064134266413,1.20304227776011,1.20564652070841,1.20838187366219,1.211193162466,1.21404043901105,1.21689604546138,1.21974149242241,1.22256481574757,1.2253585387474,1.22811821232795,1.23084142689035,1.23352713124274,1.23617518616912,1.23878606633185,1.24136066034139,1.24390014896264,1.24640588802875,1.24887937430647,1.25132219367719,1.25373599469432,1.25612247063638,1.25848334206281,1.26082037744491,1.26313534048394,1.26543003836558
65,1.22904255092963,1.29132231638933,1.27958507337023,1.24586868114537,1.22388780293288,1.20956224439236,1.20748093555256,1.20563578273917,1.20401106835468,1.20258872357385,1.20134943130695,1.2002738256758,1.19934348350413,1.19854155060442,1.19785304476429,1.19726490839949,1.19676589591067,1.1963463937977,1.19599820846476,1.19571435855227,1.19548888585162,1.19531668507318,1.19519336417801,1.19511512405017,1.19507865872049,1.1950810748947,1.19511981355101,1.19519260833695,1.19529742888785,1.19543244041141,1.19559597447483,1.19578650327259,1.19600261343671,1.19624298845547,1.19650639300262,1.19679165997718,1.19850867887484,1.2006226628645,1.20302823199907,1.20563617364195,1.20837434638482,1.21118771571678,1.21403650746899,1.21689319908597,1.21973942252932,1.22256330189105,1.22535742432578,1.22811738601214,1.2308408093232,1.23352666558085,1.23617483149894,1.23878579308305,1.24136044709497,1.24389998004516,1.24640575206876,1.24887926300476,1.25132210096744,1.25373591613722,1.2561224029777,1.2584832829573,1.26082032505659,1.26313529353147,1.26542999583599
66,1.22884960376365,1.29109929003541,1.27958220433206,1.24586657487452,1.22387888361031,1.20953883836924,1.20745409124944,1.20560558891508,1.20397774367471,1.20255258773856,1.20131086605883,1.20023323691504,1.19930127165833,1.19849809140358,1.19780867917561,1.19721993920628,1.19672058835947,1.19630097845905,1.19595288499133,1.19566929961836,1.19544424083902,1.19527258333537,1.19514991784728,1.19507243038908,1.19503680206422,1.19504012825673,1.1950798398576,1.19515366153094,1.1952595547594,1.19539567616681,1.19556035368594,1.19575204977912,1.19596934610815,1.19621092044183,1.1964755320361,1.19676200865949,1.19848495482007,1.20060432786144,1.20301445313984,1.20562602576271,1.20836696535162,1.21118237895709,1.21403265224388,1.21689040754211,1.2197373920636,1.22256181645661,1.22535632855136,1.22811657462252,1.23084020263443,1.23352620788017,1.23617448268116,1.23878552415832,1.24136023706167,1.24389981353397,1.2464056179267,1.24887915309105,1.25132200933044,1.25373583842068,1.25612233598736,1.25848322439016,1.26082027310933,1.26313524694436,1.26542995361903
67,1.22865930623286,1.29087923838774,1.2795793092262,1.24586450977258,1.2238701494965,1.20951587727013,1.20742774449268,1.20557594024878,1.20394500542376,1.20251707276344,1.20127294945614,1.2001933185428,1.19925974666859,1.19845533101198,1.19776502051573,1.19717568180562,1.19667599468683,1.19625627669863,1.19590827272957,1.19562494772618,1.19540029711172,1.19522917572058,1.19510715722314,1.19503041289277,1.194995611016,1.19499983575111,1.19504050798714,1.19511534348077,1.19522229563149,1.19535951363346,1.19552531857866,1.19571816652441,1.19593663313325,1.19617939050855,1.19644519254701,1.1967328619445,1.19846164896996,1.20058632634102,1.20300093120917,1.2056160703366,1.20835972557341,1.21117714434618,1.21402887071566,1.21688766894936,1.21973539967695,1.22256035847667,1.22535525452811,1.22811577765538,1.23083960646001,1.23352575787658,1.23617413952364,1.23878525941753,1.24136003013905,1.24389964935395,1.24640548554746,1.24887904452483,1.25132191873655,1.25373576152318,1.25612226965014,1.25848316635115,1.26082022159868,1.26313520072205,1.26542991169842
68,1.22847158183551,1.29066207960572,1.27957638800021,1.24586248433705,1.22386159415846,1.20949334654485,1.20740187921401,1.20554681938828,1.20391283517637,1.20248215935181,1.2012356615135,1.2001540500469,1.1992188876288,1.19841324824291,1.19772204741309,1.19713211472237,1.19663209338352,1.19621226703304,1.19586435027405,1.19558128159391,1.19535703355185,1.19518644131091,1.19506506162,1.19498905113709,1.19495506543971,1.19496017755405,1.1950017984505,1.19507763505255,1.19518563274457,1.19532393335418,1.19549085119306,1.195684835971,1.19590445740787,1.19614838199753,1.19641535833327,1.19670420409433,1.19843874795824,1.20056864745775,1.20298765775828,1.20560630095,1.20835262230163,1.21117200864047,1.21402516039085,1.21688498151788,1.21973344408593,1.22255892702944,1.22535419970275,1.22811499463181,1.23083902045328,1.23352531531839,1.23617380184314,1.23878499872685,1.2413598262291,1.24389948743301,1.2464053548778,1.24887893726663,1.25132182915637,1.25373568542279,1.25612220370864,1.25848310853913,1.26082017016376,1.26313515443638,1.26542987008439
69,1.2282863597992,1.29044773524993,1.2795734406062,1.24586049714102,1.22385321130596,1.20947123227852,1.20737648008411,1.20551820977231,1.20388121533971,1.20244782907424,1.20119898314116,1.20011541182978,1.19917867457996,1.19837182284925,1.19767973944249,1.19708921743133,1.19658886389111,1.1961689289282,1.19582109716502,1.19553828088001,1.19531442997491,1.1951443601134,1.19502361126741,1.19494832560218,1.19491514609153,1.19492113472113,1.19496369262404,1.19504051796322,1.195149548174,1.19528891778027,1.19545693437143,1.19565204136663,1.19587280259835,1.19611787900565,1.19638601393301,1.19667602009783,1.19841623851425,1.20055128107027,1.20297462473369,1.20559671149349,1.2083456510135,1.21116696854704,1.21402151889514,1.21688234354336,1.21973152406802,1.22255752123688,1.22535316344334,1.22811422509557,1.23083844428388,1.23352487996569,1.23617346946485,1.23878474195853,1.24135962523815,1.24389932770211,1.24640522586656,1.24887883127829,1.25132174047571,1.25373560999631,1.25612213874903,1.25848305166616,1.26082011967229,1.26313510913467,1.26542982853094
70,1.22810357227883,1.2902361300941,1.2795704670006,1.24585854682835,1.2238449951379,1.20944952119368,1.20735153246866,1.20549009558372,1.20385012910522,1.20241406431786,1.20116289609095,1.20007738515357,1.19913908837989,1.19833103546891,1.19763807707022,1.19704697030223,1.19654628654693,1.19612624274434,1.19577849383373,1.19549592612885,1.19527246707564,1.19510291300637,1.19498278725707,1.19490821762001,1.19487583456823,1.19488268913625,1.19492617269937,1.19500397473078,1.19511402353722,1.19525445013427,1.19542355171142,1.19561976669777,1.19584165309248,1.19608786633342,1.19635714456987,1.19664829561111,1.19839410978275,1.20053421727384,1.2029618244531,1.20558729614216,1.20833880379723,1.21116202092809,1.21401794396628,1.21687975340183,1.21972963845846,1.22255614026245,1.22535214514759,1.22811346861177,1.23083787763684,1.23352445158964,1.23617314222201,1.23878448899059,1.24135942707665,1.24389917009514,1.24640509846463,1.24887872648726,1.25132165288152,1.25373553547813,1.25612207433586,1.25848299521315,1.26082006950053,1.26313506406817,1.26542978763942
71,1.22792315419592,1.29002719195007,1.27956746714387,1.24585663210917,1.22383693692677,1.2094282006126,1.20732702238763,1.20546246170569,1.20381956040315,1.20238084823907,1.20112738290788,1.20003995209221,1.19910011077445,1.19829086650018,1.19759704160313,1.19700535454861,1.19650434253292,1.19608418968498,1.1957365215515,1.19545419872012,1.19523112637788,1.19506208168972,1.19494257149355,1.19486870932572,1.194837113259,1.19484482213077,1.19488922163651,1.19496798862896,1.19507904492038,1.1952205143657,1.19539068752258,1.19558799664711,1.19581099395813,1.19605832944487,1.1963287361137,1.19662101691836,1.19837234959066,1.20051744671305,1.20294924958349,1.20557804933858,1.20833208367954,1.2111571627916,1.21401443344731,1.21687720954497,1.21972778614662,1.22255478330841,1.22535114424106,1.22811272476557,1.23083732021162,1.23352402997184,1.23617281995538,1.23878423970651,1.24135923165903,1.2438990145489,1.24640497261025,1.24887862294879,1.25132156619673,1.25373546166779,1.25612201047902,1.25848293919996,1.26082001967831,1.26313501927806,1.2654297469636
72,1.22774504308881,1.28982085150441,1.27956444100029,1.24585475175579,1.22382903756052,1.20940725842241,1.20730293647739,1.20543529368221,1.20378949386036,1.20234816471969,1.20109242688517,1.20000309548543,1.19906172426473,1.19825130034482,1.19755661514127,1.19696435218028,1.19646301382806,1.19604275174947,1.19569516238253,1.19541308082183,1.19519039018791,1.19502184863865,1.19490294664855,1.19482978361235,1.19479896530082,1.19480751976246,1.19485282312068,1.19493254364395,1.1950445953896,1.19518709510994,1.19535832678598,1.19555671655402,1.19578081090447,1.19602925442929,1.1963007750433,1.19659417089618,1.19835094688545,1.20050096038467,1.20293689312063,1.205568965777,1.20832548319982,1.21115239128265,1.21401098528035,1.21687471049557,1.21972596607285,1.22255344961356,1.22535016017555,1.228111993161,1.23083677172132,1.23352361490375,1.23617250251288,1.23878399399499,1.24135903889812,1.2438988609969,1.24640484829599,1.24887852056497,1.25132148040552,1.25373538855782,1.25612194717825,1.25848288363292,1.26081997021879,1.26313497478458,1.26542970653141
73,1.22756917897288,1.28961704216625,1.27956138853774,1.24585290459892,1.22382128886369,1.20938668304259,1.20727926195566,1.20540857768007,1.20375991476104,1.20231599832659,1.20105801202236,1.19996679889579,1.19902391208729,1.19821231895707,1.19751678053377,1.19692394595913,1.19642228316417,1.19600191168887,1.19565439913984,1.19537255534654,1.19515024155098,1.19498219706066,1.19486389611825,1.19479142408871,1.19476137453693,1.19477076480611,1.19481696152183,1.19489762443494,1.19501065990882,1.19515417764994,1.19532645511674,1.19552591237784,1.19575109024605,1.19600062796648,1.19627324841263,1.19656774498032,1.19832989109128,1.20048474974781,1.20292474837002,1.2055600403887,1.20831899671827,1.21114770367542,1.21400759750073,1.21687225484338,1.21972417722545,1.22255213845104,1.22534919242756,1.22811127341984,1.23083623189185,1.23352320618609,1.23617218815802,1.23878375174734,1.24135884872933,1.24389870939665,1.24640472545182,1.24887841930801,1.25132139548896,1.25373531613619,1.25612188442724,1.25848282851065,1.26081992112509,1.26313493059522,1.26542966635491
74,1.22739550421019,1.28941569992473,1.27955830972748,1.24585108952408,1.22381368598089,1.20936646339486,1.20725598658871,1.20538230045427,1.20373080901013,1.2022843342735,1.20102412298637,1.19993104656881,1.19898665817257,1.19817390600094,1.19747752133777,1.19688411935789,1.19638213221408,1.19596165296458,1.19561421468164,1.19533260591059,1.19511066421087,1.19494311085535,1.19482540398362,1.19475361504015,1.19472432547794,1.19473454201679,1.194781621857,1.19486321629709,1.19497722406615,1.19512174788051,1.19529505872898,1.19549557066358,1.19572181886938,1.19597243729399,1.19624614381875,1.19654172713513,1.19830917208233,1.20046880660271,1.20291280892923,1.20555126832833,1.20831262444774,1.21114309736559,1.21400426823156,1.21686984124114,1.21972241863787,1.22255084912639,1.22534824049679,1.22811056518062,1.23083570046119,1.23352280362833,1.23617187993835,1.23878351286746,1.24135866106798,1.24389855909453,1.24640460403855,1.24887831914941,1.25132131142653,1.2537352443885,1.25612181706251,1.25848277382731,1.2608198723946,1.26313488671029,1.26542962643713
75,1.22722396338743,1.28921676321612,1.27955520454402,1.24584930546842,1.22380622427492,1.20934658887499,1.20723309866092,1.20535644931549,1.20370216309933,1.20225315838573,1.20099074507511,1.19989582339593,1.19894994710777,1.19813604587116,1.19743882178017,1.19684485652174,1.19634254861989,1.19592195777815,1.19557459452172,1.19529321679613,1.19507164257212,1.19490457457708,1.19478745497338,1.19471634139194,1.19468780326585,1.19469883677159,1.19474678975524,1.19482930512697,1.19494427404,1.19508979227505,1.19526412440327,1.1954656785101,1.19569298420175,1.19594467017667,1.19621944937238,1.19651610582425,1.19828878015845,1.20045312309831,1.20290106867145,1.20554264147335,1.20830636106331,1.21113856986344,1.2140009956787,1.21686746840101,1.21972068938614,1.22254958097565,1.22534730390489,1.22810986809764,1.23083517717871,1.23352240704781,1.23617157612674,1.23878327725375,1.24135847584314,1.24389841120864,1.24640448401773,1.24887822006074,1.2513212281972,1.2537351732992,1.2561217554147,1.25848271957476,1.2608198240217,1.26313484312628,1.26542958677641
76,1.22705450320195,1.28902017279916,1.27955207296488,1.2458475514176,1.22379889931425,1.20932704647959,1.20721058694644,1.20533101209992,1.20367396407521,1.20222245706717,1.20095786418363,1.19986111487989,1.19891376410238,1.19809872356747,1.19740066672182,1.19680614223239,1.19630351538046,1.19588281474521,1.19553552282385,1.19525437291558,1.19503316166483,1.19486657340003,1.19475003442945,1.19467958867512,1.1946517936402,1.19466363503632,1.19471245142492,1.19479587739039,1.19491179656742,1.19505829785456,1.19523363945619,1.19543622354028,1.19566457418205,1.19591731487829,1.19619315366996,1.19649086998371,1.19826870597882,1.20043769171314,1.2028895217302,1.20553416230553,1.20830020328908,1.21113411878736,1.21399777812606,1.21686513509116,1.21971898858642,1.22254833336365,1.22534638219417,1.22810918184011,1.23083466180458,1.23352201627102,1.23617127659407,1.23878304481321,1.24135829298652,1.24389826510547,1.24640436535201,1.24887812201415,1.25132114578007,1.25373510285249,1.2561216942829,1.25848266574384,1.2608197759994,1.26313479983792,1.26542954736872
77,1.22688707235485,1.2888258716384,1.27954890091706,1.24584582287071,1.22379170686137,1.20930783213272,1.20718844068264,1.20530597714094,1.20364619950969,1.2021922172695,1.20092546677242,1.19982690710233,1.19887809495483,1.19806192468607,1.19736304164073,1.19676796187461,1.19626501785328,1.19584420732503,1.19549698501299,1.1952160597785,1.19499520711176,1.19482909308558,1.19471312827465,1.19464334299457,1.19461628290669,1.19462892333454,1.19467859362309,1.19476292009235,1.19487977891457,1.19502725215859,1.19520359171192,1.1954071938732,1.19563657723367,1.19589036013497,1.19616724576786,1.19646600899671,1.1982489407312,1.20042250519304,1.202878162485,1.20552582314718,1.20829414798895,1.21112974185779,1.21399461393123,1.21686284013265,1.21971731539277,1.22254710568238,1.22534547492648,1.22810850609129,1.230834154109,1.23352163113011,1.23617098121847,1.23878281545656,1.2413581124325,1.24389812073647,1.24640424800526,1.24887802498256,1.25132106415464,1.25373503303271,1.256121633655,1.25848261232511,1.26081972832021,1.26313475683918,1.26542950820947
78,1.22672162145094,1.28863380479488,1.27954571594232,1.245844125921,1.22378464286195,1.20928893369273,1.20716664954543,1.20528133324285,1.20361885747226,1.20216242646344,1.20089353983781,1.19979318669363,1.1988429260218,1.19802563538744,1.1973259325307,1.19673030140491,1.19622704196819,1.19580612146188,1.19545896708349,1.19517826346057,1.1949577650975,1.19479211995179,1.19467672298256,1.19460759099922,1.19458125790763,1.19459468871843,1.19464520362691,1.19473042074884,1.1948482088491,1.19499664321816,1.19517396947569,1.19537857809819,1.19560898223901,1.19586379513031,1.19614171515814,1.19644151267008,1.19822947577993,1.20040755672717,1.20286698546204,1.2055176199281,1.20828819215887,1.21112543689158,1.2139915015214,1.21686058239654,1.21971566899506,1.22254589698596,1.2253445813873,1.2281078405477,1.23083365387205,1.23352125146494,1.23617068988304,1.23878258909813,1.24135793411801,1.24389797805497,1.24640413194271,1.24887792893982,1.25132098330106,1.25373496382459,1.25612157351912,1.25848255930916,1.26081968097657,1.26313471412397,1.26542946929335
79,1.22655810290484,1.28844391932341,1.27954250450731,1.24584245619722,1.22377770343475,1.20927034220707,1.20714520080817,1.2052570696561,1.20359192650407,1.20213307261181,1.20086207088428,1.19975994080458,1.19880824418949,1.19798984236785,1.19728932598387,1.19669314732214,1.19618957419805,1.19576854364224,1.19542145556993,1.19514097057457,1.19492082233969,1.19475564084487,1.19464080554917,1.19457231985406,1.1945467059944,1.19456091874167,1.19461226920691,1.19469836736061,1.19481707461427,1.19496645953043,1.19514476150891,1.19535036525047,1.19558177851578,1.19583760947229,1.19611655174596,1.19641737121223,1.19821030291308,1.20039283961508,1.20285598569803,1.20550954874614,1.20828233291975,1.21112120153772,1.21398843911952,1.21685836054979,1.21971404840233,1.22254470763553,1.22534370205883,1.22810718491855,1.23083316088258,1.23352087712193,1.2361704024756,1.23878236565565,1.24135775798249,1.2438978370161,1.24640401713085,1.24887783386072,1.25132090320014,1.25373489521337,1.25612151386374,1.25848250668686,1.2608196339611,1.26313467168617,1.26542943061533
80,1.22639647085282,1.2882561641762,1.27953926660007,1.24584081285293,1.22377088486209,1.20925204908271,1.20712409055606,1.20523317605431,1.20356539559366,1.20210414414433,1.20083104789851,1.19972715707987,1.19877403684666,1.19795453283282,1.1972532090837,1.19665648665624,1.19615260153121,1.19573146086738,1.19538443751969,1.1951041682432,1.19488436606203,1.1947196431124,1.19460536346649,1.19453751721399,1.19451261500164,1.19452760143394,1.19457977731733,1.19466674838848,1.19478636490479,1.19493669003489,1.19511595700593,1.19532254478839,1.19555495579466,1.19581179317145,1.19609174582839,1.19639357521208,1.19819141424388,1.2003783474874,1.20284515810472,1.20550160577201,1.20827656738575,1.21111703442186,1.21398542594627,1.21685617418202,1.21971245341249,1.22254353644426,1.22534283567085,1.2281065389248,1.23083267493818,1.23352050795375,1.23617011888849,1.23878214505016,1.24135758396777,1.24389769757671,1.24640390353749,1.24887773972099,1.25132082383342,1.25373482718477,1.25612145467771,1.25848245444933,1.26081958726661,1.26313462951987,1.26542939217047
81,1.22623668107001,1.28807049011233,1.27953600221095,1.24583919507798,1.22376418358115,1.20923404606755,1.20710330686545,1.20520964251258,1.20353925415428,1.20207562993403,1.20080045932508,1.19969482363326,1.19874029185946,1.19791969447112,1.19721756940134,1.19662030687391,1.19611611144575,1.19569486062756,1.19534790046741,1.19506784407357,1.19484838396897,1.19468411457828,1.19457038469765,1.19450317119932,1.19447897322301,1.19449472527709,1.1945477192021,1.1946355527302,1.19475606884406,1.19490732409114,1.19508754557219,1.19529510657208,1.19552850419849,1.19578633662055,1.19606728807432,1.19637011562177,1.19817280218678,1.20036407422533,1.20283449792467,1.20549378762107,1.20827089321172,1.21111293320124,1.21398246016573,1.21685402186529,1.21971088292789,1.22254238297457,1.22534198214807,1.22810590040355,1.23083219584456,1.23352014381892,1.23616983901834,1.23878192720582,1.24135741201795,1.24389755969536,1.24640379113165,1.24887764649731,1.25132074518309,1.25373475972506,1.25612139595028,1.25848240258801,1.26081954088614,1.26313458761937,1.26542935395397
82,1.22607869089251,1.28788684961242,1.27953271133256,1.24583760209654,1.22375759617566,1.20921632523293,1.20708284094948,1.20518645671739,1.20351349200252,1.20204751927508,1.20077029404366,1.19966292902431,1.19870699754776,1.1978853154308,1.19718239496961,1.19658459596381,1.19608009188527,1.19565873087794,1.19531183241085,1.19503198613328,1.19481286422195,1.19464904351916,1.19453585765369,1.1944692703727,1.19444576938849,1.19446227918273,1.1945160826918,1.19460476969885,1.19472617596294,1.194878351458,1.19505951720381,1.19526804084344,1.19550241422271,1.19576123057542,1.19604316950673,1.19634698373504,1.19815445944706,1.200350013948,1.20282400058236,1.20548609070915,1.20826530765433,1.21110889604706,1.21397954047029,1.21685190267019,1.21970933628962,1.22254124667859,1.22534114113519,1.22810527287064,1.23083172341516,1.23351978458156,1.23616956276582,1.23878171204971,1.24135724207929,1.24389742333217,1.24640367988353,1.24887755416717,1.25132066723202,1.25373469282099,1.25612133767108,1.25848235109465,1.260819494813,1.26313454597915,1.26542931596119
83,1.22592245914419,1.28770519679854,1.2795293939596,1.2458360331652,1.22375111936818,1.20919887895728,1.20706268435802,1.20516361499344,1.20348809933832,1.20201980186199,1.2007405413476,1.19963146223646,1.19867414266287,1.19785138429678,1.1971476742623,1.1965493423359,1.19604453125004,1.19562306001585,1.19527622178834,1.19499658292794,1.19477779541711,1.19461441864238,1.19450177117163,1.19443580371757,1.19441299264308,1.19443025129132,1.1944848572948,1.19457438900241,1.19469667617974,1.19484976227389,1.1950318622683,1.19524133820733,1.19547667671693,1.19573646613735,1.19601938148386,1.19632417117299,1.19813637900689,1.20033616100042,1.20281365825361,1.20547851172729,1.20825980827972,1.2111049211977,1.21397666559697,1.2168498156952,1.21970781286173,1.22254012715869,1.22534031229095,1.22810465420156,1.23083125747076,1.2335194301111,1.23616929003548,1.23878149951177,1.24135707410011,1.2438972884488,1.24640356976447,1.24887746270895,1.25132058956424,1.2537346264598,1.2561212798301,1.25848229996126,1.26081944904071,1.26313450459384,1.26542927818765
84,1.22576794606762,1.28752548735854,1.27952605008883,1.2458344875713,1.22374475001306,1.2091816999108,1.207042828961,1.20514110576756,1.20346306672623,1.20199246777009,1.20071119092383,1.19960041265649,1.19864171636671,1.1978178900697,1.19711339617246,1.19651453482141,1.19600941831688,1.19558783685953,1.19524105745753,1.19496162338009,1.19474316656434,1.19458022906514,1.19446811449394,1.19440276061777,1.19438063252665,1.19439863366693,1.19445403290204,1.19454440072469,1.19466755978143,1.19482154703842,1.19500457148661,1.19521498961394,1.19545128286782,1.19571203473571,1.19599591568375,1.19630166986719,1.19811855411169,1.20032250994241,1.202803473537,1.20547104749368,1.20825439274671,1.21110100695693,1.21397383432751,1.21684776006845,1.2197063120014,1.22253902396024,1.22533949528745,1.22810404415899,1.23083079783905,1.23351908028202,1.23616902073552,1.23878128913928,1.2413569076264,1.24389715472738,1.24640346055701,1.24887737190151,1.25132051313481,1.25373456034031,1.25612122241768,1.25848224918014,1.26081940356301,1.2631344634583,1.26542924062901
85,1.22561511325911,1.2873476784749,1.27952267971892,1.24583296463129,1.22373848508914,1.20916478107851,1.20702326693268,1.20511892053041,1.20343838507771,1.20196550743717,1.20068223283394,1.19956977005517,1.19860970821216,1.19778482214607,1.19707954999225,1.1964801626519,1.19597474231533,1.19555305062801,1.19520632867541,1.1949270968093,1.19470896706754,1.19454646429504,1.19443487724919,1.19437013083851,1.19434867895522,1.19436741521445,1.19442359976876,1.19451479530732,1.19463881740597,1.19479369659506,1.19497763591609,1.19518898634216,1.19542622418269,1.19568792811252,1.19597276408858,1.19627947204472,1.19810097825728,1.200309055538,1.20279343897813,1.20546369494769,1.20824905880281,1.21109715169178,1.21397104548774,1.21684573494984,1.21970483311972,1.22253793664623,1.22533868980942,1.22810344251478,1.23083034435433,1.23351873466753,1.23616875457375,1.23878108181969,1.24135674369163,1.24389702288567,1.24640335270391,1.24887728221369,1.25132043726706,1.2537344950888,1.25612116507083,1.25848219874386,1.26081935837383,1.26313442256752,1.26542920328107
86,1.22546392360737,1.28717172875744,1.27951928285039,1.24583146368918,1.22373232169417,1.20914811559504,1.207003990737,1.2050970510845,1.20341404289788,1.20193891164623,1.20065365749638,1.19953952456914,1.19857810812455,1.19775217029959,1.19704612539406,1.19644621544075,1.19594049283175,1.19551869093589,1.19517202507951,1.19489299291352,1.19467518670611,1.19451311421163,1.19440204943388,1.19433790450834,1.1943171222031,1.19433658636648,1.19439354849729,1.19448556353282,1.19461044002575,1.19476620211487,1.19495104595792,1.19516331998398,1.19540149247439,1.19566413830745,1.19594991897013,1.19625757021403,1.19808364517785,1.20029579274532,1.20278355066468,1.2054564511441,1.20824380428053,1.21109335383024,1.21396829794659,1.21684373952367,1.21970337563241,1.22253686479634,1.22533789516203,1.2281028487772,1.23082989667714,1.23351839395633,1.23616849196996,1.23878087688134,1.24135658138601,1.24389689226506,1.24640324585543,1.24887719329013,1.25132036198486,1.25373443033259,1.25612110856221,1.25848214821676,1.26081930903571,1.26313438191667,1.26542916613976
87,1.22531434123568,1.28699759057264,1.27951585948552,1.24582998411522,1.22372625703841,1.20913169696185,1.20698499311356,1.20507548952938,1.2033900371849,1.20191267150918,1.20062545566974,1.19950966668371,1.19854690638432,1.19771992466358,1.19701311241285,1.19641268316656,1.19590665982535,1.19548474771787,1.1951381366702,1.19485930175141,1.1946418156174,1.1944801690491,1.19436962139528,1.19430607210224,1.19428595288627,1.19430613789207,1.19436387002082,1.19445669650869,1.19458241893186,1.19473905508112,1.19492479524528,1.1951379824298,1.19537707984688,1.1956406576438,1.19592737287614,1.19623595715172,1.19806654883458,1.20028271670821,1.20277380482939,1.20544931324771,1.20823862709329,1.21108961185885,1.21396559061511,1.21684177301151,1.21970193861764,1.22253580774624,1.22533711205254,1.22810226344025,1.23082945512784,1.23351805739891,1.23616823251832,1.23878067420763,1.24135642078614,1.24389676296812,1.24640314000765,1.24887710513412,1.25132028731872,1.25373436606278,1.25612105244043,1.2584820985389,1.26081926443179,1.26313434150107,1.26542912920115
88,1.2251663314472,1.28682524024581,1.27951240962829,1.24582852530446,1.22372028843908,1.20911551888037,1.20696626706469,1.20505422824763,1.20336635709023,1.20188677845156,1.20059761843694,1.19948018721673,1.19851609361055,1.1976880757143,1.19698050142941,1.1963795530708,1.19587323360071,1.19545121130414,1.19510465379401,1.1948260137258,1.19460884428033,1.19444761938,1.19433758381527,1.19427462442564,1.19425516194656,1.19427606088117,1.19433455558813,1.19442818565235,1.1945547457194,1.19471224727484,1.19489887477951,1.19511296585453,1.19535297868169,1.19561747871532,1.19590511861746,1.19621462588993,1.19804968340495,1.20026982274587,1.20276419784324,1.20544227852817,1.20823352523203,1.21108592432028,1.21396292213789,1.21683983441494,1.21970052243576,1.22253476576808,1.22533633947965,1.22810168577685,1.23082901918271,1.23351772501345,1.23616797610989,1.23878047380898,1.24135626190621,1.24389663496804,1.24640303514679,1.24887701774973,1.25132021325602,1.25373430227052,1.2561209966998,1.25848204916734,1.26081921969473,1.26313430131618,1.2654290924614
89,1.22501986067339,1.28665463286034,1.27950893328429,1.24582708667557,1.22371441331519,1.20909957527987,1.20694780584308,1.20503325989174,1.20334299475644,1.20186122419809,1.20057013719034,1.19945107730341,1.1984856607455,1.19765661425542,1.1969482831549,1.19634682337175,1.19584020479355,1.19541807233877,1.19507156713725,1.19479311956802,1.19457626349976,1.19441545609977,1.19430592769514,1.1942435525994,1.19422474063682,1.19424634673001,1.19430559674918,1.19440002267702,1.19452741227356,1.19468577076119,1.19487327681304,1.19508826270458,1.1953291816252,1.19559459437371,1.19588314925586,1.1961935697046,1.19803304327266,1.20025710634575,1.20275472620892,1.20543534435503,1.20822849676152,1.2110822896172,1.21396029225603,1.21683792361936,1.21969912593719,1.22253373801228,1.2253355772281,1.22810111563931,1.23082858877422,1.2335173966795,1.23616772270643,1.23878027565521,1.24135610470839,1.24389650823756,1.24640293126192,1.24887693112016,1.25132013978445,1.25373423894696,1.25612094133444,1.25848200009861,1.26081917571468,1.26313426135762,1.26542905591683
90,1.22487489642516,1.28648573213519,1.27950543046066,1.24582566766966,1.22370862918257,1.20908386030674,1.20692960294019,1.20501257737164,1.2033199425991,1.20183599807434,1.20054300361772,1.19942232838194,1.19845559808529,1.19762553140319,1.1969164486148,1.19631447915824,1.19580756435712,1.19538532178273,1.19503886767119,1.19476061033342,1.19454406439189,1.19438367041226,1.19427464434117,1.19421284804553,1.19419468050692,1.19421698712725,1.19427698534152,1.19437219835403,1.19450041075648,1.19465961787659,1.19484799386362,1.1950638656855,1.19530568157658,1.19557199771693,1.19586145809264,1.19617278210432,1.19801662301817,1.20024456315544,1.20274538655464,1.20542850819314,1.20822353981704,1.21107870687061,1.21395769949012,1.21683603950311,1.21969774865868,1.2225327241531,1.22533482506758,1.22810055286038,1.2308281637555,1.23351707231761,1.23616747224761,1.23878007969429,1.24135594915321,1.24389638275421,1.24640282833114,1.24887684522915,1.25132006689192,1.25373417608334,1.25612088633834,1.25848195132918,1.26081913197771,1.26313422124581,1.26542901956384
91,1.22473140724669,1.28631850293237,1.27950190116604,1.24582426774914,1.22370293364923,1.20906836831448,1.20691165207534,1.20499217384304,1.20329719329445,1.20181109770306,1.200516209689,1.19939393217988,1.1984258990817,1.1975948185725,1.1968849891367,1.19628251311339,1.19577530354784,1.19535295031519,1.1950065467021,1.19472847734356,1.19451223837038,1.194352253816,1.19424372535108,1.19418250247387,1.19416497339048,1.19418797404098,1.19424871347743,1.19434470739029,1.19447373359487,1.19463378121655,1.19482301870247,1.19503976775037,1.19528247167639,1.19554968207809,1.19584003865786,1.19615225681981,1.1980004174097,1.2002321889753,1.20273617562838,1.2054217675982,1.20821865260109,1.21107517446112,1.21395514292599,1.21683418141727,1.21969639013944,1.22253172386206,1.22533408276037,1.22809999727695,1.23082774400546,1.23351675183879,1.23616722466373,1.23877988587478,1.24135579520673,1.24389625848958,1.24640272633329,1.24887676006086,1.25131999456666,1.253734113671,1.25612083170543,1.25848190285522,1.26081908848217,1.26313418180967,1.26542898323252
92,1.22458936267166,1.28615290604801,1.27949834541048,1.24582288639673,1.22369732441101,1.20905309385429,1.20689394718533,1.20497204269635,1.20327473976774,1.20178651297261,1.20048974764374,1.19936588070143,1.19839655461093,1.19756446746381,1.19685389633574,1.19625091680266,1.19574341391176,1.19532095065617,1.19497459581223,1.19469671224333,1.19448077714099,1.1943211980995,1.19421316260116,1.19415250786931,1.19413561139237,1.19415929970637,1.19422077353181,1.19431754109191,1.19444737346834,1.19460825362425,1.19479834434292,1.19501596208879,1.19525954529592,1.19552764101495,1.19581888470003,1.19613198779403,1.19798442139474,1.20021997975149,1.20272709029235,1.20541512021258,1.20821383334509,1.21107169114595,1.21395262167437,1.21683234872729,1.21969504992597,1.2225307368136,1.22533335007651,1.22809944871123,1.23082732940149,1.23351643515044,1.23616697988707,1.23877969414802,1.24135564283191,1.24389613541616,1.24640262524783,1.24887667559993,1.25131992279716,1.25373405170142,1.25612077742956,1.25848185467266,1.26081904532161,1.26313414271477,1.26542894729178
93,1.22444873318187,1.28598891872157,1.27949476320541,1.24582152311447,1.22369179924741,1.20903803166606,1.20687648241474,1.20495217754618,1.20325257518215,1.20176223667556,1.20046360997929,1.19933816621526,1.19836755676991,1.19753447005029,1.19682316210241,1.19621968206812,1.19571188727202,1.19528931405183,1.19494300685943,1.19466530693809,1.19444967265622,1.19429049529358,1.19418294824134,1.19412285647988,1.19410658687686,1.19413095661398,1.19419315813069,1.19429069222875,1.19442132329826,1.19458302817962,1.1947739640299,1.19499244211648,1.19523689602695,1.19550586830008,1.19579799017658,1.19611196917276,1.19796863009215,1.20020792822099,1.20271812751785,1.20540856376139,1.20820908046402,1.2110682557219,1.21395013487216,1.21683054081533,1.21969372757523,1.22252976268822,1.22533262678073,1.22809890699755,1.2308269198207,1.23351612216298,1.23616673785213,1.23877950446601,1.24135549199298,1.24389601350737,1.24640252505493,1.24887659183147,1.25131985157221,1.25373399016623,1.25612072353594,1.25848180682603,1.2608190022813,1.26313410364043,1.26542891152368
94,1.22430949016791,1.28582650389332,1.27949115456356,1.24582017742277,1.22368635601772,1.20902317666999,1.20685925214324,1.20493257222154,1.20323069292845,1.20173826184264,1.20043778943956,1.19931078124306,1.19833889791344,1.19750481856667,1.19679277859066,1.19618880101659,1.19568071571687,1.19525803259644,1.19491177196494,1.19463425359581,1.19441891715603,1.19426013771676,1.19415307465303,1.19409354081109,1.19407789245647,1.19410293749879,1.19416586014036,1.19426415380659,1.19439557623732,1.19455809818911,1.19474987122984,1.19496920146548,1.19521451767223,1.19548435791146,1.19577734924468,1.19609219529576,1.19795303878449,1.20019603725411,1.20270928438032,1.20540209604872,1.20820439228494,1.21106486702491,1.21394768168305,1.21682875708161,1.21969242265641,1.22252880117669,1.2253319126495,1.22809837197253,1.23082651514434,1.23351581278973,1.23616649849578,1.23877931678196,1.24135534265536,1.2438958927375,1.24640242573532,1.24887650874097,1.25131978088089,1.25373392907245,1.25612066994868,1.25848175920255,1.26081895947959,1.26313406476771,1.26542887592687
95,1.22417160589194,1.28566563054148,1.27948751949896,1.2458188488596,1.22368099268796,1.20900852395856,1.20684225082779,1.20491322075644,1.20320908661507,1.20171458173252,1.20041227636072,1.19928371854868,1.198310570643,1.1974755054976,1.19676273820668,1.19615826600828,1.19564989158836,1.19522709863779,1.19488088350301,1.19460354463498,1.19438850312159,1.19423011792325,1.19412353448765,1.19406455359058,1.1940495209856,1.19407523532969,1.19413887265713,1.19423791905704,1.19437012565966,1.19453345606375,1.19472605962112,1.19494623397483,1.19519240423636,1.19546310402361,1.19575695625263,1.19607266068837,1.19793764291097,1.20018429989294,1.20270055805477,1.20539571495415,1.2081997672531,1.21106152392927,1.21394526129752,1.21682699694511,1.21969113475184,1.22252785197708,1.22533120746531,1.22809784347837,1.23082611525765,1.23351550694706,1.23616626175659,1.23877913105066,1.2413551947856,1.24389577308167,1.24640232727039,1.24887642631443,1.25131971071979,1.25373386837789,1.25612061670178,1.25848171185997,1.26081891691276,1.26313402609394,1.26542884049974
96,1.22403505345234,1.28550626857074,1.27948385802684,1.24581753697963,1.22367570719625,1.20899406878905,1.2068254732224,1.20489411738106,1.20318775005881,1.20169118982207,1.2003870692087,1.1992569711279,1.19828256779649,1.19744652356727,1.1967330335982,1.19612806964617,1.19561940747166,1.19519650476651,1.19485033408984,1.19457317271465,1.1943584232696,1.19420042870394,1.19409432062086,1.19403588779778,1.1940214655291,1.19404784329964,1.19411218899758,1.19421198142793,1.19434496515139,1.19450909775452,1.19470252308512,1.19492353368175,1.19517054991718,1.19544210099925,1.19573680573169,1.19605336005357,1.19792243806064,1.20017271260476,1.20269194581137,1.20538941842657,1.20819520386584,1.21105822534659,1.21394287293255,1.21682525984362,1.21968986345774,1.22252691479856,1.22533051101776,1.22809732136257,1.2308257200497,1.233515204554,1.23616602757517,1.23877894722838,1.24135504835137,1.24389565451579,1.24640222964208,1.24887634454154,1.25131964106235,1.25373380809433,1.25612056378897,1.25848166479338,1.26081887457706,1.26313398761637,1.26542880528114
97,1.22389980675013,1.2853483887754,1.27948017016355,1.24581624135348,1.22367049766168,1.20897980657632,1.20680891421534,1.20487525651337,1.20316667727593,1.2016680797971,1.20036215878944,1.19923053219864,1.19825488243823,1.1974178657293,1.19670365764446,1.19609820476579,1.19558925618491,1.19516624380589,1.19482011657347,1.19454313072508,1.1943286705469,1.19417106307553,1.19406542615219,1.19400753662569,1.19399371939558,1.19402075481627,1.19408580268933,1.1941863345743,1.19432008850177,1.19448501608323,1.19467925569768,1.19490109481333,1.19514894909765,1.19542134338129,1.19571689238834,1.19603428826442,1.19790741996594,1.20016127197323,1.20268344501127,1.20538320449347,1.20819070067074,1.21105497022469,1.21394051583104,1.21682354523345,1.21968860838323,1.22252598935967,1.22532982310355,1.22809680547776,1.23082532941331,1.23351490553223,1.2361657958941,1.23877876527283,1.24135490332136,1.24389553701741,1.2464021328344,1.24887626340158,1.25131957190789,1.25373374821392,1.25612051120412,1.25848161799802,1.26081883246879,1.26313394935157,1.26542877017721
98,1.22376584045709,1.28519196280423,1.27947645177522,1.24581496156698,1.22366536222764,1.20896573288609,1.20679256886127,1.20485663275119,1.20314586247384,1.20164524554367,1.20033753873264,1.19920439519175,1.19822750784957,1.19738952515728,1.19667460344657,1.1960686644257,1.19555943076959,1.19513630880227,1.19479022402409,1.19451341177694,1.19429923811965,1.19414201427243,1.19403684439565,1.19397949347675,1.19396627608558,1.19399396349298,1.19405970746227,1.19416097234978,1.19429548969475,1.19446120517017,1.19465625172093,1.19487891177855,1.19512759633807,1.19540082588534,1.19569721109693,1.196015440357,1.19789258449672,1.20014997469345,1.20267505310274,1.20537707123654,1.20818625626359,1.21105175754633,1.213938189261,1.21682185258907,1.21968736915064,1.22252507538839,1.22532914352614,1.22809629568145,1.23082494324481,1.23351460980604,1.23616556665785,1.2387785851431,1.24135475966567,1.24389542056202,1.24640203682706,1.24887618288611,1.25131950324654,1.25373368872898,1.25612045894122,1.2584815714748,1.26081879059318,1.26313391125275,1.26542873523966
99,1.22363312998545,1.28503696312707,1.27947271114112,1.24581369722049,1.22366029910091,1.20895184342852,1.20677643237417,1.20483824086466,1.20312530004309,1.20162268113978,1.20031320286682,1.19917855374223,1.19820043751998,1.19736149523577,1.19664586431845,1.19603944189828,1.19552992448137,1.19510669301599,1.19476064791989,1.19448400919305,1.19427011936425,1.19411327573737,1.19400856887162,1.1939517519633,1.19393912930435,1.19396746314054,1.19403389724032,1.19413588879841,1.19427116290095,1.1944376593184,1.19463350559571,1.19485697916085,1.19510648636882,1.19538054339255,1.19567775689275,1.19599681152355,1.19787792765444,1.20013881756716,1.20266676761739,1.20537101680577,1.20818186928655,1.21104858632786,1.21393589251463,1.21682018140222,1.21968614539481,1.22252417262172,1.2253284720955,1.22809579183586,1.23082456144389,1.23351431730215,1.23616533981267,1.23877840679974,1.24135461735415,1.2438953051289,1.24640194160557,1.24887610298261,1.25131943506871,1.2537336296321,1.25612040699701,1.25848152520628,1.26081874892623,1.2631338733429,1.26542870046574
100,1.22350165145904,1.28488336300316,1.27946894417178,1.24581244792825,1.22365530654893,1.20893813405216,1.20676050012071,1.20482007582312,1.20310498454987,1.20160038084745,1.20028914521124,1.19915300168095,1.1981736651386,1.19733376955171,1.19661743377822,1.19601053066112,1.19550073078147,1.19507738991266,1.19473138534742,1.1944549164996,1.19424130785894,1.19408484111294,1.1939805932968,1.1939243058863,1.19391227294954,1.19394124775902,1.19400836613347,1.19411107814694,1.19424710247008,1.19441437300627,1.1946110119342,1.19483529171093,1.19508561408334,1.19536049094282,1.1956585249654,1.19597839710611,1.19786344556669,1.20012779749841,1.20265858616654,1.20536503840591,1.20817753842622,1.21104545561798,1.21393362490744,1.21681853118145,1.2196849367626,1.2225232808053,1.22532780862783,1.22809529380767,1.23082418391352,1.23351402794966,1.23616511530655,1.23877823020408,1.24135447635888,1.24389519069685,1.246401847154,1.24887602367898,1.2513193671417,1.25373357057176,1.25612035536004,1.25848147919554,1.2608187074764,1.26313383561884,1.26542866585275
