p_bar,of_1,of_1_5,of_2,of_2_5,of_3,of_3_5,of_3_6,of_3_7,of_3_8,of_3_9,of_4,of_4_1,of_4_2,of_4_3,of_4_4,of_4_5,of_4_6,of_4_7,of_4_8,of_4_9,of_5,of_5_1,of_5_2,of_5_3,of_5_4,of_5_5,of_5_6,of_5_7,of_5_8,of_5_9,of_6,of_6_1,of_6_2,of_6_3,of_6_4,of_6_5,of_7,of_7_5,of_8,of_8_5,of_9,of_9_5,of_10,of_10_5,of_11,of_11_5,of_12,of_12_5,of_13,of_13_5,of_14,of_14_5,of_15,of_15_5,of_16,of_16_5,of_17,of_17_5,of_18,of_18_5,of_19,of_19_5,of_20
1,468.059517723021,489.631467414645,433.309781858282,391.916927365923,364.103402363584,345.772191153674,342.89454915512,340.215724710805,337.714281425759,335.371733869432,333.17221064489,331.102072149178,329.149580150738,327.304578030064,325.558233562305,323.902822580064,322.331551171044,320.8384101731,319.418056131958,318.065711677778,316.777092949075,315.548331721532,314.375927422902,313.256699012643,312.187745953541,311.166415133986,310.190274921119,309.257084540831,308.364775963808,307.511443499272,306.695318702865,305.914759506537,305.168237999981,304.454329604792,303.771705115924,303.119115194637,300.268147191019,298.018420853789,296.274133165628,294.956355021614,293.99560853112,293.327701039343,292.892542990916,292.635253261471,292.508184513049,292.472429471019,292.498063900349,292.563221775543,292.65257115827,292.755685687265,292.865647141676,292.977957011034,293.08975203888,293.199258364083,293.305423450301,293.407665027972,293.505707343894,293.599476131635,293.68901638308,293.774448692628,293.855949329119,293.933698791394,294.00790290909
1.01325,467.969373136101,489.58072530824,433.309297195225,391.909059256222,364.081073872895,345.739386339106,342.860568340624,340.180834812158,337.678704504163,335.335661673858,333.135805003746,331.065469002123,329.112893719878,327.26790442574,325.521653920835,323.866405694953,322.295355666901,320.802486287311,319.382447169029,318.030455179598,316.742221706185,315.513874520464,314.341909705754,313.223143406754,312.154672706584,311.133842471788,310.158219363641,309.225561112464,308.333798356353,307.481024318703,306.665469565649,305.885491146998,305.13956035588,304.426251884222,303.744235859196,303.092262276177,300.244472924971,297.998029281373,296.25703723958,294.942455163747,293.984678225815,293.319394498795,292.886432079871,292.630882819045,292.505128020554,292.470325752197,292.496630401873,292.562249998142,292.651913414212,292.755240087313,292.865344492986,292.977750701628,293.089610762376,293.199161092802,293.305356031314,293.407617915314,293.505674093084,293.599452348936,293.688999101275,293.774435854028,293.855939616449,293.933691257054,294.007896911625
2,462.994966391891,486.237027632934,433.287667164432,391.548364448239,362.993747496599,344.075006486775,341.128143210846,338.394728502979,335.851526681762,333.478256301189,331.257380741871,329.173805015566,327.214544803967,325.368396981021,323.625659003461,321.977886487295,320.417688619056,318.938571192655,317.534776204159,316.201193874914,314.933255503869,313.726859791313,312.578309081457,311.484256192304,310.441659821644,309.4477469241,308.499980778442,307.596033721573,306.733763728528,305.911194178223,305.126496271442,304.377973668087,303.664048990653,302.983253808744,302.334210269929,301.715633622977,299.039811082256,296.969949334363,295.404467173693,294.257663461883,293.452972867177,292.920218954099,292.595865819439,292.424784553282,292.36179424337,292.371966372943,292.429656447256,292.516803460859,292.621080500634,292.73428036047,292.851047080314,292.967953267665,293.082858712504,293.194477110711,293.302079249151,293.405300230833,293.504016422719,293.5982466184,293.688105414473,293.773761875238,293.85541462385,293.933275970034,294.007560102236
3,459.715943627981,483.775014064177,433.277274174787,391.372555462591,362.410169411735,343.116583462225,340.121697501414,337.349587185397,334.776104905985,332.379929749794,330.142503455215,328.047797072651,326.081994571624,324.233185349908,322.491076658567,320.846727054505,319.29233704841,317.82106963484,316.426888437145,315.104445233753,313.848975108133,312.656212483714,311.522324069278,310.44384060872,309.41762428379,308.440817057958,307.510808925007,306.62520849449,305.781817792223,304.978610544109,304.213713353364,303.485389293101,302.792023525722,302.132110632139,301.504243391034,300.907102795163,298.341260499449,296.383095530752,294.926639636377,293.881497198133,293.166802035709,292.709415526572,292.444840372879,292.318919466066,292.288709948204,292.321978679416,292.39561576021,292.493637550478,292.605287994688,292.72347395689,292.843615531287,292.962810741508,293.079273376251,293.1919544793,293.300284424113,293.404006130227,293.503067451435,293.597537169577,293.6875632608,293.77333755633,293.855074226466,293.932994945586,294.007324145413
4,457.238924000182,481.875599392487,433.270654612741,391.263556309352,362.026665296033,342.455398794786,339.422842135229,336.619938892709,334.022014561284,331.607057090796,329.355777446102,327.251447201133,325.279627708047,323.427869758405,321.685409288109,320.042919910433,318.492278749439,317.026374319727,315.638948969545,314.324467528671,313.078008918288,311.895176621254,310.77202452048,309.704995216363,308.69086847195,307.7267202374,306.809876411745,305.937896531984,305.10853701475,304.319730870259,303.569567895816,302.856277442907,302.178213341314,301.533840641269,300.921723896716,300.340516763306,297.856151076253,295.979989867448,294.602479412395,293.629640963544,292.977636404499,292.571634150641,292.347003727456,292.250751196228,292.241802178649,292.289920053736,292.373757654277,292.478721501922,292.595077333545,292.716450523595,292.838754381066,292.959420791299,293.076887798532,293.190257080678,293.299060449694,293.403109509174,293.502397904251,293.597026381075,293.687164371862,293.773018375254,293.854812598379,293.932774420618,294.007135288095
5,455.228493083313,480.312130982052,433.265800312276,391.187212444322,361.746859905806,341.954664272888,338.890778793455,336.061979454476,333.443279294406,331.012175176637,328.748820978202,326.635937012023,324.658577638321,322.803842473652,321.060592284477,319.419178486776,317.871194535391,316.409307812288,315.027071510251,313.718792627952,312.479418065044,311.304440462418,310.189820202089,309.13192056358,308.127453573554,307.173434551997,306.267143746835,305.406096022051,304.588003781307,303.810767357608,303.072444593288,302.371235433391,301.705466269387,301.073576194362,300.474104878496,299.905681833339,297.486491649879,295.675415731997,294.359865897924,293.442975358062,292.838719352145,292.47123967572,292.276131474189,292.201553226607,292.208004711464,292.266820089228,292.357984685801,292.467930003083,292.587662133229,292.711328160544,292.835189677057,292.956918501217,293.07511290817,293.188982174323,293.29812892327,293.402419562346,293.501875143822,293.59662125139,293.686842802054,293.772756897016,293.854593695976,293.932589707961,294.006975332069
6,453.526709546822,478.97471861633,433.26192742276,391.129763611721,361.529712656988,341.554057958441,338.463200529452,335.61189580459,332.97498270916,330.529597682095,328.255453276761,326.134816412579,324.1523177492,322.294670914701,320.550409605759,318.909599657899,317.363613633665,315.90490513828,314.526867868165,313.223670797736,311.990145227709,310.821686633437,309.714173336214,308.663898908113,307.667515756551,306.72198780819,305.82455061113,304.972677502151,304.164053073187,303.396538881013,302.668166797949,301.977110396558,301.321671390599,300.700265471923,300.1114098385,299.553712166514,297.18904827712,295.432056913972,294.167496455113,293.296110682952,292.73019772629,292.393269856856,292.221321125756,292.163599572147,292.181955212582,292.249007987469,292.345803887899,292.459576102793,292.581903862005,292.707334289999,292.832396812031,292.95494653371,293.073704339212,293.187961952801,293.297377951297,293.401855862529,293.501442833122,293.596281907703,293.686569956212,293.772532274529,293.854404759276,293.932427588603,294.00683376808
7,452.045670390524,477.80104084033,433.25866193312,391.084439802193,361.354129009115,341.221718556029,338.107086751238,335.235793528255,332.582581489878,330.124321913583,327.840369073733,325.712607462292,323.725297963671,321.864826772853,320.119436952201,318.478940573212,316.934497945491,315.478401232291,314.103881037949,312.804988232766,311.576450544253,310.413576299484,309.312170142265,308.268462987052,307.279053581185,306.340859523714,305.451075996573,304.607140801342,303.806704569673,303.047607559259,302.327848107934,301.645578306924,300.999077282778,300.386739274581,299.807060858931,299.25862967497,296.940955589694,295.230284554637,294.009027880483,293.175900605358,292.641881624996,292.330107990537,292.177062582417,292.13300628158,292.160967138895,292.234647835928,292.335968906503,292.452815835706,292.577231013642,292.70407957725,292.8301118386,292.95332461091,293.07253846317,293.187111207465,293.296746311612,293.401377167938,293.501071894197,293.595987605471,293.686330814507,293.772333434999,293.854235997488,293.932281654881,294.006704096215
8,450.731092634451,476.752041705645,433.255805621242,391.047450540021,361.207923882891,340.938779492152,337.802848475302,334.913515361484,332.24549974379,329.77547261763,327.482492553827,325.34811566946,323.356279295708,321.493078328312,319.746488948376,318.106105662555,316.562898458597,315.108992504217,313.737494172102,312.442334154776,311.218148669534,310.06016660658,308.964125388429,307.926198704854,306.942936239953,306.011213178121,305.128187688602,304.291264934477,303.498066434141,302.746403832158,302.034258594921,301.359753108578,300.72114813088,300.116817999821,299.545240152388,299.004983632693,296.728663397657,295.05852896887,293.874884572693,293.07469555703,292.567883950992,292.27738519072,292.140210800032,292.107565316962,292.14351694122,292.222699648326,292.327773763545,292.447170809092,292.573318409602,292.701346390801,292.828184388009,292.951949785235,293.071544475478,293.186380975993,293.29619994404,293.400959569904,293.500745370979,293.595726162308,293.68611648252,293.772153758307,293.854082381314,293.932147990804,294.006586132966
9,449.546931079637,475.801528207711,433.253231735378,391.016488398547,361.083463666909,340.693173695658,337.537917745353,334.632108303685,331.950499885209,329.469604442492,327.168237259422,325.027668751391,323.03154988667,321.165709700715,319.417888109038,317.777475269702,316.235264908696,314.78324025883,313.414381673321,312.122519160424,310.902196818328,309.748572901289,308.657322764585,307.624567213008,306.646810542609,305.72088865516,304.843925395873,304.013295616486,303.226593756156,302.481606967177,301.77629200191,301.10875742068,300.47723720626,299.880089546427,299.315773961271,298.782842094314,296.543492320225,294.90941089819,293.758989311803,292.987671250212,292.504514086206,292.232375376272,292.108813600667,292.085910411628,292.128663645394,292.212521596008,292.320782656067,292.442345499198,292.569965399925,292.698996757602,292.826521136791,292.950758024122,293.070678222992,293.185740632449,293.295717464349,293.400587998654,293.500452518946,293.595489809268,293.685921245698,293.771988955194,293.853940621924,293.932024011057,294.006476253893
10,448.467957716833,474.930986637261,433.250861603101,390.990054938866,360.97567242215,340.47672502759,337.303762455421,334.382770874414,331.688565755939,329.197550260851,326.88833243504,324.741931605367,322.741741612394,320.87334976471,319.124279463266,317.483732622696,315.942342156183,314.491952999882,313.125438279672,311.836524464231,310.619677029836,309.469986224704,308.383069564923,307.354998532318,306.382235053721,305.461578324008,304.590120078486,303.765206777655,302.984407463508,302.245486287161,301.546378902174,300.885172073986,300.26008806289,299.669460618995,299.111734736856,298.585445670944,296.379553613766,294.777943395605,293.657260026728,292.91159928635,292.449315246528,292.193272800882,292.081582157473,292.067141862057,292.115788501282,292.203691866338,292.314709349107,292.438145638344,292.567039961241,292.696940691655,292.825060516527,292.949706306996,293.069910470756,293.185169848459,293.295284634726,293.400252354394,293.500186101662,293.595273283395,293.685741206639,293.771836078278,293.853808440953,293.931907909856,294.006372993587
11,447.475773945139,474.126822993734,433.248634985292,390.967120042325,360.881014414516,340.283644279189,337.094329124914,334.159240615409,331.453278856501,328.952781385414,326.636170678783,324.484247140601,322.480171844804,320.609310542274,318.858986649026,317.218227322523,315.677515673655,314.228569652083,312.86415089799,311.577907001833,310.364221255599,309.218116931489,308.135159901489,307.111375311055,306.143185250867,305.227354372234,304.360944162763,303.541274309323,302.765889876803,302.032533277132,301.339120202355,300.683718855749,300.064531943443,299.479882946573,298.92819436076,298.407988144198,296.232671882879,294.660603081681,293.566819930369,292.844218997743,292.400574803628,292.15882412539,292.057624736284,292.050638449546,292.10446479636,292.195919627767,292.30935612255,292.434436983518,292.564450739799,292.695115824174,292.823759774021,292.948766605687,293.069220802099,293.184654381869,293.294891442103,293.399945542676,293.499941012755,293.595072850863,293.685573583255,293.771693009312,293.853682731342,293.931798370561,294.006275276167
12,446.556545516966,473.378736286543,433.246527984611,390.946974198178,360.796943243484,340.109686654296,336.905170784672,333.956912508634,331.239920802815,328.730484701637,326.406877449955,324.249701513217,322.241905848638,320.368651796782,318.617076861631,316.976044932624,315.435898700072,313.988236807445,312.625720174168,311.341909494213,310.131123146877,308.988317001533,307.90900816083,306.889177981269,305.92521087948,305.013838811466,304.152094610032,303.337272574292,302.566895010966,301.838683678507,301.15053528846,300.500500382497,299.886765035365,299.30763700943,298.761523329794,298.246931333577,296.0997812911,294.554811332608,293.485573089313,292.783889184346,292.35705453322,292.128125837054,292.036300202137,292.035954386245,292.094386570518,292.188996456569,292.304581430421,292.431123332393,292.562132218029,292.693477381854,292.822588142737,292.947916976513,293.068594500795,293.184181767659,293.294530636144,293.399662385774,293.499713509419,293.594885761208,293.68541631501,293.771558169845,293.853565233795,293.931694399529,294.006182284718
13,445.699564118623,472.678720083687,433.244507344581,390.929078844707,360.721559935282,339.95165010205,336.732926895457,333.772301682943,331.044908780953,328.527007461028,326.196754301288,324.034564561635,322.0231961422,320.147620758586,318.394802154525,316.753450878369,315.213777307888,313.767267418032,312.406486862045,311.124916121513,309.916803271824,308.777054174026,307.701129867379,306.684972694133,305.724931268487,304.817706452441,303.960303805717,303.149993443486,302.384275975006,301.660853452,300.977604462923,300.332562677005,299.723898276523,299.149901824125,298.608972109604,298.099595974527,295.978565834675,294.458626098206,293.411946646386,292.729382758153,292.31783197061,292.100507264328,292.017133803203,292.022760035117,292.085327792704,292.182768362378,292.300280617783,292.428133518687,292.56003585112,292.691992157109,292.821521371253,292.947141705568,293.068020639384,293.183748834931,293.29419680711,293.399399013256,293.499500783037,293.594709940679,293.6852678383,293.771430354802,293.853453470934,293.931595228628,294.006093384505
14,444.896376338489,472.020411273547,433.242552911306,390.913039217754,360.653418879427,339.80706157192,336.574997621033,333.602708515521,330.865466874179,328.339523702762,326.002929070406,323.835938098972,321.821130005017,319.943299779224,318.189248022734,316.547540622211,315.008262733538,313.562793468421,312.203607984205,310.924108209244,309.718482108507,308.581581142477,307.508815141733,306.496089263033,305.539717957484,304.636372396864,303.783032080335,302.976943996968,302.215587992202,301.496647245925,300.817982981284,300.17761269408,299.573691330183,299.004494948769,298.468408501251,297.963905150684,295.867234227687,294.370548586129,293.344731504506,292.679759760214,292.282202871942,292.075457763099,291.999764805121,292.010805279807,292.077117052037,292.177118587204,292.296374306897,292.425413511605,292.558124873819,292.690634939663,292.820545007381,292.946428733824,293.067490813777,293.183347359468,293.293885769359,293.39915242003,293.499300643303,293.594543764997,293.685126925047,293.771308613728,293.85334669108,293.931500246465,294.006008067547
15,444.14018164153,471.398688059258,433.240649311474,390.898547875617,360.591395224976,339.673972704262,336.429331428819,333.446000021861,330.699399639936,328.165788570843,325.823124038838,323.65152579744,321.633398781209,319.753375679317,317.998103321274,316.356010597405,314.817063705487,313.372540022449,312.014828424053,310.73725792843,309.533954990394,308.399716509155,307.32991489777,306.320410319301,305.367486944972,304.467787499222,303.618266495303,302.81614873496,302.058894129553,301.344167730454,300.66981407141,300.033835099569,299.434371114424,298.869684230925,298.338144015299,297.838216777489,295.764373211165,294.289402127467,293.282979160549,292.634285187226,292.249618219704,292.052580247457,291.983913226904,291.999896214308,292.069621535613,292.171956661599,292.292800972503,292.422921472481,292.556370603241,292.689386092873,292.819644085262,292.94576869798,293.066998489782,293.182972746192,293.293594255462,293.398920252868,293.499111370481,293.594385953884,293.684992601229,293.771192188194,293.853244291177,293.93140896009,294.005925922821
16,443.425422847133,470.809329845148,433.238784587206,390.885365571644,360.534598014311,339.550822200144,336.294281826009,333.300462255032,330.544941266174,328.003997647636,325.65551320706,323.479476406847,321.458141730691,319.575983597093,317.819504475581,316.177003088772,314.638332257795,313.19467219496,311.838329249902,310.56256263058,309.361439851441,308.229705437148,307.16269606974,306.15622855679,305.206558043054,304.310299915592,303.464384662388,302.66601573801,301.912633863457,301.201886629038,300.531602487256,299.899768399999,299.304510546301,298.744077612086,298.216826274884,297.721210470217,295.6688486227,294.214240814966,293.225932524812,292.592374115348,292.219642316305,292.031560323694,291.969357762318,291.989879727928,292.062736420134,292.16721120391,292.289512046773,292.420624259674,292.554750438485,292.688230093263,292.818807895506,292.945154165415,293.066538471652,293.182621333669,293.293319655175,293.39870062743,293.498931581752,293.594235473278,293.684864077123,293.771080460989,293.853145778214,293.931320964805,294.005846611438
17,442.747496897497,470.248833233384,433.236949279098,390.873301995579,360.482310606031,339.436340396852,336.168507906827,333.164697744426,330.400650679048,327.852677310791,325.498596806655,323.318279603488,321.293837270812,319.409598206185,317.651926935219,316.008998142024,314.470556282183,313.027688506768,311.672622011226,310.398548976846,309.199480285178,308.070112197761,307.005740737859,306.002147272402,305.055556899007,304.162558666004,303.320059901112,302.525243469155,301.775531572112,301.068554942459,300.402126502028,299.77421873815,299.182944193956,298.626538586044,298.103346156442,297.611808911659,295.579737009617,294.14430106508,293.172978158263,292.553553925643,292.19192402727,292.012145153429,291.955920706482,291.980632101089,292.056377644033,292.162824936626,292.286468553468,292.41849531932,292.553246210553,292.687154458196,292.818027816248,292.944579143698,293.066106563223,293.182290158707,293.293059851322,293.398492009977,293.49876014814,293.59409147619,293.684740703287,293.770972922315,293.853050743239,293.93123592363,294.00576985016
18,442.102545682897,469.714251778813,433.235135793302,390.862203584218,360.433948760763,339.329481442206,336.050903580413,333.037552444369,330.265336777939,327.710608726489,325.351136096803,323.166682199045,321.139225334772,319.252956042093,317.494107657769,315.850736365233,314.312482783357,312.870344710732,311.516473236309,310.243996030588,309.046867237976,307.919743173185,306.857869548192,305.85700934206,304.913345036069,304.023444783457,303.184193535778,302.392754255352,301.646531235036,300.943138898476,300.280375138541,299.656198434333,299.068708133895,298.51612740843,297.99678847867,297.509119790007,295.496276400733,294.078950655163,293.123612442371,292.517435721639,292.166176529382,291.994128609218,291.94345738455,291.972055175365,292.050476848176,292.158751298736,292.283638734179,292.416513005341,292.551843106752,292.686149000114,292.81729680055,292.944038723627,293.065699315667,293.181976774807,293.292813103417,293.398293136674,293.498596136385,293.593953259867,293.684621938764,293.770867705117,293.852958842892,293.93115355262,294.005695399794
19,441.48730160907,469.203082125585,433.233337954172,390.851944854232,360.389030492293,339.229374030347,335.940546108421,332.918062567671,330.138003984927,327.576772465066,325.212094470842,323.023632920018,320.993250740972,319.104998837823,317.344988551521,315.701162597692,314.163061875454,312.72159820276,311.368849332825,310.097880712653,308.90259375853,307.777600088432,306.718107136685,305.719845402205,304.778968816853,303.892021091717,303.055865516972,302.26764577952,301.524748820367,300.824773256501,300.165502411593,299.544881184383,298.960996132894,298.412058272948,297.8963881854,297.412403104073,295.417831231423,294.017664279441,293.07741713813,292.483702613148,292.142162684777,291.977340574869,291.931848554934,291.964065788777,292.044977754785,292.154951949832,292.280996648896,292.414659564968,292.5505289557,292.685205346571,292.816609061036,292.943528887807,293.065313924673,293.18167921355,293.29257796322,293.398102953084,293.498438765523,293.593820234269,293.684507327767,293.770767368719,293.852869785752,293.93107360998,294.005623055696
20,440.898963159087,468.71317807743,433.231550681465,390.842422113148,360.347153954086,339.13528493251,335.836657966937,332.805415151024,330.017811830834,327.450307373135,325.080595834595,322.888251497489,320.855021100561,318.964831398747,317.203674424385,315.559384023066,314.021405136334,312.580566682885,311.228875612453,309.959337238939,308.765801985336,307.64283821957,306.585616317901,305.589835323323,304.651621501856,303.767494873212,302.934297721066,302.149155032115,301.409436907145,300.712726618235,300.056793343098,299.439568794593,298.859127114724,298.313667524351,297.80149931732,297.321028866103,295.34386589125,293.959997944619,293.034041373947,292.452084516798,292.119684580019,291.961639321523,291.920994964782,291.956595470319,292.039833535019,292.151394921383,292.278520308595,292.412920087167,292.549293544643,292.684316457419,292.815959711386,292.943046211839,293.064947963797,293.181395732598,293.292353212931,293.397920570314,293.498287375289,293.593691898943,293.684396482368,293.770670123152,293.852783322032,293.930995887838,294.005552641667
21,440.335138789184,468.242684716813,433.229769753096,390.833548813024,360.307980936892,339.046591540444,335.738578103212,332.698918310192,329.904044452453,327.330479516692,324.955893164339,322.759779066749,320.723775003167,318.83168975826,317.069401191512,315.424638498375,313.886754116805,312.446496895524,311.095805305819,309.827626447902,308.635761344451,307.514736441905,306.459686178763,305.466276948331,304.530614567445,303.649189650597,302.818826212583,302.036631069815,301.29995795478,300.606375221035,299.953638291697,299.339666058998,298.762520595573,298.220389661839,297.711571592344,297.234462223538,295.273922470295,293.905581432275,292.993185509462,292.422354516624,292.098575053304,291.946905311373,291.910813026404,291.949586618201,292.035004814597,292.148053566371,292.27619171537,292.411282087214,292.548128302154,292.683476418291,292.815344645618,292.942587826594,293.064599411825,293.1811248952,293.292137818825,293.397745231993,293.498141402302,293.593567825563,293.684289069458,293.770575703495,293.852699235857,293.930920206015,294.005484004531
22,439.793730353031,467.789987178348,433.22799162758,390.825252062104,360.271224361952,338.962760881701,335.645739945257,332.597978465216,329.796087222937,327.216658375412,324.837344397406,322.637565659679,320.598857609553,318.70491674342,316.941511477746,315.296270247341,313.758456171067,312.318740636386,310.968995779951,309.702112258134,308.511843162241,307.392674242436,306.339705032889,305.348569935299,304.415355697607,303.536523536473,302.708879965096,301.929514119856,301.195763801962,300.50518284176,299.855513271084,299.244661500979,298.670677857305,298.131738951535,297.626130032215,297.152241531995,295.207615426203,293.854091758888,292.954600506503,292.39431712296,292.078692102746,291.933037159019,291.901231893392,291.942990433636,292.030458245696,292.144904983426,292.273995159518,292.409735007865,292.547025997938,292.682680257698,292.814760429234,292.942149870575,293.064266600993,293.180865526602,293.291930888706,293.397576281218,293.498000361817,293.593447644487,293.684184800694,293.770483879699,293.852617339207,293.930846407169,294.005417010218
23,439.272910310255,467.353670309246,433.226213309947,390.817469967774,360.236638669906,338.883333363174,335.55765434935,332.502082666053,329.693408604962,327.108298348842,324.724393695318,322.521048399363,320.479698756796,318.583942973274,316.819435642303,315.173710954339,313.635945656196,312.196736088657,310.847890038094,309.582243355151,308.39350255956,307.276111769502,306.225142781491,305.236194813881,304.305331668871,303.428992398215,302.603964316545,301.827319335399,301.096379730793,300.408685177796,299.76196465581,299.15411241063,298.58316732274,298.047292667253,297.544770671542,297.073974559436,295.144605270648,293.805252486649,292.918065801971,292.367810992585,292.059913990571,291.919948062332,291.892190971379,291.936765181329,292.026165294127,292.14192977345,292.271917433113,292.408269745404,292.545980363354,292.681923631712,292.814204029194,292.941733126048,293.063948010725,293.180616531955,293.291731678325,293.397413177704,293.497863830776,293.593331031409,293.684083421619,293.770394450575,293.852537467186,293.93077435295,294.00535154057
24,438.771071229157,466.932477728152,433.224432248076,390.810149586178,360.204012341983,338.80791002271,335.473896214737,332.410784708667,329.595545887361,327.004924213618,324.616556705038,322.409736634318,320.365809581905,318.468271902486,316.702676841547,315.056464880111,313.51872913004,312.079993128082,310.732002153373,309.467538772502,308.280264196518,307.164583981107,306.115537026991,305.128694166169,304.200092839942,303.326156607708,302.503647948927,301.72962401284,301.001391929365,300.316477561484,299.672597151569,299.067630617213,298.499610540956,297.966689688105,297.467135277816,296.999313278588,295.084598967165,293.758823711975,292.883392305269,292.342690489926,292.042135651743,291.907563203063,291.883638075723,291.930874949264,292.022101421866,292.139111212665,292.269947130218,292.406878498687,292.544986040088,292.681202840317,292.81367287431,292.941334350647,293.063642368561,293.180377001846,293.291539509299,293.397255416392,293.497731449716,293.59321771276,293.683984719409,293.770307237756,293.852459473003,293.930703919809,294.005287490854
25,438.286791372635,466.525320539496,433.222646252378,390.803245321064,360.173162013559,338.736142420541,335.394093860008,332.323694107637,329.502093849962,326.906119561274,324.513408836891,322.303200112332,320.256753467719,318.357467918668,316.590799140008,314.944097014436,313.406373568865,311.968081625594,310.620905673846,309.357576413905,308.171710925144,307.05767718372,306.010482020237,305.025668582443,304.099250533865,303.227630497244,302.407552528269,301.636057422099,300.91043751674,300.228205184744,299.587061748819,298.984882892688,298.419683023618,297.889606981667,297.392912129844,296.927955007598,295.027340277957,293.714596070606,292.850415392332,292.318830863793,292.025263492518,291.895817676734,291.875527973111,291.925288618926,292.018245365795,292.13643480382,292.268074356704,292.405554494107,292.544038369901,292.680514662191,292.81316472227,292.940951971479,293.063348561035,293.180146139625,293.291353803622,293.397102571189,293.497602891228,293.593107435385,293.68388849361,293.770222087953,293.852383230866,293.93063356217,294.005224767406
26,437.818806805963,466.131205428613,433.22085343257,390.796717659985,360.143927184751,338.667724542325,335.317920505943,332.240467249035,329.412695664481,326.81151751291,324.414575847776,322.201059477692,320.152147826438,318.251146774941,316.48341795306,314.836223551204,313.298496893991,311.860622041925,310.514224299184,309.251983824687,308.067474666042,306.95502813862,305.909619774774,304.926765694577,304.002456341301,303.133073884773,302.315344378474,301.546292634144,300.823196530156,300.143552763009,299.50505787707,298.905568920959,298.34309206312,297.815762056663,297.321826653165,296.859633195284,294.972603825033,293.672385605389,292.818990536361,292.296122963425,292.009222396313,291.884654844851,291.867821220417,291.91997906543,292.014578592916,292.133887909028,292.266290484376,292.404291821759,292.543133285867,292.679856282593,292.812677611812,292.940584611252,293.063065611729,293.179923245428,293.291174052392,293.396954265956,293.497477870994,293.592999980211,293.683794571453,293.770138858786,293.852308622803,293.930566087816,294.005163287442
27,437.365988598563,465.749250732975,433.219052147393,390.790532166765,360.116168898895,338.602386253371,335.245087383923,332.160800226773,329.327035522895,326.720793193553,324.319726206476,322.102978564909,320.051653547462,318.148967828635,316.380192292952,314.732504160247,313.194760285156,311.757277796031,310.411624315729,309.150430703345,307.967229005404,306.856314737548,305.812632857319,304.831673072723,303.90940093261,303.042185199157,302.226727728252,301.460037889846,300.739380940196,300.062246048064,299.426310557406,298.829424800787,298.269580591623,297.74490480218,297.253635796806,296.794111944327,294.920190418618,293.632030082391,292.788990531458,292.274470779878,291.993940071081,291.874025012894,291.860483234573,291.91492251443,292.011084860458,292.131459450239,292.264587947416,292.40308529687,292.542267217854,292.679225228779,292.812209818379,292.940231057258,293.062792659556,293.179707700838,293.290999804848,293.396810166583,293.497356136798,293.592895152488,293.683702799045,293.770057425881,293.852235545893,293.930499940317,294.005102975022
28,436.927323988922,465.378664045697,433.217232283058,390.784658670833,360.089763035961,338.539887961376,335.175338111998,332.08442299283,329.244832614652,326.63365758104,324.228564851526,322.008658096456,319.954968660774,318.050627691936,316.280818424749,314.632635663964,313.094861890818,311.657749020129,310.312808405984,309.052622773872,307.870683137481,306.761250021653,305.719238488949,304.740112413907,303.819815087374,302.95469382646,302.141437142526,301.377036678284,300.658747158595,299.984039854045,299.350582854801,298.756213686912,298.198917912767,297.676810783084,297.188123392528,296.73118149405,294.869923160638,293.59338557114,292.760302815679,292.253789398957,291.979354704705,291.86388206167,291.853483539922,291.910098022006,292.007749860039,292.12913966707,292.262960077638,292.401930347642,292.541437015937,292.678619317445,292.811759817923,292.939890236798,293.062528941942,293.179498957427,293.290830660586,293.3966699757,293.497237463407,293.592792777837,293.683613038187,293.769977677232,293.852163907242,293.930435041057,294.005043762263
29,436.501900829895,465.018724882976,433.215409315748,390.7790706099,360.064600273342,338.480016230907,335.108444069594,332.011094542856,329.165836167335,326.549852439034,324.140828047619,321.917830488411,319.861823113439,317.955852135083,316.185024635451,314.536346823021,312.998531641357,311.561767409766,310.217510543502,308.958296732461,307.777576869173,306.669577249418,305.629183681016,304.651832730762,303.733449901398,302.870361556934,302.059238661259,301.297061190255,300.581065106054,299.908711668613,299.277657551552,298.685729652077,298.130903552051,297.611285063914,297.125094402731,296.670654517057,294.821644258332,293.556323904491,292.732827176259,292.234003599434,291.965411424169,291.854191702985,291.846795154298,291.905487050601,292.004560927651,292.126919919319,292.261400970198,292.400822923786,292.540639887892,292.67803661186,292.811326257399,292.939561196553,293.062273780349,293.179296526457,293.290666262174,293.396533427313,293.497121648898,293.592692699553,293.683525164412,293.769899511702,293.852093622781,293.930371318751,294.00498558753
30,436.088894488738,464.668796501581,433.2135740655,390.773744492195,360.040583428454,338.422580152797,335.044200565567,331.940598925268,329.089821333509,326.469146112879,324.05627911666,321.830255538492,319.7719744325,317.864403102932,316.092566889757,314.44339400568,312.905526941017,311.46909194622,310.125491752485,308.867216050177,307.687676470886,306.58106580017,305.542237227497,304.566614405926,303.650089665453,302.788974619861,301.979923581407,301.219901884381,300.506132156135,299.836063513931,299.207341437268,298.61778240393,298.065352215562,297.5481474408,297.064379512245,296.612361100178,294.775212395704,293.520730453378,292.706474176831,292.215046090741,291.95206156181,291.844917092597,291.840393966007,291.901073120637,292.001506805429,292.124792524793,292.25990537326,292.399759421283,292.539873347747,292.677475386558,292.810907930353,292.939243085648,293.062026568435,293.179099970576,293.290506289215,293.396400282562,293.497008511564,293.592594776302,293.683439065176,293.769822837669,293.852024615909,293.93030870833,294.004928394463
31,435.687556870747,464.32828525328,433.211725553351,390.768659453864,360.017625765085,338.367408318927,334.982423642666,331.872741910476,329.0165857564,326.391330018057,323.974704871019,321.74571682237,319.685204099848,317.776058162916,316.003225198146,314.353557566866,312.815629065789,311.379505319716,310.036536562112,308.779167463302,307.600771207244,306.495507748982,305.458202120378,304.484253880282,303.569534267382,302.710334154962,301.903298899587,301.145372091228,300.433765732358,299.765917025512,299.139460467362,298.552202315317,298.002098781367,297.487237375395,297.005820929595,296.556153922733,294.7305005316,293.48650230863,292.681163641004,292.196856734751,291.939261373529,291.836027552553,291.834258867681,291.896841462454,291.998577366615,292.122750531983,292.258468596652,292.39873662014,292.539135173188,292.676934098023,292.810503756695,292.938935141596,293.061786762216,293.178908896889,293.29035045342,293.396270326105,293.49689788717,293.592498880058,293.683354638302,293.769747571743,293.851956817869,293.930247151318,294.004872132336
32,435.297207115213,463.996654784657,433.20986291,390.763796891841,359.995649581451,338.314346285228,334.922947395362,331.807348194188,328.945946684423,326.316215688766,323.895912614859,321.664016314217,319.601312152539,317.690618642005,315.916800561526,314.266638801939,312.728640132769,311.292810920105,309.950450023322,308.693958020445,307.516670418209,306.412712939927,305.376889137747,304.404568799439,303.491604513022,302.634269148693,301.829192212833,301.073303008633,300.363800753142,299.698110950794,299.073857316538,298.488836076974,297.940994035945,297.428409820979,296.949277837442,296.501894545083,294.687394055137,293.453546753205,292.656823434602,292.179381499018,291.926971685965,291.827495274349,291.82836815492,291.892779057673,291.995763818617,292.120788047515,292.257086406703,292.397751602112,292.538423339495,292.676411330463,292.810112737338,292.938636651874,293.061553871823,293.178722951084,293.290198494399,293.39614336312,293.496789627166,293.592404894828,293.683271791106,293.769673638188,293.851890164523,293.930186593033,294.004816753686
33,434.917223673922,463.673414713863,433.207985360869,390.759134281298,359.974585025897,338.263254431717,334.865621705854,331.744259034757,328.877738532973,326.243632282758,323.819725241334,321.584981169861,319.520123955475,317.60790188648,315.833110056451,314.182457369007,312.64438053563,311.208830290244,309.867055184245,308.611412583681,307.435199035049,306.332514688514,305.29813007283,304.327393670505,303.416135329059,302.560615533539,301.757447097978,301.003541496517,300.296087470733,299.63249903366,299.01038930876,298.427544673053,297.881902701855,297.371533299743,296.894622614361,296.449459251151,294.645789228135,293.421779973945,292.633388440271,292.162571663741,291.915157232295,291.819295377827,291.822709057627,291.888873924475,291.993057894191,292.118899337791,292.255755101571,292.396801852463,292.537736135647,292.675905916063,292.809734082486,292.93834707744,293.061327454654,293.178541812632,293.290050176266,293.396019216799,293.496683596031,293.592312714527,293.683190438545,293.769600967306,293.851824597754,293.93012698387,294.004762215387
34,434.547037531667,463.358115440604,433.2060922135,390.754668155678,359.954369098023,338.21400614756,334.810310322461,331.683330246858,328.811810812504,326.173422114287,323.745988496018,321.508447604366,319.441474057024,317.527748519875,315.751993904714,314.100846784267,312.562686762691,311.127400959275,309.786190942309,308.531371702451,307.356203497282,306.254755555443,305.221771800172,304.252577847315,303.342983562525,302.489232193708,301.687919308743,300.935948200757,300.230489633438,299.568948215553,298.948926664462,298.368201679138,297.824701758616,297.316488262451,296.841739230492,296.39873559532,294.605591863019,293.391125969484,292.610799688213,292.146383166068,291.903786145535,291.811405392907,291.81726380081,291.885115389542,291.990452314247,292.117079445695,292.254471197572,292.39588495045,292.537071868265,292.675415911011,292.809366914709,292.938065777664,293.061107109373,293.178365190498,293.289905284471,293.395897726054,293.496579670343,293.592222242366,293.683110502936,293.769529495345,293.851760064098,293.930068278143,294.00470847766
35,434.186126375538,463.05034367533,433.204182846957,390.750379434292,359.934944801675,338.166486283869,334.756889220222,331.624430488775,328.748026359226,326.105448182157,323.67455507947,321.43426827306,319.365213562473,317.45000645173,315.673299764336,314.021661745652,312.483409530985,311.048374589636,309.707710207221,308.453687793434,307.279537984526,306.179293633739,305.147674526869,304.179981370276,303.272011701629,302.419984510244,301.62048267278,300.87039595063,300.166882915175,299.507337098769,298.889350986506,298.310691765261,297.769279023412,297.263165722152,296.790521951272,296.349621072203,294.566714348423,293.361515619519,292.589003617318,292.130776032829,291.892829544431,291.803804967166,291.812018285072,291.881493783001,291.987940476826,292.115323867164,292.25323161811,292.394998788121,292.536429076558,292.674941791506,292.809010543764,292.937792269933,293.060892471057,293.17819281972,293.289763623429,293.39577874379,293.496477737135,293.592133389611,293.683031912924,293.76945916366,293.851696514252,293.930010433644,294.004655503743
36,433.834009557634,462.749718570448,433.202256702892,390.746255945104,359.916260423172,338.120589828352,334.705245195648,331.567439793431,328.686257490878,326.039578674157,323.605292385924,321.362308373506,319.291206223968,317.374538617777,315.596887539796,313.944762795372,312.406409863027,310.971615385237,309.631478322934,308.37823155156,307.205070814945,306.105999019095,305.075710289515,304.109483183723,303.203096084115,302.352751152335,301.555016435221,300.806768381085,300.105153566032,299.447554625397,298.831553979242,298.25490946041,297.715531898164,297.2114660022,296.740874057226,296.302022023214,294.529082037496,293.332885887879,292.56795144253,292.115713898097,291.882261179186,291.796475614479,291.80695970766,291.878000323846,291.98551638487,292.113628507063,292.252033556015,292.394141432346,292.535806430755,292.674481889607,292.808664315433,292.937526090296,293.060681053263,293.178024458353,293.289625014284,293.395662135297,293.496377692771,293.592046074688,293.682954602795,293.769389918114,293.851633902682,293.929953411345,294.004603259584
37,433.490243723846,462.455888358191,433.200313277914,390.742286656704,359.898268913391,338.07622076489,334.65527465657,331.51224830271,328.626393960001,325.97569487292,323.538078821302,321.292444265403,319.219327050874,317.301219259718,315.522636617848,313.870024032042,312.331566939187,310.89699871718,309.557371705245,308.304878694248,307.13268113656,306.034752494572,305.005761657412,304.040965393831,303.136123240138,302.2874207977,301.49141151794,300.744957314897,300.045195821166,299.38949752225,298.775436332001,298.200758056839,297.663366329697,297.161297751008,296.692706938987,296.255852590873,294.492621403193,293.30517913697,292.54759861151,292.101163589117,291.872057127259,291.789400498708,291.802076412694,291.874626951174,291.983174497978,292.111989548274,292.250874370121,292.39331112593,292.535202712417,292.674035355849,292.808327632582,292.937266814912,293.060476902493,293.177859884878,293.289489293051,293.395547776838,293.496279441898,293.591960222429,293.682878511871,293.769321708669,293.851572187202,293.929897175048,294.004548007396
38,433.154419005734,462.168527417212,433.198352117089,390.738461544208,359.880927356399,338.033291088004,334.606882575726,331.458755172364,328.568327991533,325.913687694841,323.472802621545,321.224562274931,319.149461105614,317.229932717177,315.450428390056,313.797329642165,312.258763112257,310.824407625779,309.485274662477,308.233516695887,307.062257772258,305.965444390474,304.937718165432,303.974321750897,303.07098880326,302.22389106276,301.429566169872,300.684867438786,299.986916588387,299.333074967744,298.720905340698,298.148147280001,297.61269588454,297.112577027914,296.645939185288,296.211033923827,294.457266727575,293.278342535576,292.527904335773,292.087094769287,291.862195531267,291.782564246935,291.797357743425,291.871364284857,291.980910040851,292.110403811997,292.249751958647,292.392506237092,292.534616786084,292.673601394073,292.807999932091,292.937014041454,293.060277528739,293.177698886277,293.289356299555,293.395435544972,293.496182896599,293.591875763399,293.682803584026,293.769254488943,293.851511328673,293.929837968893,294.004497004509
39,432.826155689884,461.887333703411,433.19637280833,390.734771473958,359.864196510587,337.991719947784,334.55998158215,331.406865330863,328.511962475377,325.853456680465,323.409360824966,321.158557654806,319.081502456167,317.160572376625,315.380155984105,313.726572851549,312.187892009274,310.753740970781,309.415086331819,308.164041804017,306.993698214639,305.897973592247,304.871485059325,303.909454302662,303.007596563478,302.162066132994,301.369390797745,300.626406873957,299.930226051629,299.278199277595,298.667879712662,298.096998012573,297.563440950911,297.065226529513,296.600495834696,296.167493431382,294.422957460041,293.252327545123,292.508831184482,292.073479629236,291.852656372261,291.775952784223,291.792794012831,291.868209989716,291.978718287187,292.108867999443,292.248663996644,292.391725360591,292.534047692486,292.673179346181,292.8076807593,292.936767452133,293.060082706901,293.177541300147,293.28922591874,293.395325358732,293.496087971143,293.591792628975,293.682729767197,293.769186756569,293.851447553415,293.929783083171,294.004446642147
40,432.505101294454,461.612026491629,433.194374977629,390.731208104001,359.848040410969,337.951432905098,334.514491169282,331.356497771889,328.457207823932,325.794909113555,323.347658375285,321.09433367632,319.015353261397,317.093039753531,315.311720666053,313.657655009474,312.118855345284,310.684898809748,309.34670560912,308.096358151047,306.926907748119,305.83224667399,304.806967930779,303.846272553324,302.945856212543,302.101861692125,301.310798576461,300.56949206749,299.875042568981,299.224790777586,298.616280393184,298.047233289066,297.515526656529,297.019174910279,296.556307713304,296.12516413742,294.38963783387,293.227089472388,292.49034473113,292.060292618394,291.843421272348,291.769553211374,291.788376254824,291.865155745778,291.976595076515,292.107379276373,292.247608550364,292.390967088846,292.533494442513,292.672768510655,292.807369612102,292.936526686289,293.059890701818,293.177386935939,293.289098005432,293.39521710308,293.495994600971,293.591710769895,293.682657010559,293.769117654932,293.851388181876,293.929728888494,294.004396894736
41,432.190927994265,461.342344384111,433.192358284843,390.727763797825,359.832426023034,337.912361280612,334.470337002304,331.307571200905,328.403981220097,325.737959249466,323.287607335785,321.031800833831,318.950922969527,317.027243687918,315.245031035629,313.590484785959,312.051562124334,310.617788741099,309.280047321115,308.030376975632,306.861798679376,305.768174721767,304.744081592814,303.784690881902,302.885688314462,302.043195620242,301.253710462427,300.514045693191,299.821290590202,299.17277574616,298.566035536811,297.998783182584,297.468887789168,296.974354827398,296.513310857649,296.083984120354,294.357256334168,293.202587049276,292.47241324514,292.04751021095,291.834473326109,291.763353650065,291.784096268615,291.862195934926,291.974536573482,292.105935023941,292.246583826663,292.390230188632,292.532956184342,292.672368295729,292.807066076099,292.936291448582,293.059704229619,293.1772356356,293.288972441829,293.3951106909,293.495902709689,293.591630124411,293.682581511457,293.769053058933,293.851329563665,293.929675357138,294.004347738042
42,431.883330345428,461.078043548225,433.190322420107,390.724431549329,359.817322940589,337.874441583728,334.427450310198,331.260012445029,328.352205956588,325.68252763708,323.229126198621,320.970876145331,318.888127613323,316.963099636959,315.180002318519,313.524977465697,311.985927936821,310.552330774291,309.215026037763,307.966013713724,306.798289660468,305.705682289384,304.682747027756,303.724633830819,302.827015146848,301.98599307852,301.198051155202,300.459994227198,299.76890006698,299.122085837659,298.517078544714,297.951582880626,297.423459985576,296.930707851834,296.471446007165,296.043896020279,294.325765283479,293.178782219472,292.455007421704,292.035110701053,291.825796945436,291.757343164791,291.779946497492,291.859325378747,291.972539240441,292.104532823883,292.245588167549,292.38951351785,292.532432125394,292.671978146831,292.806769759478,292.936061459902,293.059521634356,293.177087252862,293.288849119373,293.395006038,293.495808556597,293.591546865087,293.682510636214,293.768989295318,293.851271671554,293.929622464638,294.004299150471
43,431.582023268549,460.818896152619,433.188267100662,390.721204917334,359.802703120769,337.83761501014,334.385767350391,331.213753638887,328.301810853666,325.628540521013,323.172139275702,320.91148253556,318.826889188404,316.900529050914,315.116555741985,313.461054325108,311.921874339426,310.488445006746,309.151564441244,307.90319625452,306.736305091577,305.644692440416,304.622890806191,303.666030194304,302.769765804285,301.93018453292,301.143756527396,300.407274683112,299.717805932845,299.072657573645,298.469347567748,297.905572200166,297.379184761477,296.888175878289,296.430656813609,296.004846604356,294.29512047334,293.155639619826,292.438100144382,292.023074023069,291.817377732745,291.751511658801,291.775919965722,291.856539296713,291.9705998107,292.103170441985,292.244620039491,292.388816018318,292.531921530972,292.671597550041,292.806480299918,292.935836462008,293.059342728924,293.176941650467,293.288727935555,293.394899381934,293.495719322343,293.591468382014,293.682440695942,293.768926331363,293.85121447573,293.929570186208,294.004251110362
44,431.286740255721,460.564688975147,433.186192068129,390.718077968215,359.788540651605,337.801826998262,334.34522668197,331.168731728226,328.252729744418,325.575929312956,323.116576159909,320.853548290262,318.767135103092,316.839458820798,315.054617982258,313.398642080992,311.859328306347,310.426058855364,309.089590550566,307.841851169437,306.675774592372,305.585135760488,304.564444572719,303.60881135465,302.713874287888,301.87570526531,301.090761228574,300.355823275707,299.667947642977,299.024431892939,298.422785066925,297.860695158808,297.336007721493,296.846706124979,296.390894805769,295.966786382558,294.265280838851,293.133126479074,292.421666275744,292.011381593102,291.809202363494,291.745849792489,291.77201022237,291.853833268093,291.968715262803,292.101845811066,292.243678023261,292.388136710599,292.5314237209,292.67122602933,292.806197360946,292.935616214665,293.059167339973,293.176798701246,293.288605102772,293.394797912996,293.495631384263,293.591390966935,293.682371654475,293.768864137013,293.851157950625,293.929518499412,294.004203598003
45,430.997231772127,460.315222160457,433.184097086064,390.715045225573,359.774811546636,337.767026836571,334.305777731762,331.124888029933,328.20490101827,325.524630122765,323.0623712471,320.797006571929,318.708797690289,316.779820788297,314.994120674089,313.33766978485,311.798219817665,310.365104635607,309.029037241901,307.78191202501,306.616627941313,305.526947521974,304.507343183933,303.552914641363,302.659279063487,301.822494939571,301.039006176039,300.305582225508,299.619268765924,298.97735375238,298.377337423454,297.816899594312,297.293878188371,296.806249424436,296.352111016253,295.929669266992,294.236208170244,293.111212336857,292.405682472315,292.000016169249,291.801256764341,291.740348911191,291.768211291141,291.851203197688,291.966880559474,292.100557015717,292.242760803476,292.387474686625,292.53093806402,292.670863142658,292.805920630232,292.935400494779,293.058995306175,293.176654589262,293.288487812458,293.394697985424,293.495544689817,293.591314577942,293.682303477416,293.768802683609,293.851102071817,293.929467383115,294.004156594807
46,430.713263827211,460.070308108099,433.181981937832,390.712101625765,359.76149356352,337.733167314996,334.267366991562,331.082167841018,328.158267215202,325.474583341465,323.009463310934,320.741794988912,318.651813773001,316.721551309533,314.934999974221,313.278078805852,311.738489099656,310.3055191309,308.969841821572,307.723316772467,306.558812951405,305.470067271799,304.451529912331,303.498281527457,302.605922668471,301.770497215452,300.988436203956,300.256497587875,299.571716620299,298.931371771603,298.332954591862,297.77413682622,297.252748873262,296.766759902575,296.314261005499,295.893450940436,294.207866856721,293.089867047714,292.390127020426,291.988961727616,291.793532881797,291.735000981135,291.764517625958,291.848645285385,291.965097542028,292.09930227813,292.241867158875,292.386829102911,292.530463973948,292.670508479123,292.805649817193,292.935189094561,293.058822778636,293.176516495613,293.288372393772,293.394599535914,293.49545918957,293.591239175506,293.68223613245,293.768741944176,293.851046816291,293.929416817381,294.004110083235
47,430.434616694312,459.829770475024,433.179846424748,390.709242478739,359.748566043171,337.700204414389,334.229946608867,331.040520090158,328.11277466398,325.425733269392,322.957795123561,320.687855211066,318.596124276746,316.664590865846,314.877196171861,313.219806884379,311.680074763319,310.2472432079,308.91194564475,307.666007370561,306.502267766358,305.41443846355,304.396947687103,303.444857272571,302.553751360883,301.719659404017,300.938999725365,300.208518921835,299.525241950657,298.886437916208,298.289589790543,297.732361354007,297.212575581644,296.728194692523,296.277303252733,295.858093889749,294.180223654061,293.069067654302,292.37497969027,291.978203352226,291.786018344606,291.729798532615,291.760924071447,291.846155999057,291.963361595302,292.098079945381,292.240995953679,292.38619917477,292.530000904888,292.670161656066,292.805384651021,292.934978124923,293.058656913147,293.176380722009,293.288258769214,293.394502505172,293.495374837127,293.591164722507,293.682169588407,293.768681892644,293.850992161791,293.929366782952,294.004064046409
48,430.16108376029,459.593443278471,433.177681417069,390.706463433213,359.736009766771,337.668097029914,334.193471868621,330.99989702618,328.068373158618,325.378027783451,322.907313116513,320.635132625969,318.541673882893,316.608883715331,314.820653339936,313.162798108983,311.622921083271,310.190221473088,308.855293774824,307.609929447813,306.446938674638,305.360008128322,304.343544354926,303.392590603664,302.502714805541,301.669932159393,300.890648429865,300.161598993892,299.479798637638,298.842507214347,298.247199225065,297.691530587205,297.173316950377,296.690513678768,296.241198907312,295.823559225762,294.15324749899,293.048787785723,292.360221605817,291.967727137014,291.778703209786,291.724734609416,291.757425827787,291.843732050378,291.96167047119,292.096888478267,292.240146129951,292.385584171024,292.529548348037,292.669822316583,292.805121191873,292.934774697075,293.05849398022,293.176247171702,293.288146866168,293.394406837562,293.495291588549,293.591091183665,293.682103818585,293.768622506763,293.850938089277,293.929317263182,294.004018469468
49,429.892470489864,459.36117008736,433.175504266896,390.703760445858,359.723806828308,337.63680672295,334.157900927914,330.960253939541,328.02501566896,325.33141803961,322.857967076543,320.583576030552,318.488410717582,316.55437758106,314.765319022944,313.107000035266,311.56697578722,310.13440196387,308.799834677226,307.55502965732,306.392775291853,305.306723023479,304.291270995918,303.341433428638,302.45276579252,301.62126920239,300.843337012504,300.115693512412,299.435343438032,298.799537502713,298.205741840119,297.65160460348,297.13493421208,296.653679267904,296.205911565904,295.789811748478,294.126909295917,293.029004278932,292.345835076715,291.957520098228,291.771578199817,291.719802723736,291.75401841943,291.841370373355,291.960022073407,292.095726441266,292.239316700756,292.38498340933,292.529105828381,292.669486454666,292.804866481493,292.934575044395,293.058333856978,293.176115754023,293.288036616336,293.394312480666,293.495209403798,293.591018526976,293.682038794521,293.768563762631,293.850884578316,293.929268240412,294.003973336984
50,429.628593490851,459.132803291735,433.173306240138,390.701129753722,359.711940520696,337.606297498974,334.123194578346,330.921548911738,327.982658080288,325.285858204824,322.809709872677,320.533137354348,318.436286072574,316.501023369959,314.711143955636,313.05236340518,311.512189776671,310.079735871335,308.745519944562,307.501264740811,306.339730291495,305.254543551348,304.240081662083,303.291340578969,302.403859984115,301.573627072007,300.797022930103,300.070760888952,299.391835751231,298.757489198196,298.16517909663,297.612545931304,297.097390983414,296.617656182641,296.171407072403,295.756818435308,294.101181776637,293.00969549471,292.331803724567,291.947570096109,291.764634645696,291.714996815859,291.750697667043,291.839068105105,291.958414444388,292.094592493585,292.23850674403,292.384396251969,292.528672901775,292.669161009739,292.804616707407,292.934379008322,293.058176428154,293.175986383827,293.287927956122,293.394219385734,293.495128243553,293.590946720746,293.681974490854,293.768505638991,293.850831610692,293.929219698793,294.003928634972
51,429.369279668876,458.908203441495,433.1710871951,390.698567849714,359.700395233827,337.576533416846,334.089316032198,330.883742590191,327.941258959187,325.24130521623,322.762497210036,320.48377140983,318.385254153359,316.448774920128,314.658081809991,312.998840009002,311.458516875356,310.02617729041,308.692304048876,307.448587331407,306.287759163092,305.203422304164,304.189933141686,303.242269577769,302.355955686898,301.526964901658,300.751666181788,300.026762023233,299.349237408858,298.716325092354,298.125474771078,297.574319354264,297.060653074512,296.582411276461,296.13765333783,295.724548266381,294.076037698502,292.99084113855,292.318111998886,291.937865722427,291.757864435867,291.71031121805,291.747459662502,291.836822568624,291.956845753528,292.09348538118,292.237715397129,292.383822102111,292.528245410348,292.668842110491,292.804371662356,292.934186440092,293.058021585775,293.175858981319,293.28782082499,293.394127506145,293.495048071469,293.590875735734,293.681910883529,293.768448115653,293.8507791691,293.929171623274,294.003884350142
52,429.114365461245,458.68723864648,433.168847001023,390.696071460623,359.689156363049,337.547487147949,334.056230729757,330.846797985133,327.900779342352,325.197718563649,322.716287407952,320.435435667322,318.335271852026,316.397588772532,314.606088966707,312.94638997925,311.405913602188,309.973682994222,308.640144117904,307.396954998375,306.236819993061,305.153317951945,304.14078474655,303.194180430415,302.309013645883,301.481244217093,300.707229110861,299.983660109111,299.307510753966,298.676010165813,298.08659477436,297.53689173444,297.024688316992,296.547913366323,296.104620177763,295.692972066719,294.051456287216,292.972422153105,292.304745393849,291.928396426541,291.751259911546,291.705740533321,291.744300634267,291.834631186837,291.95531421558,292.092403862719,292.236941792222,292.383256641061,292.52783031376,292.668529482878,292.804131151816,292.933997200081,293.057869228035,293.175733471119,293.287715166243,293.394036798269,293.494968853214,293.590805544288,293.681847949759,293.768391173479,293.850727237109,293.929123999545,294.003840469848
53,428.863687907644,458.469784031187,433.166585537909,390.693637527395,359.678210226844,337.519126742798,334.023906165268,330.810680286171,327.861182545657,325.155060093079,322.67104119918,320.388090051325,318.286298541737,316.347423964541,314.555124308424,312.894970331314,311.354338965728,309.922212229964,308.588999732717,307.346327739066,306.186873266855,305.104191531087,304.092595994862,303.147035435219,302.262996858375,301.436428753657,300.663676225556,299.94141858109,299.266625377316,298.636511420459,298.048506988002,297.500231852756,296.989466408472,296.514133081434,296.072279165526,295.662062363886,294.027413275588,292.954420621056,292.291690281868,291.919152129057,291.744814090229,291.701280007275,291.741217434931,291.832491790672,291.953818406788,292.091347010505,292.236181664567,292.382706806085,292.527423723245,292.668222869539,292.803894992992,292.933811156859,293.057719259259,293.175609782368,293.287610926393,293.393947220884,293.494890556285,293.590736120199,293.681785667911,293.768334794271,293.850675799099,293.929076813998,294.003796982065
54,428.617116660419,458.255721238316,433.164293750375,390.691263187419,359.667543992655,337.491424172998,333.992311729491,330.77535669616,327.822433991286,325.113293828577,322.626721548064,320.341696756002,318.238295890507,316.298241842741,314.505149032349,312.844542258166,311.303754277945,309.871726533818,308.538832744204,307.296667797358,306.137881689501,305.056006267487,304.04533490902,303.100799011354,302.217870405289,301.392484290586,300.620974036636,299.900008447888,299.226547623551,298.597797727428,298.011181115749,297.4643102643,296.954958771715,296.481042726288,296.040603499125,295.63179325891,294.003887341017,292.93681967724,292.278933844548,291.910123446217,291.738520172546,291.696924809005,291.738206653161,291.830402042283,291.952356682733,292.090311440854,292.235441422871,292.382168386739,292.527025167079,292.667922028435,292.803663013858,292.933628186731,293.057571589287,293.175487848219,293.287508054935,293.39385873502,293.494813149942,293.590667438633,293.681724017494,293.768278960774,293.850624840238,293.929030053692,294.003753875357
55,428.374504876465,458.044937975832,433.161989092977,390.688945758582,359.6571456099,337.464353032305,333.96141856692,330.740796280562,327.784501050853,325.072385810683,322.583293485422,320.29622007762,318.191227692049,316.250005892988,314.45612648002,312.795069095073,311.254122985001,309.822189562894,308.489604798455,307.247939498681,306.089808657893,305.008727415648,303.998965188158,303.055437543543,302.17360129754,301.349378500693,300.579090909855,299.859396937774,299.187247326016,298.559839688986,297.974588548865,297.429099167013,296.9211384268,296.448616156364,296.009567880533,295.602140309184,293.980858374295,292.919603428983,292.266464015143,291.901301528088,291.732371867531,291.692670559682,291.735265247715,291.828359879475,291.950927637421,292.089296914233,292.234716835647,292.381640914898,292.526634364135,292.667626731697,292.803435052381,292.933448173098,293.057426133042,293.175367605521,293.287406504114,293.393771303788,293.494736605043,293.590599476032,293.681662979019,293.768223656565,293.850574346398,293.928983706303,294.003711138815
56,428.135720759003,457.837327603074,433.159662854039,390.686682724866,359.647003749335,337.437888415827,333.931199446094,330.706969830517,327.74735290281,325.032303949462,322.540723958376,320.251626262158,318.145059711949,316.202681585747,314.408021982483,312.746516165029,311.205410513329,309.773566942277,308.441286387009,307.200109099931,306.042623562153,304.962322112378,303.953454483574,303.010919239694,302.130158337176,301.307080813135,300.53799693182,299.819554821344,299.148695963269,298.522609513034,297.938702243575,297.39457228225,296.887979874848,296.416828665069,295.979148405922,295.573080422033,293.958307390199,292.902756883783,292.254269415471,291.892678045609,291.726363250252,291.688513119616,291.732390398941,291.82636335726,291.949529942485,292.088307625833,292.234007272101,292.381123972271,292.526251009464,292.667336764545,292.803210955751,292.933271005906,293.057282810173,293.175248994594,293.287306228734,293.393684892244,293.494660893934,293.590532210026,293.681602533975,293.768168866022,293.850524304134,293.928937760088,294.00366876205
57,427.900639129655,457.632788751934,433.157314947131,390.684471723326,359.637107748142,337.412006810165,333.901628641636,330.673849738261,327.710960402599,324.993017890672,322.4989816936,320.207883366444,318.099759547469,316.156236235202,314.360802719171,312.698850637823,311.1575841293,309.725826125623,308.393842950948,307.153144652671,305.996293489793,304.916759243418,303.908772169081,302.967214001745,302.087510275699,301.265562289217,300.497663787687,299.780454433125,299.110866541955,298.486080898657,297.903496609483,297.360704746019,296.85545899214,296.385656880841,295.949322465734,295.544591757818,293.936216446103,292.8862658835,292.242339310362,291.884245144126,291.720488735774,291.684448604471,291.729579426164,291.824410640929,291.9481586539,292.087339109648,292.233312145969,292.380617147075,292.525874815446,292.667051924332,292.802990579681,292.933096581181,293.057141544702,293.175131958944,293.28720718599,293.39359946724,293.494585990383,293.590465619346,293.681542664743,293.768114574277,293.850474700617,293.92889220385,294.003626735144
58,427.669140987359,457.431224979522,433.154945292715,390.682310532335,359.627447560002,337.386685993335,333.872681826688,330.641409883466,327.675295964224,324.954498893646,322.458037072478,320.164961131397,318.055296499555,316.110638870603,314.314437589007,312.652041401407,311.11061028751,309.678936267882,308.347243896266,307.107015878218,305.950788533399,304.872009321648,303.864889220978,302.924291224485,302.04563254098,301.224795508263,300.458064649547,299.74206956226,299.073733489925,298.450228931746,297.868947407659,297.327473009699,296.823552933508,296.355078673172,295.920068653475,295.51665364148,293.914568567802,292.870117044511,292.230662384858,291.875995408875,291.714743052111,291.680473341108,291.726829800377,291.822499999105,291.946819885246,292.086390555546,292.232630896804,292.380120050665,292.52550551053,292.666772019612,292.802773787812,292.932924800602,293.057002264722,293.175016445064,293.287109335277,293.393514997318,293.494511869442,293.590399683769,293.681483354541,293.76806076714,293.850425523635,293.928847026895,294.00358504863
59,427.441113103633,457.232539619838,433.152553817637,390.680197060815,359.618013709775,337.361904943456,333.84433597475,330.609625529466,327.640333452022,324.9167197197,322.417862016996,320.122830866236,318.011641455859,316.065860118628,314.268895266878,312.606058944253,311.064464574653,309.632868108891,308.301460200632,307.06169405341,305.906080322352,304.828044375725,303.821778108358,302.882127997315,302.00449688812,301.184754463381,300.419174074374,299.704375352599,299.037272558534,298.41502998955,297.835031657552,297.294854749314,296.792240044014,296.325073066818,295.891366682427,295.489246481813,293.893347681769,292.85429770286,292.219231394261,291.867921833555,291.709121222306,291.676583861233,291.724139133682,291.820626131076,291.945508909257,292.085461195675,292.231962995327,292.37963231588,292.525142838069,292.666496831393,292.802560423859,292.932755551945,293.056864888991,293.174902393402,293.287012632132,293.393431445549,293.494438507391,293.590334384024,293.681424587388,293.768007431091,293.850376761511,293.928802219016,294.003543693455
60,427.216442391278,457.036654724729,433.150140454668,390.678129338605,359.608797252089,337.337643755273,333.816569269887,330.578473228311,327.606048081665,324.879654529974,322.378429885303,320.081465342297,317.968766783578,316.021872095667,314.224151383022,312.560875247573,311.019116560994,309.587593866754,308.256464307671,307.017151905964,305.862141919409,304.784837848081,303.779412692603,302.840696575157,301.96407811674,301.145414466301,300.380967910568,299.667348211193,299.001460733155,298.380461653269,297.80172755174,297.262828782453,296.761499778136,296.295620163235,295.863197309346,295.462351697515,293.872538553196,292.838795864372,292.208036096062,291.860017791277,291.703618540009,291.672776886919,291.721505104491,291.818794681756,291.94422461302,292.084550259021,292.231307906069,292.379153569536,292.524786536768,292.666226289595,292.802350438982,292.932588798849,293.056729388659,293.17478977782,293.286917053595,293.393348800748,293.494365878138,293.59026969863,293.681366345306,293.767954553208,293.850328403084,293.928757770449,294.003502660962
61,426.995036495832,456.843482067705,433.147705142062,390.676105507527,359.599782729117,337.313883563774,333.789361024526,330.547930733799,327.572416329394,324.843278791818,322.339715375907,320.040838695843,317.926646231198,315.978648309,314.180177516815,312.51646368651,310.974539695741,309.543087140043,308.212230030013,306.973363518499,305.8189477259,304.742364501365,303.737768135263,302.79997255151,301.924352281875,301.106752059853,300.343423212221,299.630965724389,298.966276151117,298.346502627934,297.769014377741,297.231374992138,296.731312625659,296.266701068548,295.835542264624,295.435951649469,293.852126729254,292.823600158875,292.197067894468,291.852277008589,291.698230551851,291.66904928832,291.718925743032,291.817000762226,291.942966138662,292.083657176959,292.230665247847,292.378683551995,292.52443642637,292.665960152452,292.802143658804,292.932424414879,293.056595671274,293.17467853692,293.28682255726,293.393267024258,293.494293968834,293.590205617829,293.681308620474,293.767902120006,293.850280436795,293.928713671213,294.003461942852
62,426.776792236336,456.652941962117,433.145247823217,390.674123813379,359.590975927888,337.290606474182,333.762691604047,330.517976921652,327.539415848755,324.807569192809,322.30169443977,320.000926338652,317.885254838228,315.936163566051,314.13694836141,312.472798939321,310.930708726606,309.499322817926,308.168732460141,306.930304240358,305.776473394549,304.700600332475,303.696820813086,302.759932715106,301.88529661223,301.068744937668,300.306518160406,299.595206580749,298.931698026384,298.31313266883,297.736872446267,297.20047425689,296.701660043639,296.238297827455,295.808384188094,295.410029578526,293.832098487028,292.808699798247,292.186318639518,291.844693540991,291.69295303997,291.665398203037,291.716395228602,291.815242872519,291.941732433883,292.082781210693,292.230034501441,292.378221897906,292.524092249378,292.665698275826,292.801939980564,292.932262327661,293.056463687102,293.174568628699,293.286729108988,293.393186090841,293.494222753019,293.590142119575,293.681251394332,293.767850122554,293.850232854697,293.928669913971,294.003421531022
63,426.56161603952,456.464958285224,433.142768446298,390.672182598524,359.582362497002,337.267795497636,333.736542357536,330.488591716224,327.507025393989,324.772503561737,322.264344199411,319.961704875972,317.84456885222,315.894393890905,314.094439830178,312.42985690386,310.887599616615,309.456274728728,308.12594788849,306.88794927693,305.734695749345,304.659522493415,303.656548240602,302.720554972923,301.846889434368,301.031371870345,300.270231990762,299.560050500168,298.897706580212,298.280332513796,297.705283025199,297.170108386439,296.672524393864,296.210393362454,295.781706570076,295.384569548398,293.812440785709,292.794084537885,292.175780597308,291.837261750832,291.687782000941,291.661820796128,291.713918946006,291.813519710748,291.94052261047,292.081921752803,292.229415249471,292.377768318574,292.523753804225,292.665440517777,292.80173930512,292.932102464727,293.056333380109,293.17446001211,293.286636677561,293.393105976266,293.494152211423,293.590079188201,293.681194653839,293.767798547538,293.850185645416,293.928626489004,294.0033814183
64,426.349418515735,456.279458265517,433.14026696393,390.670280295161,359.573935263907,337.245434492116,333.710895554089,330.459756023062,327.475224749713,324.738060795897,322.227642874518,319.923152030511,317.804565652252,315.853316447412,314.052628979725,312.387614620611,310.845189467455,309.413924614002,308.083853727879,306.846278925755,305.693592711685,304.61910921857,303.616928997991,302.681818280117,301.80910806427,300.994612637022,300.234544926845,299.525478168663,298.864282977347,298.248083820913,297.674228278813,297.140260062507,296.643888885238,296.182971417873,295.755493697061,295.359556393019,293.793141222612,292.779744641323,292.165446422591,291.829976286977,291.682713654546,291.658314432431,291.711491475484,291.811830038412,291.93933582186,292.081078222975,292.228807092055,292.377322536368,292.523420896991,292.665186741865,292.801541533185,292.931944753927,293.056204697797,293.17435264793,293.286545233108,293.393026657254,293.494082325516,293.590016808603,293.681138386406,293.767747384261,293.850138799695,293.928583388183,294.003341597059
65,426.140114210308,456.096372285861,433.137743332898,390.668415419152,359.56568742659,337.223508108028,333.685734324217,330.431451666406,327.443994665612,324.704220793725,322.191569713059,319.885246573188,317.765223678493,315.81290946823,314.011493938787,312.346050201713,310.803456448796,309.372248520482,308.042428443883,306.805270552391,305.653143232272,304.579339757428,303.57794266499,302.643702574523,301.771936882619,300.958447963259,300.199438118327,299.491471177889,298.831409267215,298.216369110999,297.64369121148,297.110912783589,296.615737520731,296.15601650831,295.729730601702,295.334975668075,293.774187992633,292.765670847646,292.155307448195,291.822832066067,291.677744389123,291.654872954553,291.709111095951,291.810172677735,291.938171262186,292.080250068069,292.228209647417,292.376884286307,292.523093342002,292.664936815963,292.80134657058,292.931789127062,293.05607759005,293.17424649868,293.286454747032,293.392948111516,293.49401307752,293.589954966264,293.68108257993,293.767696622429,293.850092308607,293.928540603655,294.003302060319
66,425.933616946438,455.915633700956,433.135197513896,390.666586564371,359.557612529197,337.202001738144,333.661042605426,330.403661332471,327.413316797081,324.67096439343,322.156104928284,319.847968258336,317.726522367038,315.773152189388,313.971013842597,312.305142765427,310.762379732982,309.331225735275,308.00165149048,306.764903822769,305.613327228178,304.540194312512,303.539569759751,302.60618871659,301.73535509582,300.922859462561,300.164893584708,299.458011969947,298.799068329408,298.185170080169,297.613655617047,297.082050817367,296.588055047225,296.129513868904,295.704403012894,295.310813600118,293.755569813377,292.751854341433,292.14536038955,291.815824255004,291.67287078248,291.651501221562,291.706776171352,291.808546508686,291.937028164646,292.079436761407,292.227620335627,292.376453315553,292.522770961745,292.664690614624,292.801154327563,292.931635519124,293.055952009069,293.174141528566,293.286365191983,293.392870317707,293.493944450372,293.589893647251,293.681027222759,293.767646252139,293.850046163554,293.928498127863,294.003262801355
67,425.729857251457,455.737178668035,433.132629471255,390.664792397482,359.549704439543,337.180901471032,333.636805092817,330.376368515992,327.383173649417,324.638273315317,322.121229639836,319.811297764251,317.688442089727,315.734024789672,313.931168772201,312.264872375477,310.721939434634,309.290836482127,307.961503250568,306.725159322161,305.574125524666,304.501653981989,303.501791682291,302.569258433794,301.699344781511,300.887829582939,300.13089416238,299.425083785736,298.767243823653,298.154474078091,297.584106029278,297.053659149822,296.560826915287,296.10344942102,295.679497330135,295.287057073366,293.737276062954,292.738286725046,292.135597252759,291.808948256327,291.668089579562,291.648193386974,291.7044851457,291.806950465842,291.935905799623,292.078637801819,292.227043218137,292.376029383197,292.522453587382,292.664448018365,292.800964718633,292.931483868112,293.055827909205,293.174037703365,293.286276541787,293.392793255366,293.493876427722,293.589832838173,293.680972303707,293.767596263856,293.850000356273,293.928455953555,294.003223813694
68,425.528755799707,455.560945989431,433.130039172765,390.66303165317,359.541957328536,337.160194048765,333.613007192514,330.349557471384,327.353548526753,324.606130109033,322.086925819623,319.775216638034,317.650964098401,315.695508334567,313.891939698279,312.225219984951,310.682116554774,309.251061865875,307.921964980844,306.686018500641,305.535519801321,304.463700706535,303.464590662185,302.532894269143,301.663888817933,300.853341557251,300.09742345613,299.392670617399,298.735920143199,298.124264287526,297.555027678621,297.025723444633,296.53403922833,296.077809714463,295.655000554007,295.263693541886,293.719296442348,292.724959950678,292.126012014407,291.802199691303,291.663397682119,291.644947297723,291.702236538312,291.805383535259,291.934803472706,292.07785271208,292.22647577405,292.375612259919,292.522141058099,292.664208913311,292.800777662236,292.931334114845,293.055705246871,293.173934990372,293.28618877141,293.392716904895,293.493808993872,293.589772526182,293.680917810488,293.76754664722,293.849954877906,293.928414073127,294.00318509112
69,425.330240733448,455.386876966267,433.127426589415,390.661303129724,359.534365650677,337.139866827036,333.589634979041,330.323213167387,327.324425484608,324.574518104495,322.053176241594,319.739707244547,317.614070473368,315.657584724313,313.853308429047,312.186167384262,310.642892928943,309.211883820961,307.88301876076,306.647463622578,305.497492542109,304.426317220069,303.427949709989,302.497079533436,301.628970837043,300.819379357255,300.064465794088,299.360757164239,298.705082371701,298.094526188181,297.5264064512,296.998230003349,296.507678711089,296.052581903711,295.630900274056,295.240711034378,293.701619998889,292.711866479737,292.116598932058,291.795574388232,291.658792139069,291.641760903468,291.700028939242,291.803844751443,291.933720522505,292.077081037637,292.225917689304,292.37520172719,292.521833220573,292.663973190842,292.800593080556,292.931186202821,293.055583980409,293.173833358301,293.286101856883,293.392641247524,293.493742132657,293.589712698005,293.680863736618,293.767497396442,293.84990972307,293.92837248135,294.003146627497
70,425.134243131869,455.214915262148,433.124791695239,390.659605685007,359.52692412705,337.119907738612,333.566675155735,330.297321245033,327.295789285896,324.543421366403,322.019964435125,319.704752718971,317.577744075096,315.620236645649,313.815257561928,312.147697152873,310.604251179168,309.173285063599,307.844647445116,306.609477719686,305.460026989012,304.389487004034,303.39185257225,302.46179826098,301.594575181023,300.785927650887,300.032006185906,299.329328791799,298.674714470589,298.065245893975,297.498228850605,296.971165727845,296.48173267115,296.027753708266,295.607184626829,295.218098108476,293.684239806751,292.698998961448,292.107352527169,291.789068369283,291.654266433872,291.63863225035,291.697861005049,291.802333194371,291.932656318778,292.076322345276,292.225368664488,292.374797576618,292.521529928548,292.663740747304,292.800410899278,292.93104007805,293.055464069977,293.173732777209,293.286015775225,293.392566264586,293.493675832457,293.589653344168,293.680810069483,293.767448500933,293.849864882804,293.928331170693,294.003108417417
71,424.940696851326,455.04500677615,433.122134467118,390.657938232667,359.519624067205,337.100305259356,333.544115017992,330.271867978625,327.267625360091,324.51282465202,321.987274641757,319.67033692283,317.5419685003,315.583445777038,313.777770438656,312.10979261442,310.566174669229,309.135249047405,307.806834620027,306.572044547468,305.423107099013,304.353194244921,303.356283689656,302.427035168447,301.560686861872,300.752969772158,300.000030283901,299.298371493907,298.644806320277,298.036410116728,297.470481962541,296.944518085981,296.456188965597,296.003313380425,295.583842264609,295.195843820048,293.667145759784,292.686350445349,292.098267569573,291.782677838903,291.649825224469,291.635559475184,291.695731454729,291.80084798682,291.931610260526,292.075576221821,292.224828413956,292.37439960934,292.521231042402,292.663511483696,292.800231047399,292.930895688901,293.05534547747,293.17363321844,293.285930504078,293.39249194047,293.493610077437,293.589594451611,293.680756799708,293.767399952678,293.849820350135,293.928290134977,294.003070455055
72,424.749538376449,454.877099524257,433.119454884635,390.656299738701,359.512467947838,337.081048376709,333.521942419186,330.246840239496,327.239919765317,324.482713371916,321.955091774948,319.636444403035,317.506728040113,315.547199735574,313.740831103527,312.072437795043,310.528647463125,309.097759922085,307.769564561972,306.535148544682,305.386717504002,304.317423794768,303.321228158129,302.392775616626,301.527291523794,300.720495629359,299.968524346978,299.267871857268,298.615343086814,298.008006132495,297.443153421993,296.918275079589,296.431035969907,295.979249674944,295.560862326002,295.173937695054,293.65032933328,292.673914245656,292.0893390629,291.776399173064,291.645462312648,291.632540800055,291.693639066041,291.799388291762,291.930581774242,292.074842272922,292.224296665037,292.374007635457,292.520936428767,292.663285305413,292.800053457028,292.930752986003,293.055228166167,293.173534654315,293.285846023275,293.392418257425,293.493544854394,293.58953600951,293.680703918199,293.767351743909,293.849776118288,293.92824936824,294.003032735076
73,424.560706681022,454.711143528743,433.116752929912,390.65468921826,359.505447585942,337.062126560397,333.500145738949,330.222225462305,327.212659153024,324.453073553458,321.923401382658,319.603060353826,317.472007641717,315.51148157281,313.704424264544,312.035617384499,310.491654286391,309.06080249498,307.732822199666,306.498774795593,305.350843473536,304.28216113441,303.286671692619,302.359005574755,301.494375408261,300.688489778576,299.937475206987,299.237817028635,298.586312243082,297.980021750199,297.416231382677,296.89242521477,296.406262549052,295.955551821103,295.538234408944,295.152369703258,293.633782368436,292.661684014179,292.080562231085,291.77022890929,291.641174129025,291.629574527309,291.691582672035,291.797953310047,291.9295703123,292.074120121965,292.223773157258,292.373621473528,292.520645960155,292.663062121989,292.799877339776,292.930611921943,293.055112101711,293.173437059029,293.285762311885,293.39234519963,293.493480150615,293.589478007387,293.680651416169,293.767303867097,293.849732180717,293.92820886469,294.002995252321
74,424.37414309816,454.547090714554,433.11402858747,390.653105732649,359.498558615965,337.043529735187,333.478713853668,330.19801161369,327.185830735138,324.423891806771,321.892189612462,319.570170581253,317.437792872413,315.476276703568,313.668535257154,311.999316700017,310.455178267947,309.02436219524,307.69659180107,306.462908994828,305.315470880065,304.247392339168,303.25260059334,302.325711587387,301.461925321353,300.656939302778,299.9068702374,299.208194684143,298.55770177864,297.952445282412,297.389704488557,296.86695747416,296.381858030584,295.932209496544,295.515948545308,295.131130234011,293.617497051961,292.649653657002,292.071932505839,291.764163737362,291.636960588284,291.626659034898,291.689561157817,291.796542278147,291.928575351443,292.073409409036,292.223257641633,292.373240950051,292.52035951462,292.662841846848,292.799704082643,292.930472451764,293.054997250172,293.173338930579,293.285679350528,293.392272751826,293.493415953822,293.589420435163,293.680597818341,293.767256314985,293.849688531086,293.928168618748,294.002958001805
75,424.189791198801,454.384894812607,433.11128184411,390.651548386608,359.491796868158,337.025248255493,333.457636109008,330.174187162996,327.159422253445,324.395155293053,321.861443179045,319.537761470115,317.404069886175,315.44157113447,313.633150010514,311.96352165252,310.419209774813,308.988422639003,307.660862044592,306.427537414542,305.280586166545,304.213104046919,303.219001714299,302.292880743377,301.429928603403,300.625831808505,299.876697324113,299.178993000715,298.529500171847,297.925265518103,297.363561847288,296.841861291097,296.357812179498,295.909212802893,295.493995177343,295.110210073116,293.601465897364,292.637817338384,292.063445514949,291.758196821257,291.632818326984,291.623792772029,291.687573457569,291.795154466139,291.927596391393,292.072709789961,292.222749880007,292.372865899031,292.520076975463,292.662624397076,292.799532900383,292.930334531818,293.054883579443,293.17324318754,293.285597120569,293.392200899341,293.493352252199,293.589363283084,293.680546059891,293.767209080555,293.849645163284,293.928128625021,294.002920978714
76,424.007596678041,454.224511268972,433.108512688788,390.65001632574,359.48515835736,337.007269473768,333.436902294284,330.150741055059,327.133421950988,324.366851694993,321.831149333845,319.505819953041,317.370825392367,315.407351432034,313.598255015917,311.928218715098,310.383733108249,308.95297518032,307.625618339914,306.392646873821,305.246176316144,304.179283428213,303.185862433878,302.260500647002,301.398373100562,300.595155398022,299.846944838163,299.150200629412,298.501696363786,297.898471697219,297.337793005435,296.817126525514,296.334115174806,295.886552243012,295.472365135561,295.089600381593,293.585681696574,292.626169466625,292.055097071442,291.752332407455,291.628745206499,291.620974255151,291.685618551775,291.793789175787,291.926632953547,292.072020935425,292.222249644467,292.372496161568,292.519798230923,292.662409693353,292.799363735764,292.930198120498,293.054771058702,293.173148340287,293.285515604062,293.392129628043,293.493289034353,293.589306541764,293.680494656143,293.767162157033,293.849602071401,293.928088878299,294.002884178397
77,423.827507248605,454.065897159939,433.105708080668,390.648504777188,359.478639272544,336.989591305239,333.416502618559,330.127662684694,327.107818545405,324.338969189101,321.801295836703,319.474333481652,317.338046626555,315.373604693415,313.563837297402,311.893394893566,310.348735302616,308.918004544061,307.590847892292,306.358224710002,305.212228824002,304.145918158407,303.153170627375,302.228559390919,301.367247138302,300.564898643308,299.817601610232,299.121806670475,298.474279733896,297.872053486909,297.312387925322,296.792743441371,296.310757587632,295.864218699746,295.451049618161,295.06929267568,293.570137639912,292.614704650969,292.046883163426,291.746563984893,291.624739179319,291.618202064203,291.683695464619,291.792445738775,291.92568457975,292.071342530135,292.221756716749,292.372131585442,292.519523173901,292.662197659493,292.799196534041,292.930063177866,293.054659658352,293.173054366454,293.28543478376,293.392058924326,293.493226289302,293.589250202148,293.680443599462,293.76711553788,293.849559249739,293.928049373535,294.002847596357
78,423.649472540995,453.909011112199,433.102893567739,390.64702082387,359.472235967136,336.972201894852,333.396427688292,330.104941872978,327.08260120398,324.311496419893,321.771870929369,319.44328999955,317.305721323225,315.340318518839,313.529884383804,311.859037698905,310.314203895881,308.883498333654,307.556538403609,306.324258751955,305.178731670731,304.112996391534,303.12091464131,302.197045530936,301.336539496578,300.535050561719,299.788656906825,299.093800650033,298.447240077204,297.846000959305,297.28733696339,296.768702685621,296.287730360738,295.842203416051,295.430040171767,295.049278808246,293.554827062275,292.603417819177,292.03879989345,291.740888771851,291.620798284019,291.615474839098,291.681803261594,291.79112351506,291.924750831189,292.070674196084,292.221270836474,292.371772024763,292.519251701732,292.661988222482,292.799031242679,292.929929665571,293.054549349941,293.172961244531,293.285354643065,293.391988775085,293.493164006471,293.58919425549,293.680392882486,293.76706921677,293.849516692773,293.928010105865,294.002811228247
79,423.473444009733,453.753813227961,433.100056608704,390.645559814873,359.465944949925,336.955093094516,333.376665101979,330.082568844951,327.057759520303,324.284422475703,321.742863310666,319.412677917088,317.273837690161,315.307480985943,313.496384283558,311.825135121461,310.280126903955,308.849444627682,307.52267804703,306.290737294941,305.145673297655,304.080506735907,303.089083269338,302.165948062287,301.306239386605,300.505600593185,299.760100407965,299.066172498272,298.420567583014,297.820304570744,297.262630849902,296.744995268482,296.265024789368,295.8204979764,295.40932867342,295.029550951355,293.539743620798,292.59230399188,292.030843693586,291.735304101233,291.616920640613,291.612791174827,291.679940955585,291.789821818099,291.923831234091,292.070015835864,292.220791956891,292.371417339635,292.518983715915,292.661781312254,292.798867811226,292.929797546763,293.054440106125,293.172868953828,293.285275165983,293.391919167694,293.493102175644,293.589138693363,293.680342498111,293.767023187604,293.849474395179,293.927971070583,294.002775069862
80,423.299374845376,453.600265014533,433.097197199931,390.644121037164,359.459762876591,336.938257082258,333.35721292543,330.060534208825,327.033283492434,324.257736866047,321.714262113264,319.382486087665,317.242384384541,315.275080625608,313.463325460065,311.791675606876,310.246492796563,308.815831955979,307.489255443259,306.257649077183,305.113042583606,304.048438231199,303.057665729746,302.135256397522,301.276336429067,300.476538578879,299.731920239785,299.038912528964,298.394252814921,297.794955142247,297.238260670011,296.721612544963,296.242632503298,295.799094289379,295.388907313696,295.010101579757,293.524881222112,292.581358430769,292.023010945783,291.72980736976,291.613104389795,291.610150069523,291.678107913849,291.788540242457,291.922925519696,292.069367035611,292.220319731922,292.371067395805,292.518719121906,292.661576861539,292.798706191214,292.929666786033,293.0543319006,293.172777474418,293.285196337122,293.391850089973,293.493040786983,293.589083507624,293.680292439468,293.766977444478,293.849432351801,293.927932263128,294.002739117134
81,423.127219891762,453.448329318151,433.09431533947,390.642703808251,359.453686541852,336.921686345388,333.338059495936,330.038828936458,327.009163502421,324.231429500401,321.686056881919,319.352703785565,317.211350490461,315.243106399348,313.430696809143,311.758648032974,310.213290474694,308.782649277131,307.456259638285,306.224983257765,305.080828823148,304.016780326972,303.026651644255,302.104960345695,301.246820633744,300.447854741203,299.704110726594,299.01201142034,298.368286692092,297.769943841294,297.214217845917,296.698546197559,296.220545450016,295.777984571358,295.368768580852,294.990923456351,293.510234004803,292.570576583234,292.01529825212,291.724396229337,291.609347938804,291.607550159868,291.676303160024,291.787278097764,291.922033205937,292.068727544732,292.219854028229,292.370719856901,292.51845782892,292.661374805701,292.798546336061,292.92953734932,293.054224708056,293.172686787135,293.285118141635,293.39178153019,293.492979830982,293.589028690405,293.680242699927,293.76693198169,293.849390557654,293.927893679092,294.002703366122
82,422.956935568154,453.297970261636,433.091411026963,390.641307474537,359.44771287205,336.905373664707,333.319196813681,330.017441007971,326.985390297111,324.205490668293,321.658237552993,319.323320685137,317.180725497853,315.211547678087,313.398487637702,311.726041689194,310.180509249379,308.749885957429,307.423680082457,306.192729395994,305.049021706143,303.985522862543,302.996031018221,302.07505009283,301.217682380305,300.419539664983,299.676660736457,298.985460197065,298.3426604717,297.745262164664,297.19049412021,296.675788220014,296.19875587897,295.757161331182,295.348905246211,294.97200961653,293.495796331167,292.559954073045,292.007702344883,291.719068251762,291.605649536329,291.604990302189,291.674525911289,291.786034849975,291.921153928011,292.068097095977,292.219394668572,292.37037899372,292.518199749715,292.661175082605,292.798388200971,292.929409203848,293.054118504117,293.172596873492,293.285040565221,293.391713477007,293.492919298469,293.588974234117,293.680193273063,293.766886793715,293.84934900791,293.927855314212,294.002667813009
83,422.788479795995,453.149153185712,433.088484263559,390.639931409743,359.441838918228,336.889312099676,333.300617184306,329.996368702166,326.961954970111,324.1799110206,321.630794435288,319.294326841228,317.150499282713,315.180394222237,313.366687643784,311.693846256109,310.148138821858,308.717531751072,307.391506610894,306.160877431949,305.017611298555,303.95465604803,302.965794221984,302.045516183627,301.188912400364,300.39158270713,299.6495614069,298.959250213349,298.31736573242,297.720901922325,297.167081540156,296.653330902063,296.17725632671,295.736617355832,295.329310349882,294.953353355775,293.481562776472,292.54948669145,292.000216386282,291.713821173808,291.602007591048,291.602469396036,291.672775413404,291.784809983597,291.92028733474,292.067475459451,292.218941482656,292.370042500308,292.517944800447,292.660977632509,292.798231742838,292.929282318072,293.054013265314,293.172507715681,293.284963594082,293.391645919498,293.492859175659,293.588920131411,293.680144152674,293.766841875207,293.849307697893,293.927817164342,294.0026324541
84,422.621811929879,453.001844593665,433.085535051873,390.638575013454,359.436061849714,336.8734949746,333.282313203773,329.975600680349,326.93884894488,324.154681552007,321.60371819201,319.265712670824,317.120662088477,315.149636162939,313.335286897748,311.662051786757,310.116169264459,308.685576781546,307.359729424983,306.129417668215,304.986588024416,303.924170446579,302.935931973322,302.016349504223,301.160501760497,300.36397826332,299.62280419653,298.933373137075,298.292394358917,297.696855222355,297.143972443004,296.631166815094,296.156039602988,295.716345696872,295.309977187939,294.934948216621,293.467528118538,292.539170388961,291.992844708531,291.708652819246,291.598420572626,291.599986382597,291.67105094006,291.78360300167,291.919433080819,292.066862399059,292.218494306796,292.369710262275,292.517692900463,292.660782397924,292.79807692018,292.929156640354,293.053908952001,293.172419287604,293.284887210412,293.391578843653,293.492799465941,293.588866372707,293.680095332746,293.766797220999,293.849266623074,293.927779225482,294.002597285812
85,422.456892692419,452.856012099161,433.082563395887,390.637237709781,359.430378948001,336.857915865593,333.2642777442,329.955129197018,326.916063958791,324.129793584486,321.576999823811,319.237468935751,317.091204508532,315.119263984435,313.304275824602,311.630648688979,310.084591003683,308.65401152414,307.328339075049,306.098340752716,304.955942648819,303.894056957596,302.906435320991,301.987541265963,301.132441846408,300.33671633892,299.596380869778,298.907820934854,298.267738527247,297.673114456659,297.121159442099,296.609288798708,296.135098777678,295.696339657768,295.290899300057,294.916787976803,293.453687327857,292.529001267528,291.985580757685,291.70356109469,291.594887008969,291.597540243079,291.669351792017,291.782413425884,291.918590841466,292.06625768781,292.218052983587,292.369382169613,292.517443972147,292.660589295808,292.797923678521,292.929032193964,293.053805587898,293.172331596608,293.284811412444,293.391512247681,293.492740152897,293.588812956604,293.680046805445,293.766752826075,293.84922577907,293.927741493748,294.002562304667
86,422.293684112896,452.711624376944,433.079569300914,390.635918946056,359.424787601102,336.84256858796,333.246503940536,329.934946789361,326.893588741392,324.10523875177,321.550630652819,319.209586726447,317.062117469743,315.089268507494,313.273645187344,311.599627708756,310.05339480303,308.622826789534,307.297326443989,306.067637662516,304.925666261983,303.864306801015,302.8772956292,301.959082990171,301.104724347887,300.309788802283,299.570283482477,298.882585857968,298.243390691164,297.649672287633,297.09863388486,296.587689947971,296.114427168446,295.676592781963,295.272070457944,294.898866638069,293.44003555838,292.518975573096,291.97842173808,291.698543985654,291.59140548364,291.595129997072,291.667677296182,291.781240793968,291.917760299855,292.065661107353,292.217617294497,292.369058078208,292.517197920346,292.660398345731,292.797772015317,292.928908917047,293.053703115609,293.172244606878,293.284736180089,293.391446115933,293.492681228975,293.588759873347,293.679998569618,293.766708684019,293.84918369552,293.927703965371,294.002527507299
87,422.132149469267,452.568642066097,433.076552773529,390.634618191682,359.419285298205,336.827447185291,333.228985177965,329.91504626388,326.871422188928,324.081008984706,321.524602307622,319.1820574466,317.033392216949,315.059640873771,313.24338607128,311.568979914581,310.022571747662,308.59201370783,307.266682731884,306.037299688591,304.895750264145,303.834911502429,302.848504562984,301.930966493756,301.07734124472,300.283187805828,299.544504368362,298.857660429132,298.219343569147,297.62652163551,297.076391949614,296.56636360154,296.094018329149,295.657098841601,295.253484654423,294.881178415634,293.426568138786,292.509089689306,291.971364957459,291.693599552822,291.587974633202,291.592754700841,291.666026804687,291.780084662992,291.916941062964,292.065072393967,292.217187264874,292.368737985156,292.51695472691,292.660209438633,292.797621870375,292.928786779296,293.053601519919,293.172158307266,293.284661501845,293.391380439255,293.492622686984,293.588707116509,293.679950617263,293.766664793578,293.849143308957,293.927666636697,294.002492890435
88,421.972253233383,452.427053724268,433.073513821525,390.633334936963,359.413869624644,336.812545918164,333.211715080121,329.895420683727,326.849553625942,324.057096497491,321.498906709101,319.154872798726,317.005020298308,315.030372531055,313.21348986925,311.538694546644,309.99211322957,308.56156371466,307.236399441468,306.00731842144,304.866186351418,303.805862879095,302.820054074412,301.903183875671,301.050284793391,300.25690577303,299.519036126271,298.833037429993,298.19559013224,297.603655666508,297.054425480738,296.545303330372,296.07386603892,295.637851826957,295.235136093197,294.863717728265,293.413280564286,292.499340129961,291.964407822081,291.688725928477,291.584593144836,291.590413445753,291.6643995907,291.778944534797,291.916133058326,292.064491481708,292.216762630936,292.368421718717,292.516714279812,292.660022536404,292.797473205781,292.928665758206,293.053500783622,293.172072683012,293.284587366349,293.391315208801,293.492564519424,293.588654679877,293.679902943105,293.766621148225,293.849103139846,293.927629504176,294.002458450896
89,421.813961019223,452.28682209068,433.070452453862,390.632068692088,359.40853825722,336.797859254058,333.194687497959,329.876063356841,326.827975904285,324.033493774673,321.473536057068,319.128024770557,316.976993551542,315.001455219396,313.183948267675,311.508767531578,309.962010933688,308.531468536818,307.206468364542,305.97768573755,304.836966502346,303.777153026707,302.791936389611,301.875727504124,301.023547514529,300.230935386088,299.49387160811,298.808709889369,298.172123592542,297.581067781602,297.032728072938,296.524502927109,296.053964291833,295.618845936399,295.217019179143,294.8464791889,293.400168488927,292.489723533702,291.957547832082,291.683921313141,291.581259753979,291.588105281404,291.662795305835,291.777820173705,291.915335849176,292.063918077812,292.216343266894,292.368109191032,292.516476520698,292.659837589815,292.79732598969,292.928545829854,293.05340088794,293.17198771981,293.284513762664,293.391250415641,293.492506719042,293.588602557404,293.67985554203,293.76657774354,293.849063186172,293.927592564372,294.002424185603
90,421.657239533898,452.147919643697,433.067368680616,390.630818986146,359.403288959748,336.783381857705,333.17789649922,329.856967824706,326.806682123079,324.010190305999,321.448482817635,319.101505622185,316.949302443049,314.972880957971,313.154753233388,311.47918869928,309.932256824804,308.501720179382,307.176881568602,305.9483937867,304.808082965279,303.748774306973,302.76414399645,301.848590004501,300.997122181052,300.205269574326,299.469003907489,298.784669184943,298.148937392352,297.558751605929,297.011293538921,296.503956396063,296.034307287209,295.600075566996,295.199128509196,294.829457595855,293.387227718248,292.480236658011,291.950782577091,291.679183972403,291.577973242084,291.585829548622,291.661213201106,291.776711061154,291.914549172709,292.063352001806,292.215929047598,292.367800313898,292.516241384041,292.659654554683,292.79718018971,292.928426969858,293.053301814594,293.171903403935,293.284440679938,293.391186051149,293.492449278807,293.588550743242,293.67980840907,293.766534575239,293.849023443105,293.927555813565,294.002390091566
91,421.502056531312,452.01031971396,433.06426251293,390.629585366163,359.398119578897,336.76910858198,333.16133635858,329.838127851763,326.785665617552,323.987185550254,321.423739711365,319.075307873902,316.921942639443,314.944642032674,313.125897001204,311.449950268458,309.902843135148,308.472309705376,307.147631385296,305.919434979357,304.779528246443,303.720719335792,302.736669632986,301.821764247968,300.971001806971,300.179901503211,299.444426348969,298.760912569652,298.12602519392,297.536700978835,296.990115899681,296.483657943774,296.014889420403,295.581535305589,295.181458863743,294.812647924463,293.374454202465,292.47087637374,291.944109732093,291.674512233891,291.574732434482,291.583585311838,291.659652726645,291.775616821944,291.913772772079,292.0627930767,292.215519849673,292.367495001977,292.516008808911,292.659473387256,292.797035773736,292.928309154601,293.053203546102,293.171819721918,293.284368107676,293.391122106957,293.492392191904,293.588499231711,293.679761539418,293.766491639161,293.848983906988,293.927519249334,294.002356165831
92,421.348380768204,451.873988934488,433.061133962989,390.628367396265,359.393028040273,336.755034459398,333.145001548246,329.819537415409,326.764919948535,323.964469515331,321.399299701972,319.049424294746,316.894905131527,314.916730984433,313.097372062156,311.421044714206,309.87376235266,308.443232052472,307.118710398414,305.890801976072,304.751295098729,303.692980972252,302.709506276457,301.795243340717,300.945179636829,300.154824564008,299.420132477928,298.737431874298,298.103380869784,297.514909944405,296.96918937526,296.463601970047,295.995705274141,295.56321992039,295.164005198427,294.796045319198,293.361844029906,292.461639659986,291.93752705353,291.669904484409,291.571536182648,291.581371792885,291.658113349611,291.774537091722,291.913006397343,292.062241129985,292.215115553982,292.367193170063,292.515778735866,292.659294044664,292.79689271072,292.92819236132,293.053106065358,293.171736660704,293.2842960357,293.391058574953,293.492335451711,293.588448017304,293.679714928377,293.766448931248,293.848944574473,293.927482868191,294.002322405657
93,421.196181962581,451.738917133757,433.05798304396,390.627164656859,359.38801234469,336.741154693948,333.128886729157,329.801190696522,326.744438892466,323.942035651155,321.375155985715,319.023847891668,316.868182791968,314.88914059809,313.069171152385,311.392464756927,309.845007209953,308.41447878502,307.090111433051,305.862487676072,304.723376510575,303.665552307571,302.68264713306,301.769020613739,300.919649135687,300.130032363936,299.396116050951,298.714221011176,298.08099849357,297.493372742536,296.94850837609,296.443783059502,295.976749610311,295.545124353015,295.1467626365,294.779645086251,293.349393420947,292.452519906794,291.93103237562,291.665359167273,291.568383432604,291.5791882394,291.656594554237,291.773471517353,291.912249806017,292.061695994084,292.21471604326,292.366894736713,292.515551106971,292.65911648549,292.796750970659,292.928076567937,293.053009355833,293.171654207673,293.284224454173,293.390995447283,293.492279051823,293.588397094679,293.679668571591,293.766406447754,293.848905441678,293.927446666755,294.002288808242
94,421.045430754191,451.605072610391,433.054809769967,390.625976743811,359.383070564709,336.727464653469,333.11298674277,329.783082070575,326.724216432017,323.919877623051,321.351301981312,318.998571899226,316.841768724633,314.861863891948,313.041287242599,311.364203351778,309.816570673777,308.386042904513,307.061827545302,305.834485207194,304.695765696569,303.638426655986,302.656085627595,301.743089613315,300.894403979654,300.105518716923,299.372371026743,298.69127408996,298.05887233136,297.472083800478,296.928067494766,296.424195973613,295.958017362205,295.527243710976,295.129726461509,294.763442686468,293.337098722152,292.44352163051,291.924623606856,291.660874779714,291.565273103162,291.577033924165,291.655095841629,291.772419757031,291.911502763264,292.061157507067,292.2143212049,292.36659962281,292.515325866271,292.658940669689,292.796610524546,292.927961753083,293.052913401519,293.171572350594,293.284153353532,293.390932716319,293.492222986019,293.588346458762,293.679622464252,293.766364184473,293.848866505502,293.927410642227,294.002255370912
95,420.896098667122,451.472431768278,433.05161415606,390.624803267785,359.378200841407,336.713959862427,333.097296602592,329.765206099124,326.704246747169,323.89798930254,321.327728108494,318.973589769888,316.815656254743,314.83489410783,313.013713528139,311.33625367873,309.788445935125,308.357917635438,307.033852012464,305.806787916179,304.668456087386,303.611597544702,302.629815395049,301.717444091334,300.869438047025,300.081277634784,299.348891557536,298.668585409277,298.036996833462,297.451036069555,296.907861498233,296.404835643082,295.939503627156,295.509573260543,295.112892110424,294.747433728711,293.324956400816,292.434638464087,291.918298726716,291.65644987052,291.562204177425,291.574908144366,291.653616729472,291.771381480196,291.910765041929,292.060625511875,292.21393092986,292.366307751919,292.515102959679,292.658766558568,292.796471344311,292.927847896087,293.052818186926,293.17149107762,293.284082724541,293.390870374678,293.492167248337,293.588296104234,293.679576602289,293.766322137911,293.848827762677,293.927374791705,294.002222091063
96,420.748158074212,451.340971704007,433.048396218171,390.623643853516,359.373401380955,336.700635995067,333.081811487569,329.747557521841,326.684524206781,323.876364758561,321.304434593152,318.948895164842,316.789838919529,314.808224701674,312.986443419496,311.308609133109,309.76062639978,308.330096415925,307.006178323736,305.77938935949,304.641441320804,303.585058705089,302.603830271149,301.692077997542,300.844745409218,300.057303318925,299.325671980932,298.646149448745,298.01536662665,297.430227631147,296.887885320446,296.385697160719,295.9212036596,295.492108420005,295.096255167067,294.731613963525,293.312963039769,292.425867773597,291.912055782558,291.652083036302,291.559175672729,291.572810220778,291.65215675153,291.770356367272,291.910036422516,292.060099856956,292.213545112741,292.366019050159,292.514882334896,292.658594114685,292.79633340279,292.927734976927,293.052723697054,293.171410377274,293.284012558211,293.390808415239,293.492111832724,293.588246026355,293.679530981534,293.766280304441,293.848789210025,293.927339112363,294.002188966175
97,420.601582163302,451.210670179667,433.045155973095,390.622498139153,359.368670452173,336.687488868938,333.066526734422,329.730131248922,326.665043360606,323.854998249122,321.281412287875,318.924481945232,316.764310459415,314.781849334599,312.959470533403,311.281263316645,309.733105679435,308.302572888863,306.978800171438,305.752283294621,304.614715233133,303.55880406422,302.57812428419,301.666985470654,300.820320323888,300.033590152426,299.302706812184,298.623960861439,297.993976506774,297.409651780665,296.868134055338,296.366775774621,295.903112864467,295.474844753278,295.079811355982,294.71597927717,293.301115332426,292.417207011566,291.905892886651,291.647772925672,291.556186639347,291.570739496903,291.650715457171,291.769344109386,291.909316692754,292.05958039576,292.213163651657,292.365733446113,292.51466394137,292.658423301823,292.796196673692,292.92762297623,293.052629917353,293.17133023845,293.283942845885,293.390746830903,293.492056733594,293.588196220358,293.679485597924,293.766238680566,293.848750844462,293.927303601468,294.00215599376
98,420.456344905142,451.081505596885,433.041889099297,390.621365775667,359.364006383416,336.674514438733,333.051437831109,329.712922353888,326.645798931693,323.833884213459,321.258655410879,318.900344163904,316.73906480959,314.755761864459,312.932788684297,311.254210028998,309.705877583199,308.275340893469,306.951711442657,305.725463671818,304.588271851071,303.532827736817,302.552691647094,301.64216083072,300.7961572261,300.010132692546,299.279990736848,298.602014466693,297.972821431807,297.389303618911,296.84860295023,296.348066881723,295.885226790924,295.457777963836,295.063556536533,294.700525685961,293.289410078161,292.408653713303,291.899808213375,291.643518226305,291.553236159126,291.568695338144,291.649292410794,291.768344407967,291.908605647505,292.05906698663,292.212786448117,292.365450870707,292.514447730171,292.65825408494,292.796061131573,292.927511875225,293.052536833767,293.171250650303,293.283873579035,293.390685614995,293.492001945404,293.588146681614,293.679440447523,293.766197262866,293.848712662996,293.927268256315,294.002123171431
99,420.312421022847,450.953456972176,433.038604249153,390.620246426283,359.359407560014,336.661708790524,333.036540410443,329.69592606679,326.626785809223,323.813017264553,321.236158359935,318.876476057542,316.714096092072,314.729956337824,312.906391876292,311.227443259672,309.678936109558,308.248394457346,306.924903935337,305.698924626236,304.562105383918,303.507124017625,302.527526749927,301.617598571937,300.772250721665,299.986925663667,299.257518603872,298.580305243342,297.951896515166,297.369178398017,296.829287399507,296.329566021716,295.867541126452,295.440903888985,295.04748669735,294.685249330879,293.277844177857,292.400205493371,291.893799996612,291.639317671637,291.550323344225,291.566677130879,291.647887191216,291.767356974324,291.907903088413,292.058559492575,292.21241340685,292.365171257115,292.514233653961,292.658086430097,292.795926751778,292.927401655735,293.052444432594,293.171171602395,293.283804749508,293.390624760942,293.49194746278,293.588097405624,293.679395526495,293.766156047982,293.848674662659,293.927233074312,294.002090496847
100,420.169785962862,450.826503913506,433.035297147036,390.619139765893,359.354872421797,336.649068136215,333.021830244085,329.679137767877,326.607999041699,323.792392182004,321.213915705062,318.852872039228,316.689398608134,314.704426982325,312.880274295524,311.200957180378,309.652275438769,308.221727788849,306.898376438821,305.672660470519,304.53621021626,303.481687374134,302.502624152709,301.593293355312,300.748595580176,299.963963950465,299.235285418917,298.558828323242,297.931197019452,297.349271515301,296.810182938664,296.311268871193,295.850051691205,295.424218494363,295.031597951033,294.67014647247,293.266414629729,292.391860042334,291.88786652711,291.635168424813,291.547447335855,291.564684281661,291.646499391115,291.766381529263,291.907208823626,292.058057781092,292.21204443568,292.364894540672,292.514021666911,292.657920304444,292.795793510434,292.927292300108,293.052352700613,293.171093084577,293.283736349346,293.39056426236,293.491893277909,293.588048385267,293.679350831078,293.766115032691,293.848636840627,293.927198052922,294.00205796773
