p_bar,of_1,of_1_5,of_2,of_2_5,of_3,of_3_5,of_3_6,of_3_7,of_3_8,of_3_9,of_4,of_4_1,of_4_2,of_4_3,of_4_4,of_4_5,of_4_6,of_4_7,of_4_8,of_4_9,of_5,of_5_1,of_5_2,of_5_3,of_5_4,of_5_5,of_5_6,of_5_7,of_5_8,of_5_9,of_6,of_6_1,of_6_2,of_6_3,of_6_4,of_6_5,of_7,of_7_5,of_8,of_8_5,of_9,of_9_5,of_10,of_10_5,of_11,of_11_5,of_12,of_12_5,of_13,of_13_5,of_14,of_14_5,of_15,of_15_5,of_16,of_16_5,of_17,of_17_5,of_18,of_18_5,of_19,of_19_5,of_20
1,1072.67097700335,1158.55034690336,1859.5255819517,2360.18272605728,2652.46856228449,2775.26026666345,2786.48136728468,2794.76284310981,2800.5922066859,2804.37386733886,2806.43966659527,2807.06046287117,2806.45705899442,2804.80964917977,2802.26569797886,2798.94633426228,2794.95147460467,2790.36390187356,2785.25250493205,2779.6748358002,2773.6792311976,2767.30634959574,2760.59055687796,2753.56097326718,2746.24233645523,2738.65570586898,2730.81905306941,2722.74769613044,2714.45474035617,2705.95140491715,2697.24728220827,2688.35058072391,2679.26832515542,2670.00652794086,2660.57036287799,2650.96419074809,2600.49985657219,2546.19265921266,2488.27392719662,2427.02833120058,2362.89979309553,2296.53901296811,2228.77854815686,2160.54202087066,2092.72511159561,2026.09340327157,1961.22866386638,1898.52327168057,1838.20610274517,1780.37990400486,1725.0582706006,1672.1956135528,1621.70963919152,1573.49709696613,1527.44420053389,1483.43375269729,1441.34935768689,1401.07792644385,1362.51156758328,1325.54810385542,1290.09152664531,1256.05193365446,1223.34540609339
1.01325,1073.29408085257,1158.92442813646,1859.53843614441,2360.40802079682,2653.15354049889,2776.30609535668,2787.56958081578,2795.88489784536,2801.7406947353,2805.54248939603,2807.62310421991,2808.25423840724,2807.65739996163,2806.01336695688,2803.47008430842,2800.14907512969,2796.15057959068,2791.55764663477,2786.43938452376,2780.85352664444,2774.84856086788,2768.46527130637,2761.73812925617,2754.69634367515,2747.36472731642,2739.76440343469,2731.91339832438,2723.82707686116,2715.51858499842,2706.99917763634,2698.27847860746,2689.36472447251,2680.26496530369,2670.98523682575,2661.53073477874,2651.90584003663,2601.34280032836,2546.93029380866,2488.90271165447,2427.54866323101,2363.31672514812,2296.86225548297,2229.02139501886,2160.71951575365,2092.85200211943,2026.18265155312,1961.29075106209,1898.56617136654,1838.23563040893,1780.40018528231,1725.07218398697,1672.20514890324,1621.71616615553,1573.50155688942,1527.44724076327,1483.43581842832,1441.35075491981,1401.07886682404,1362.51219614367,1325.54852037961,1290.0917998093,1256.05210951729,1223.34551693127
2,1107.00794550042,1184.88198505143,1860.10317436987,2370.73678161607,2686.57463520265,2829.54150091452,2843.23766171132,2853.51213559124,2860.91167464057,2865.90015752001,2868.8640903526,2870.12214329719,2869.93574784196,2868.5190197662,2866.04748632202,2862.6653891597,2858.49163328554,2853.62471159853,2848.14638818823,2842.12493657074,2835.61754553535,2828.67230670861,2821.32980421103,2813.62439795379,2805.58526461315,2797.23724646257,2788.601547365,2779.69630674989,2770.53707580974,2761.13721503238,2751.50822820338,2741.66004490695,2731.60126112398,2721.33936275459,2710.88083462876,2700.23142095602,2644.28190604149,2584.16388360777,2520.30445834454,2453.2274545222,2383.64000850847,2312.43237954973,2240.59803350144,2169.11130638032,2098.81650119083,2030.36298963551,1964.19399146852,1900.57155260354,1839.6166470161,1781.34966902357,1725.72428224942,1672.65253026534,1622.0227060457,1573.7110959496,1527.59009290221,1483.53289965278,1441.41630760992,1401.12289608457,1362.54153026184,1325.56785539215,1290.10432440665,1256.06009590472,1223.35047202282
3,1128.59022442366,1204.32735290258,1860.36236153521,2375.77005506044,2704.56418040456,2860.35721521382,2875.74771190498,2887.40736132496,2895.91329662358,2901.76406184507,2905.38031330365,2907.11188349757,2907.24734050582,2906.02384556664,2903.63623897804,2900.24474231663,2895.98157379038,2890.9560661815,2885.25906006598,2878.96630596095,2872.14122058233,2864.83709844859,2857.09890479658,2848.96466052056,2840.46668812555,2831.63250899197,2822.48563628231,2813.04621746422,2803.33156717315,2793.35661189375,2783.13426346087,2772.67573488012,2761.99080922208,2751.08807018309,2739.97510119424,2728.65865860057,2669.22067059291,2605.45622033096,2537.94245079081,2467.3712146193,2394.61358235513,2320.68495647952,2246.63816526945,2173.43763981241,2101.86680768238,2032.49111887352,1965.66923930863,1901.59053241459,1840.31918222329,1781.83348340651,1726.0571164403,1672.88120913715,1622.17952006492,1573.81834116332,1527.66316665369,1483.58243076699,1441.44968202242,1401.14519763954,1362.55627097047,1325.57745684806,1290.1104521061,1256.0638567552,1223.352690159
4,1144.60442685991,1219.06719292971,1860.51861007367,2378.88866331404,2716.40581221978,2881.68715840126,2898.39847176941,2911.15001492804,2920.53660819501,2927.0801255587,2931.2257877558,2933.34667750512,2933.75213163975,2932.69725080628,2930.39194882776,2927.0091512111,2922.69149285329,2917.5570196131,2911.70376307173,2905.21344299094,2898.15444647292,2890.58422438359,2882.5512222787,2874.09644102408,2865.2547032006,2856.05570103522,2846.52478025618,2836.68373209207,2826.55130777376,2816.14371701148,2805.47503300541,2794.55753475859,2783.40199836262,2772.01794656455,2760.41386405096,2748.59738439608,2686.55567125078,2620.09791421572,2549.924355862,2476.85664354557,2401.88132733034,2326.090074446,2250.5590267811,2176.22805040146,2103.82633180702,2033.85548477528,1966.61451436404,1902.24369909124,1840.76987460363,1782.14414210753,1726.27104198973,1673.02828360538,1622.28040364884,1573.88731468549,1527.71011581838,1483.61419393243,1441.4710156617,1401.15938258051,1362.56557624445,1325.58344838386,1290.11420758231,1256.06616402336,1223.35392513701
5,1157.43838820844,1231.04196319625,1860.626591016,2381.07129741748,2725.05487825354,2897.88092681084,2915.68671723087,2929.35130697759,2939.48008432947,2946.61164452985,2951.21007552569,2953.66698971137,2954.30863249416,2953.40484560432,2951.17825302359,2947.8123319146,2943.45849123961,2938.24213784893,2932.26738385659,2925.62100186537,2918.37559043086,2910.59212529716,2902.32201755397,2893.60877824778,2884.48936963998,2874.99530700463,2865.15356156737,2854.98732199714,2844.51654047854,2833.7585543006,2822.72844510149,2811.43942182098,2799.90313076263,2788.12992099586,2776.12907299859,2763.90899646089,2699.77371118234,2631.16907057145,2558.90057323008,2483.89495316366,2407.22550526544,2330.03381916291,2253.40264859349,2178.24346026658,2105.23818826666,2034.8374410387,1967.29471578067,1902.71388118928,1841.09447648241,1782.36807247632,1726.42531910744,1673.13437915832,1622.35316129238,1573.9370273669,1527.74398003978,1483.6370085359,1441.48628651891,1401.16948342872,1362.57214999048,1325.58762947586,1290.11683936345,1256.06764831529,1223.35470388661
6,1168.19729473613,1241.17923909982,1860.70735696213,2382.71209910277,2731.77251035561,2910.8616426668,2929.60763579399,2944.06270973175,2954.83833200324,2962.48547820417,2967.48328691307,2970.23869917409,2971.09226669034,2970.32644281109,2968.17476680624,2964.82987883701,2960.45097746653,2955.1697712054,2949.09573102603,2942.32005807428,2934.91904548441,2926.95676385802,2918.48723032201,2909.55616409602,2900.20241212625,2890.45911169385,2880.35464316514,2869.91341497153,2859.15653381293,2848.10226701289,2836.76661894951,2825.16363306148,2813.30573898568,2801.20403160835,2788.86851112422,2776.30829071256,2710.41449383395,2640.02025186029,2566.02296665476,2489.4373125342,2411.40432301593,2333.09948666658,2255.6033783338,2179.79864619591,2106.32584513706,2035.59340237109,1967.81835713936,1903.0759667104,1841.34454741382,1782.54068681166,1726.5442810061,1673.21619556229,1622.40925936986,1573.97533142273,1527.76997786383,1483.65452974248,1441.4979770546,1401.17717888096,1362.57712150233,1325.59075513511,1290.11871839287,1256.06869953565,1223.35521525233
7,1177.48809310101,1249.9992690061,1860.77113590563,2384.00534288125,2737.2075778153,2921.64791940574,2941.22109927777,2956.37648511331,2967.72851967817,2975.83750542908,2981.19488230397,2984.22059042147,2985.26752750799,2984.62928357788,2982.54902714445,2979.22752470725,2974.83082618061,2969.49646979804,2963.33858452348,2956.45238055432,2948.91746674128,2940.80069335973,2932.15842003895,2923.03835268366,2913.48103576974,2903.52106952085,2893.18810737949,2882.50767773076,2871.5018646764,2860.18989697347,2848.58853623288,2836.71261151016,2824.57527006217,2812.18829126399,2799.56233665656,2786.70716584114,2719.29317704845,2647.36222768914,2571.89350975956,2493.9768106191,2414.8075100935,2335.58455789959,2257.3811497177,2181.05215977267,2107.20147292781,2036.20172656827,1968.23975133664,1903.36743960245,1841.5459674731,1782.67970849764,1726.64013242734,1673.2821152655,1622.45444174074,1574.00615825891,1527.79087318654,1483.66858211959,1441.50732266451,1401.18330047097,1362.581046302,1325.59319294067,1290.12015382305,1256.06947104942,1223.35561738231
8,1185.68170989267,1257.82490932363,1860.82343115835,2385.05959335631,2741.73534297578,2930.84351610476,2951.15702428171,2966.9430796213,2978.81695445065,2987.34599320283,2993.03185717934,2996.30570494772,2997.53128742453,2997.01220504032,2995.00014209909,2991.7033299401,2987.29403848789,2981.91495098299,2975.68460215056,2968.70177192412,2961.04911085088,2952.79600609485,2944.00095675325,2934.71348470563,2924.97568760544,2914.82350579812,2904.28776057555,2893.39500940467,2882.16825430355,2870.62753200867,2858.79043165425,2846.67241835164,2834.28732940858,2821.64757985361,2808.76444581825,2795.64828766262,2726.89292262596,2653.61426952627,2576.86518113708,2497.80064711851,2417.66049613856,2337.65979853313,2258.86168463316,2182.09427516135,2107.92877357745,2036.70685159394,1968.5896849424,1903.60954874842,1841.71332746486,1782.79527532201,1726.71980385786,1673.33690106536,1622.49197700533,1574.03174662837,1527.8081943733,1483.68020599327,1441.51502816235,1401.18832291783,1362.58424179709,1325.5951531563,1290.12128287709,1256.07005099378,1223.35583796204
9,1193.02220479801,1264.87107776357,1860.86757421248,2385.94100634086,2745.59109843736,2938.83531798959,2959.81997857621,2976.1810183345,2988.53297871203,2997.44845481858,3003.43771365192,3006.94172209534,3008.33394693855,3007.92693090179,3005.98022614031,3002.70881786479,2998.29066289816,2992.87327572904,2986.57916837432,2979.51046378204,2971.7525737631,2963.37724708422,2954.44496016608,2945.00691447952,2935.10664545346,2924.78133526683,2914.06288873225,2902.97881943336,2891.55298354706,2879.80619101027,2867.75671752965,2855.42076016424,2842.8127050907,2829.94558853188,2816.83126260278,2803.48065055764,2733.52341024184,2659.04393880425,2581.16203234571,2501.09009418268,2420.10474468702,2339.43197618163,2260.12311720553,2182.9809198576,2108.54713389074,2037.13622525338,1968.88717669095,1903.81542281453,1841.85567787191,1782.89359233331,1726.78758795589,1673.38350634383,1622.52389471308,1574.0534889246,1527.82289410149,1483.69004536382,1441.52152963845,1401.19253968946,1362.58690393453,1325.59676531078,1290.12218982769,1256.07049323396,1223.35597730437
10,1199.67910783132,1271.28849897789,1860.90569802077,2386.69254679459,2748.93141375475,2945.88580838654,2967.48504546005,2984.37538199997,2997.16937813434,3006.44354023091,3012.71541538834,3016.43463171298,3017.98341217719,3017.68245507216,3015.79854178937,3012.55289357459,3008.12875535498,3002.67806133534,2996.3271121888,2989.18106108743,2981.32794311109,2972.84169294857,2963.78463128322,2954.20952721521,2944.16125915201,2933.67817029204,2922.793179541,2911.53469642202,2899.92737856845,2887.9927624007,2875.74979123794,2863.21526006524,2850.40421701368,2837.33018308757,2824.00558028559,2810.44186265136,2739.3948343283,2663.83213851413,2584.93495018686,2503.96655088953,2422.23450732823,2340.97185950404,2261.21708889623,2183.7489627301,2109.08247837764,2037.50789877716,1969.14469983186,1903.99367483155,1841.97895166233,1782.97874178373,1726.84629004286,1673.42390732175,1622.55150897469,1574.07227952309,1527.83557683366,1483.69852447101,1441.52711422001,1401.1961438389,1362.58916143842,1325.59811431778,1290.12292974838,1256.070832802,1223.3560569749
11,1205.77518545799,1277.18717149876,1860.93924352823,2387.3435708307,2751.86530471665,2952.1810594391,2974.3476222258,2991.72895247127,3004.93468145086,3014.54416534716,3021.081103434,3025.00284837507,3026.69957779429,3026.49948675229,3024.67605049916,3021.45629202675,3017.0283916617,3011.54843871351,3005.14616734575,2997.9297687148,2989.98962684455,2981.40171781296,2972.23011581482,2962.52906368593,2952.34470326707,2941.71647090455,2930.67824121787,2919.25926898643,2907.48496882114,2895.37756409863,2882.95663011282,2870.23955122261,2857.24190767493,2843.97782973066,2830.46017601533,2816.7009306807,2744.65628467756,2668.10673254865,2588.29005555805,2506.51507758121,2424.11553788333,2342.32859730334,2262.17935041019,2184.42387396033,2109.55268968867,2037.83431956489,1969.37089743309,1904.15027095563,1842.08726808623,1783.05356716974,1726.89787226632,1673.45935296767,1622.57575989566,1574.08876862344,1527.84669260892,1483.705936436,1441.53198018626,1401.19926856329,1362.59110300001,1325.59925856194,1290.12360169341,1256.07109359464,1223.35609156986
12,1211.4023169805,1282.6499693272,1860.96921619939,2387.91475560978,2754.47162698254,2957.85764783735,2980.55140097044,2998.39108027109,3011.98267735451,3021.9074447159,3028.69437600321,3032.80772846801,3034.64495349827,3034.54118178328,3032.77612589045,3029.58224006746,3025.15233914082,3019.64642231992,3013.19750368855,3005.91649860036,2997.89616620894,2989.21434186827,2979.93676521544,2970.11907271749,2959.80860174754,2949.04582381621,2937.86551932562,2926.2977448979,2914.36863394988,2902.10106281394,2889.51520802163,2876.62901505397,2863.45859465283,2850.01858663902,2836.32233628395,2822.38230876333,2749.4172661351,2671.96133354556,2591.30478128209,2508.79746025794,2425.79540548549,2343.53766310177,2263.03564107217,2185.02395468582,2109.97060868651,2038.12441596849,1969.57194285255,1904.28947651664,1842.18356919262,1783.12009604581,1726.94374164521,1673.49086510662,1622.59730848571,1574.10348959226,1527.85654979784,1483.71249668827,1441.53627454996,1401.20201385785,1362.59279562051,1325.60024309424,1290.12411051155,1256.07129559091,1223.35609529995
13,1216.63114077941,1287.74096889987,1860.99635109055,2388.42144995182,2756.80894468642,2963.01869859488,2986.20507240665,3004.47489248919,3018.42993987728,3028.65259161606,3035.67642300243,3039.97185392715,3041.94304038723,3041.93156401275,3040.22297987889,3037.054852955,3032.62437222764,3027.09523467659,3020.60356067889,3013.26287113138,3005.16808709052,2996.39894481464,2987.0226756032,2977.09626265148,2966.66818008104,2955.77988432971,2944.46701827561,2932.76040267716,2920.68685654504,2908.2698795219,2895.53022251088,2882.48636735525,2869.15493205635,2855.55101459369,2841.6885127673,2827.58026383314,2753.76052403071,2675.4664674019,2594.03725793093,2510.85992099387,2427.3095739401,2344.62539852731,2263.80502544211,2185.5627414069,2110.34571994224,2038.38478379888,1969.75240201615,1904.41444541902,1842.27003786581,1783.17983288222,1726.98487393781,1673.51913734228,1622.61662821381,1574.11659634251,1527.86536298516,1483.71834727857,1441.54008928864,1401.2044377372,1362.59427658858,1325.60108991329,1290.12453186185,1256.07144321909,1223.35606488046
14,1221.51718207712,1292.51079440697,1861.02119464305,2388.87486261054,2758.92194043601,2967.74392859401,2991.39279743267,3010.0681002577,3024.36695531275,3034.87224727066,3042.12142897246,3046.5905331979,3048.68989331246,3048.76711830543,3047.11326030417,3043.97071440519,3039.54081583807,3033.99077366021,3027.45966257333,3020.06345619128,3011.89921028911,3003.04841412176,2993.57972492844,2983.5514190936,2973.01305599219,2962.00703294884,2950.56981731479,2938.73296085256,2926.52393893586,2913.96684837435,2901.08299069756,2887.8913621739,2874.4090674261,2860.65167000199,2846.63351932397,2832.36788718465,2757.75007272633,2678.67649395567,2596.53218887549,2512.73788162947,2428.68513077496,2345.6118727525,2264.50199971206,2186.05051078921,2110.68522011277,2038.62042502175,1969.91573748734,1904.5275730725,1842.34830716295,1783.23390875927,1727.02213952926,1673.54472318534,1622.6341029355,1574.12844136176,1527.87331715584,1483.7236168258,1441.54351516414,1401.20660429409,1362.59558917892,1325.60182856201,1290.12488662863,1256.07155160336,1223.3560145882
15,1226.1049130668,1297.00016161478,1861.04416370675,2389.28386816859,2760.84539582254,2972.09619268823,2996.18104137572,3015.24005947665,3029.86534285433,3040.63974776713,3048.10401853204,3052.73933144294,3054.96169324317,3055.12438441407,3053.5236488348,3050.40646363074,3045.97810873544,3040.40914109445,3033.84145538134,3026.39339353415,3018.16400253091,3009.23642464522,2999.68080252143,2989.55655535375,2978.91430567279,2967.79735269471,2956.24295456242,2944.28336464229,2931.94668869363,2919.25759741876,2906.23792179286,2892.90715290187,2879.28286332726,2865.38106466348,2851.21650986884,2836.80297981782,2761.43642867575,2681.63433738221,2598.82465479839,2514.45905235633,2429.94320383507,2346.51270091278,2265.13782110346,2186.49523407314,2110.99468715874,2038.8352162559,1970.06463266745,1904.6307044081,1842.41967309808,1783.2832124776,1727.05611170858,1673.56804045214,1622.65001931261,1574.13922051493,1527.88054554315,1483.72839587345,1441.54661197553,1401.2085524779,1362.59675923558,1325.60247657356,1290.12518584369,1256.07162748745,1223.3559472326
16,1230.43052834091,1301.24234880111,1861.06558255295,2389.65532821906,2762.60686984178,2976.1258969849,3000.62318742217,3020.04654179626,3034.98274728611,3046.01417423659,3053.68437918777,3058.47912075308,3060.81987585921,3061.06510106263,3059.51600843497,3056.42393587149,3051.99792825414,3046.41174398372,3039.80997789589,3032.31324171398,3024.02249209283,3015.02244923483,3005.38470628363,2995.16975548954,2984.42924915322,2973.20735355549,2961.54208752209,2949.46637970913,2937.00894297248,2924.19500100638,2911.046895163,2897.58459364676,2883.82612062425,2869.78791917196,2855.48515907848,2840.93202807389,2764.86014153527,2684.37420150579,2600.9426658377,2516.04549402851,2431.10056796986,2347.34025253147,2265.72139219757,2186.90320811375,2111.27852473385,2039.03221439988,1970.20120426548,1904.72531147262,1842.48514296302,1783.32844158201,1727.08727140111,1673.58942017615,1622.66460466501,1574.14908927823,1527.8871542455,1483.73275567553,1441.54942784041,1401.21031477279,1362.59780820631,1325.60304750048,1290.12543793291,1256.07167592423,1223.3558655911
17,1234.52389644336,1305.26491304714,1861.08570773405,2389.99470095635,2764.22853664641,2979.87406106288,3004.76274161743,3024.53305217288,3039.76624359878,3051.04380727779,3058.91167557072,3063.85982543473,3066.31470569425,3066.63979150075,3065.14097171201,3062.07374618999,3057.65076323386,3052.04885111984,3045.41519719984,3037.87259445599,3029.5238359794,3020.45518680502,3010.73955611676,3000.43854962785,2989.60478501845,2978.28326429844,2966.51273986231,2954.32679193445,2941.75471945346,2928.82228020594,2915.55230866635,2901.9652341199,2888.0795169631,2873.91201735773,2859.47830746196,2844.79296752996,2768.05423024711,2686.92402698951,2602.9089241815,2517.51503837663,2432.17074801417,2348.10447988066,2266.25986473653,2187.27942831928,2111.54026499491,2039.21387502943,1970.32715170237,1904.81256615182,1842.5455273812,1783.37015569464,1727.11600462063,1673.60912825406,1622.67804176815,1574.15817286111,1527.89322858441,1483.73675450554,1441.5520020862,1401.21191733397,1362.59875335252,1325.60355255047,1290.12564996456,1256.07170124898,1223.35577269157
18,1238.40996549023,1309.09094649763,1861.1047452427,2390.30639071648,2765.72847894373,2983.37449607577,3008.63561519639,3028.73719347387,3044.2547653086,3055.76860354411,3063.82663002179,3068.92267220126,3071.48782904874,3071.89032498948,3070.44050469552,3067.39785019387,3062.97846709005,3057.36213452188,3050.69853500161,3043.11256271243,3034.70875070351,3025.57494451586,3015.7851769264,3005.40232500074,2994.47977215233,2983.06338324542,2971.19261966676,2958.90169168356,2946.22046521671,2933.17521495374,2919.78925275616,2906.08345433871,2892.07670243408,2877.78626087366,2863.22809101118,2848.41711954824,2771.04594947111,2689.30671115224,2604.74207323736,2518.88225143099,2433.16479609533,2348.81350002275,2266.75906354739,2187.62812179153,2111.78278084773,2039.38219245408,1970.44386487905,1904.89342726925,1842.6014883854,1783.40881265953,1727.14262841709,1673.62738553703,1622.69048605351,1574.16658296902,1527.89883791699,1483.74043931064,1441.55436630199,1401.21338121506,1362.59960853299,1325.6040684967,1290.12582758044,1256.0717069204,1223.35566892649
19,1242.10979699467,1312.74000170109,1861.12286263842,2390.59399651884,2767.12161866462,2986.65538782341,3012.27178527509,3032.69038852204,3048.48087406769,3060.22200143376,3068.46333800573,3073.70221027217,3076.37413697921,3076.85178634306,3075.44977826224,3072.43141336723,3068.01612163692,3062.38652479479,3055.69471194917,3048.06760566196,3039.61144758104,3030.41552700751,3020.55509782033,3010.09408551494,2999.08676773886,2987.57979347076,2975.6133106832,2963.22214004247,2950.43669700183,2937.28375741662,2923.78709611624,2909.96802179616,2895.84582675329,2881.43816614077,2866.76137836836,2851.83075586173,2773.85803355222,2691.54136105598,2606.4575994111,2520.15931859733,2434.091854788,2349.47401604251,2267.22379217458,2187.95261959132,2112.00843792336,2039.53880928884,1970.55245396804,1904.96866846511,1842.65356135212,1783.44477985778,1727.16739250234,1673.64435648765,1622.702039441,1574.17437338885,1527.90403951421,1483.74384893454,1441.55654663579,1401.21472384404,1362.60038520758,1325.60446532103,1290.12597537778,1256.07169567425,1223.35555735723
20,1245.64133720769,1316.22878756037,1861.1401977986,2390.86049241919,2768.42039980173,2989.74046940198,3015.69652633224,3036.41915813826,3052.47207384363,3064.43226271241,3072.85062996873,3078.22772076748,3081.00315067648,3081.553866392,3080.19856015041,3077.20420162674,3072.79342360213,3067.15159136693,3060.43311963983,3052.76689277535,3044.26080595111,3035.00554638119,3025.07755067705,3014.54176031158,3003.45331964299,2991.8596380658,2979.80152960641,2967.31440731232,2954.42922014461,2941.17323065943,2927.5706633755,2913.64324756566,2899.41067329434,2884.8909756171,2870.10085876055,2855.05596965141,2776.50964483855,2693.64402807845,2608.06849635322,2521.35632778058,2434.95955098497,2350.09160879116,2267.65804657255,2188.2557396836,2112.21920421511,2039.68510029,1970.65390469046,1905.03895625186,1842.70220653008,1783.47837758947,1727.19052169979,1673.66020358023,1622.71282473116,1574.18164421082,1527.90888107669,1483.74701572973,1441.55856487079,1401.21595975298,1362.60109295811,1325.60481899329,1290.1260973025,1256.07166997532,1223.35543894379
21,1249.02001912636,1319.57170118347,1861.15686535088,2391.10836075759,2769.63529813983,2992.6499045765,3018.93133887268,3039.94608569416,3056.25180335533,3068.42348614753,3077.01310062633,3082.52413824304,3085.4000690226,3086.02191354047,3084.71226780029,3081.7416331319,3077.33573342148,3071.6825865513,3064.93885844929,3057.23533409475,3048.68151160804,3039.36943399812,3029.37668535652,3018.76916139647,3007.6029436177,2995.926084296,2983.78007652183,2971.20090912179,2958.2200497832,2944.86523440085,2931.16112490174,2917.129859648,2902.79151553077,2888.16449690478,2873.26586336897,2858.11160591543,2779.01706886486,2695.62837399583,2609.58576568163,2522.48185508825,2435.77433724942,2350.670995064,2268.06519833817,2188.53985607027,2112.41673600267,2039.82219027369,1970.74896724703,1905.10483993345,1842.74780518547,1783.50987073132,1727.21220041522,1673.67505489074,1622.72293064858,1574.18845626502,1527.91340269908,1483.7499668735,1441.56043928496,1401.21710110943,1362.60173977373,1325.60513464247,1290.12619655543,1256.07163173838,1223.35531472858
22,1252.2592002395,1322.78124016436,1861.17296147998,2391.33969220058,2770.77520767654,2995.40096330628,3021.99466030797,3043.29055604245,3059.84019681751,3072.21638485431,3080.97189858589,3086.61292716725,3089.58657259421,3090.27774095544,3089.01277661008,3086.06558580437,3081.664880474,3076.00124715765,3069.23353435355,3061.49437123859,3052.89481221062,3043.52821721817,3033.47328530784,3022.79684212381,3011.55587329604,2999.79906349491,2987.56856418574,2974.90092461399,2961.82811750263,2948.37833969439,2934.57667912136,2920.4456725539,2906.00577352537,2891.27574580858,2876.27298478305,2861.01383525107,2781.39429795375,2697.50605759831,2611.01883210891,2523.54318526116,2436.54169118603,2351.2161714408,2268.44810256916,2188.80697767844,2112.60243358249,2039.95107488074,1970.83834883771,1905.16677790462,1842.79066941206,1783.53946865118,1727.23256535621,1673.68896206334,1622.7324037192,1574.19482730293,1527.91764422949,1483.75273355454,1441.56218536823,1401.21815821914,1362.60233241683,1325.60541660814,1290.12627584605,1256.07158259025,1223.35518561066
23,1255.37053082484,1325.8683262967,1861.18856757227,2391.55626194372,2771.84773765052,2998.00854534167,3024.9024164993,3046.46932925788,3063.2546749606,3075.82889047925,3084.74534027648,3090.51268347865,3093.5814272802,3094.34025451881,3093.11904878004,3090.19502563986,3085.79978964002,3080.12641824047,3073.33587894535,3065.56259287685,3056.91912749861,3047.50009131097,3037.38536541013,3026.64260905264,3015.32964355623,3003.49584651382,2991.18398515376,2978.43115487615,2965.26982073417,2951.72862895335,2937.83308281933,2923.60610761402,2909.0685239704,2894.23943581132,2879.13660472137,2863.77667142665,2783.65338736962,2699.28713960519,2612.37577294526,2524.54661470289,2437.26631129123,2351.73056182258,2268.80920257464,2189.05882473973,2112.7774980146,2040.072581141,1970.92261797899,1905.22517593947,1842.83108423805,1783.5673737654,1727.25176283737,1673.70209897448,1622.74132770407,1574.20082518003,1527.92161917405,1483.75531378757,1441.56382019568,1401.21914518103,1362.60288391424,1325.60566858174,1290.12633747279,1256.07152390498,1223.35505234356
24,1258.36423362948,1328.84255943432,1861.20375301783,2391.75958851677,2772.85944373213,3000.48559103628,3027.66845490936,3049.49699155429,3066.51040978989,3079.27662851348,3088.34939308663,3094.23962328174,3097.4010628221,3098.22594727909,3097.04762851368,3094.14650152161,3089.75697475169,3084.07454434296,3077.26223773639,3069.45621944575,3060.7705298474,3051.30102385318,3041.12864272488,3030.32194953394,3018.93951684935,3007.03149672068,2994.64115817931,2981.80616243542,2968.55945496333,2954.93012066995,2940.94406831331,2926.6245922491,2911.99289108845,2897.06841078317,2881.86922055488,2866.41228784376,2785.80482679552,2700.98035299313,2613.66359850692,2525.49755185063,2437.95225369281,2352.21711825157,2269.15060312569,2189.29687683713,2112.94296052059,2040.18742416287,1971.00226913351,1905.28037523601,1842.86928454882,1783.59374721456,1727.26990281598,1673.71450785567,1622.74975260112,1574.2064832077,1527.92536476658,1483.75774150101,1441.56534523347,1401.2200558997,1362.60338054252,1325.60589799611,1290.12638921992,1256.07146473043,1223.35491556041
25,1261.24933004618,1331.71243667958,1861.21857738914,2391.95097970465,2773.81601002843,3002.84340725264,3030.30488855002,3052.38631359621,3069.62069409818,3082.57329635457,3091.79805977109,3097.80797176858,3101.05983681928,3101.94929307543,3100.81303627539,3097.93453919403,3093.55093149552,3087.86006064825,3081.02695896465,3073.18948908934,3064.46312688278,3054.94494251002,3044.7169112627,3033.84847797393,3022.39897947984,3010.41923053554,2997.95308345858,2985.03872097654,2971.7095578989,2957.99510769905,2943.92166513995,2929.51292495521,2914.79040595054,2899.77389697138,2884.48178765985,2868.93135382368,2787.85778903271,2702.59331812482,2614.88840904579,2526.40071400765,2438.60302717417,2352.67840223809,2269.47412897659,2189.52241638202,2113.09971499817,2040.29622428538,1971.07773189049,1905.33267299557,1842.90547581077,1783.61873088488,1727.28708305456,1673.72625581241,1622.75772413761,1574.21183213047,1527.92890119408,1483.76002931631,1441.5667774522,1401.22090669524,1362.60383991713,1325.60609602785,1290.12641704485,1256.07144676506,1223.35477900777
26,1264.03382296462,1334.48550091971,1861.23309215544,2392.13156879586,2774.72231500012,3005.09192853032,3032.82237185828,3055.14853809706,3072.59723821333,3085.7309670425,3095.1036873792,3101.23027584837,3104.57043418209,3105.52306304306,3104.42808583398,3101.57195809665,3097.194453396,3091.49570755889,3084.64270628664,3076.77496804137,3068.00936917658,3058.44416598024,3048.16234333558,3037.23420721256,3025.71984109068,3013.67070727472,3001.13122817087,2988.14009638499,2974.73118563878,2960.93441822811,2946.7765067521,2932.28147796902,2917.47120255817,2902.36579505632,2886.98395744054,2871.3432665482,2789.82034397591,2704.13273458702,2616.05556705157,2527.26022945605,2439.22174068975,2353.11664960206,2269.78137161857,2189.73656133977,2113.24854056057,2040.39952217136,1971.14938069831,1905.38232833066,1842.93983722911,1783.64244861231,1727.30338898819,1673.73740154323,1622.76528244271,1574.21689910736,1527.93224653182,1483.76218887058,1441.56812517059,1401.22170292367,1362.60426533192,1325.60627438722,1290.12643511247,1256.07136287054,1223.35463435389
27,1266.7248458421,1337.1684898064,1861.24734204462,2392.30234347948,2775.58286239022,3007.2399283172,3035.23032401977,3057.79361279105,3075.45041050706,3088.76033553035,3098.27721781094,3104.51765776272,3107.94410192088,3108.95858244813,3107.90414155721,3105.07012850415,3100.69888827453,3094.99278601944,3088.12071256755,3080.22380253443,3071.42029996687,3061.80961996816,3051.47573410107,3040.48979013153,3028.91257197015,3016.79626428685,3004.18575815821,2991.12025914635,2977.63411080309,2963.7576610046,2949.5179709489,2934.93944802523,2920.04426512199,2904.85287129588,2889.38427368901,2873.6563429839,2791.69962406604,2705.60450901167,2617.16978993936,2528.07973017305,2439.81108499618,2353.53382248348,2270.07372669555,2189.94029167106,2113.39012000932,2040.4977916341,1971.21754373397,1905.42956837158,1842.97252592004,1783.66500900219,1727.31889558187,1673.74799673665,1622.7724630252,1574.22170841501,1527.93541728614,1483.76423129161,1441.56939535457,1401.22244881165,1362.6046590079,1325.60643374931,1290.12644282078,1256.07127453056,1223.35448926817
28,1269.32878572543,1339.76744549661,1861.2613870546,2392.46416909317,2776.40140458827,3009.29519126856,3037.53711128833,3060.33038075647,3078.18943397542,3091.67092005194,3101.32839274876,3107.68002256582,3111.19085832788,3112.2659408625,3111.25132898072,3108.43918198075,3104.07434815329,3098.36136649335,3091.47098760294,3083.54592497843,3074.70575953793,3065.05103953798,3054.66670168641,3043.624717364,3031.98658411199,3019.80509359257,3007.12571146854,2993.98812235139,2980.42710982797,2966.4734080795,2952.1544598426,2937.49500330746,2922.51757112848,2907.24290785457,2891.69033596786,2875.87797933086,2793.50196418283,2707.01388384279,2618.23525129847,2528.86243057211,2440.37344863453,2353.931635501,2270.35242429421,2190.1344707348,2113.52505479014,2040.59145001926,1971.28251008268,1905.4745932177,1843.00368033393,1783.68650778537,1727.33366894601,1673.75808692934,1622.77929715541,1574.22628141357,1527.93842795219,1483.76616631107,1441.57059442755,1401.22314847622,1362.60502343838,1325.60657543307,1290.12644061538,1256.07118148837,1223.35434288146
29,1271.85138431703,1342.28779132303,1861.27522117552,2392.61780748273,2777.18133261186,3011.26465489399,3039.75019699647,3062.76673711399,3080.82254816963,3094.47122805907,3104.26592258019,3110.72622918433,3114.31966546823,3115.45414143606,3114.47870847813,3111.68818496575,3107.32988239269,3101.61046133796,3094.70248945771,3086.75022402328,3077.87455379431,3068.17713600946,3057.74385223543,3046.647464507,3034.9502008347,3022.70542776703,3009.9592071838,2996.75164478259,2983.11795927784,2969.08928899808,2954.69344063808,2939.95549243705,2924.89829783185,2909.54290642652,2893.90891566462,2878.01478135622,2795.23301567369,2708.36552728738,2619.25567030376,2529.6111733606,2440.91095459907,2354.31165361323,2270.61855365842,2190.31986274154,2113.65387718676,2040.6808666713,1971.34453559672,1905.51757998518,1843.03342302848,1783.70702971117,1727.34776760993,1673.76771245639,1622.78581254473,1574.2306370502,1527.94129141348,1483.76800261616,1441.5717281774,1401.22380570429,1362.60536102894,1325.60670088188,1290.12642926342,1256.07108402178,1223.3541951031
30,1274.29782324119,1344.7344771313,1861.28889412811,2392.76393242147,2777.92566133001,3013.15452685157,3041.87626587794,3065.10975897424,3083.35714354856,3097.16889394885,3107.09762664247,3113.66423246685,3117.33857244042,3118.53134032247,3117.59441952955,3114.82528297997,3110.47362152991,3104.74816801164,3097.82326681206,3089.84468584212,3080.93459430283,3071.19573559948,3060.71486607099,3049.56569045323,3037.81096992537,3025.50471878223,3012.69352329247,2999.41795754005,2985.71366374159,2971.61216649607,2957.14162945952,2942.3274643132,2927.1928389304,2911.75910177733,2896.04613609617,2880.07265467208,2796.89784017708,2709.66361504444,2620.23436537243,2530.32850853372,2441.42547888225,2354.67523163596,2270.87309481472,2190.49714709471,2113.77706033768,2040.7663698867,1971.40384770685,1905.55868613023,1843.06186297051,1783.72665013849,1727.36124362267,1673.77690919059,1622.79203384214,1574.23479218273,1527.94401913966,1483.76974795082,1441.57280177902,1401.22442390498,1362.60567397856,1325.60681146389,1290.12641099435,1256.07098443291,1223.35404858242
31,1276.67279516971,1347.11194554074,1861.30243272369,2392.90314230778,2778.63708188979,3014.9703827315,3043.92132779313,3067.36581392511,3085.79987369678,3099.77079414264,3109.83055043706,3116.50120193128,3120.25483515476,3121.50482506266,3120.60580136642,3117.85782122491,3113.51289757475,3107.78178884303,3100.84057801015,3092.83651228904,3083.89301540862,3074.11389536241,3063.58681478762,3052.38625689936,3040.57565186768,3028.20958969178,3015.33520449184,3001.99349669946,2988.22053529166,2974.04822397951,2959.50507673202,2944.61683238976,2929.40696722371,2913.89712266656,2898.10746192354,2882.05696639836,2798.50098844748,2710.91189630408,2621.17431181886,2531.01671247465,2441.91871635722,2355.02357377495,2271.11688275369,2190.66693683923,2113.89503645235,2040.84826653131,1971.46064940506,1905.59805220257,1843.08909743656,1783.74543634751,1727.37414345647,1673.78570916204,1622.79798305611,1574.23876186301,1527.9466213716,1483.77140923053,1441.5738199809,1401.22500629655,1362.60596448752,1325.6069087199,1290.12638267385,1256.07087799687,1223.35389671155
32,1278.9805640335,1349.42425343128,1861.31586080749,2393.0359706913,2779.31800543132,3016.71724808599,3045.89080481272,3069.54065116795,3088.15674963954,3102.28314383985,3112.47106420548,3119.24360243428,3123.07499834726,3124.38120976512,3123.51949448782,3120.7924460664,3116.45434524071,3110.71793182039,3103.76099124281,3095.73222033037,3086.75627278714,3076.93798405456,3066.36595599471,3055.11538568452,3043.25037659236,3030.82609449296,3017.89017962541,3004.48408285934,2990.64428167478,2976.40305210842,2961.78925210414,2946.82894167739,2931.54589974121,2915.96205507298,2900.09784527513,2883.97251479892,2800.04656631693,2712.11374930068,2622.07818690997,2531.67783080078,2442.3921820447,2355.35778526494,2271.35069951299,2190.82975761922,2114.00815698846,2040.92678149843,1971.51512769865,1905.63581050207,1843.1152212583,1783.76345766356,1727.38651926708,1673.79415316543,1622.80367991976,1574.24255959146,1527.94910730162,1483.77299267262,1441.57478658046,1401.22555514809,1362.60623370498,1325.60699293432,1290.12634815123,1256.07076929754,1223.35374524243
33,1281.22501619168,1351.67510313542,1861.32919966613,2393.16289736008,2779.97059975893,3018.39966764607,3047.78960475503,3071.63947852443,3090.433219572,3104.71157883734,3115.0249260788,3121.89735502225,3125.8050553556,3127.16647873318,3126.34150817094,3123.63519092656,3119.30398762627,3113.56259590016,3106.59046934226,3098.53772620211,3089.53020995653,3079.67383107985,3069.05801478736,3057.75872400518,3045.84069591338,3033.35966479343,3020.36382848431,3006.89499700674,2992.99008091034,2978.68172202753,2963.99911636306,2948.96863933864,2933.61436660499,2917.95850952196,2902.02177453841,2885.82366383207,2801.53829041247,2713.27222816115,2622.94840780575,2532.31370850789,2442.84723970428,2355.67884877578,2271.57527261379,2190.98611238635,2114.11678383816,2041.002181387,1971.56743189201,1905.67205660541,1843.14029159157,1783.78074379602,1727.39837699545,1673.80223075511,1622.80914214632,1574.24619746258,1527.95148513172,1483.77450378075,1441.5757055856,1401.22607329986,1362.60648373839,1325.60706580007,1290.12630752816,1256.07065801098,1223.35359346996
34,1283.40970414599,1353.86788304806,1861.34246836797,2393.28434659106,2780.59682027608,3020.02176404657,3049.62218362413,3073.66702785843,3092.63423662446,3107.06120382882,3117.49743339132,3124.46779508043,3128.45040965618,3129.86613417499,3129.07736671811,3126.3915308877,3122.06730912768,3116.3212436033,3109.33444194131,3101.25841702553,3092.22019645963,3082.32669777538,3071.66820357532,3060.32141300866,3048.35169698924,3035.81534581695,3022.7610108824,3009.23104520234,2995.26264474193,2980.88884765112,2966.13918203966,2951.0403334106,2935.61666975019,2919.89067870835,2903.8833310586,2887.614380173,2802.97953545173,2714.39010262769,2623.78716376019,2532.92601444538,2443.28512195903,2355.98765228353,2271.79121393878,2191.13643992315,2114.22122064413,2041.07467452536,1971.61772169983,1905.70690807224,1843.16439690505,1783.79731309894,1727.40978196056,1673.81000149023,1622.81438576339,1574.24968644873,1527.95376234294,1483.77594762932,1441.57658029706,1401.22656289024,1362.60671592131,1325.60712808624,1290.12626117526,1256.07054421356,1223.3534412459
35,1285.53788407272,1356.00570254487,1861.35568405,2393.40070688969,2781.19843622053,3021.58728790485,3051.39259889413,3075.6276109395,3094.76431675268,3109.33673637919,3119.89336349265,3126.95980908902,3131.01601038323,3132.4851471478,3131.73206298755,3129.0665186834,3124.74931780056,3118.99886310724,3111.99786719089,3103.89919458794,3094.8310883512,3084.90140308076,3074.20128149192,3062.8081345349,3050.78799197232,3038.19765510115,3025.08626853834,3011.49661362084,2997.46627282688,2983.02863883253,2968.21356642543,2953.04804589502,2937.5567320775,2921.76238451314,2905.68623304389,2889.34828030695,2804.37335459832,2715.46989191397,2624.59644346994,2533.51626280468,2443.70694617584,2356.28500035674,2271.99909279101,2191.28113845851,2114.32174395264,2041.14445190974,1971.66612797127,1905.74045354868,1843.18759880379,1783.81330807328,1727.42075425648,1673.81747437488,1622.81942525422,1574.25303644755,1527.95594565951,1483.77732874763,1441.57741373013,1401.22702589324,1362.60693151353,1325.60718056184,1290.12620952654,1256.0704281084,1223.35328861262
36,1287.61254819334,1358.09142214479,1861.36886216029,2393.51232734898,2781.77705302295,3023.09966073191,3053.10455520085,3077.52516737292,3096.82756563002,3111.54243199226,3122.21710514257,3129.37786872209,3133.50638737343,3135.02808493809,3134.31015832669,3131.66472889696,3127.35457993911,3121.60002160642,3114.58528479916,3106.46459748652,3097.36734678189,3087.40235887241,3076.66160543095,3065.22320891283,3053.15381288034,3040.51075568609,3027.3436558426,3013.69571613074,2999.60489939336,2985.10494717516,2970.2260356762,2954.99545497575,2939.43814195318,2923.57712337368,2907.43388349341,2891.02866802782,2805.72259363543,2716.51389369775,2625.37805851246,2534.08583133103,2444.11372808836,2356.5716239491,2272.19942630906,2191.42056986872,2114.41860530258,2041.21168776647,1971.7127717781,1905.7727772742,1843.20995365382,1783.82871679027,1727.43132166131,1673.82466855375,1622.82435294815,1574.25625644645,1527.95804118854,1483.77865125154,1441.57820862809,1401.22746411004,1362.60713167264,1325.60722394458,1290.1261530037,1256.07030991758,1223.35313566131
37,1289.63645282006,1360.12767967627,1861.38201666479,2393.6195243453,2782.33413145197,3024.5620118687,3054.76144369869,3079.3633059087,3098.82781214594,3113.68221157958,3124.47268372424,3131.72607640109,3135.92569715493,3137.49913899114,3136.81591423537,3134.19037687622,3129.88734193713,3124.1289113742,3117.10086181556,3108.95874287734,3099.83306652304,3089.83361453292,3079.05317410543,3067.57056781654,3055.45304330726,3042.75846755438,3029.53692558749,3015.83201002738,3001.68210807749,2987.12127993872,2972.18004371794,2956.88593345777,2941.26418889817,2925.33809946569,2909.12939940848,2892.65857301957,2807.02980355403,2717.5242090638,2626.13366347611,2534.63597696554,2444.50639351411,2356.84818887505,2272.39268538745,2191.5550712803,2114.51204435133,2041.27655433186,1971.75777871107,1905.80395506598,1843.23151435656,1783.84357585293,1727.44150946342,1673.83160145581,1622.82902085716,1574.25935462646,1527.96005448872,1483.77991888662,1441.57896748753,1401.2278791801,1362.60731745318,1325.60725889028,1290.12609199508,1256.07018985044,1223.35298445653
38,1291.61214275111,1362.11691306973,1861.39516022323,2393.72258538538,2782.87100407898,3025.97721041454,3056.3663761065,3081.14534019452,3100.76851033717,3115.75967887003,3126.66380015545,3134.00820476801,3138.27776280363,3139.90216500016,3139.25317874295,3136.64734090904,3132.35145766618,3126.58937019667,3119.54841394421,3111.38543460635,3102.23201499969,3092.19889558195,3081.37965363472,3069.85383876407,3057.68925559104,3044.94430425132,3031.66950405608,3017.90893137246,3003.70126747136,2989.08093558356,2974.07873978054,2958.72255553488,2943.03789612284,2927.04825727901,2910.77564490764,2894.24077759789,2808.29733818944,2718.50276405412,2626.8647733326,2535.16784933273,2444.88578846342,2357.11530316254,2272.57930164356,2191.68490577493,2114.60224282146,2041.33916174249,1971.80120708173,1905.83406189401,1843.25233490053,1783.85792475558,1727.45134714605,1673.83829565763,1622.83352765054,1574.26234556795,1527.96199944376,1483.78114656518,1441.57969258441,1401.22827259729,1362.60748981513,1325.60728599536,1290.12602685357,1256.07006996944,1223.35283120885
39,1293.54197257474,1364.06138028675,1861.40830434068,2393.82177241287,2783.38888949724,3027.34789293865,3057.92221427622,3082.87429513483,3102.65286120579,3117.7781535719,3128.79386473466,3136.22773102657,3140.56610862194,3142.24071779109,3141.62552326371,3139.03919720445,3134.75049807364,3128.98499367513,3121.93151322388,3113.74818039956,3104.56766626089,3094.50163729529,3083.64446087735,3072.07636630158,3059.86574317696,3047.07147954771,3033.74462268116,3019.92957664415,3005.6654109382,2990.98688203862,2975.92510086717,2960.50822886499,2944.76204840452,2928.71030861303,2912.37525730508,2895.77784322558,2809.52736885416,2719.45132836229,2627.57277849062,2535.68250241715,2445.25268788746,2357.3735237439,2272.7596637068,2191.81039910445,2114.68941391214,2041.39967073838,1971.84318305508,1905.86314704419,1843.27244362516,1783.87177710093,1727.46083797104,1673.84474752311,1622.837865062,1574.26521794841,1527.96385843766,1483.78230836957,1441.58039305404,1401.22865482263,1362.60764963392,1325.60736673189,1290.12595966956,1256.06994676308,1223.35267789842
40,1295.4281253418,1365.9631768094,1861.42145949789,2393.91732466378,2783.88890464987,3028.6764876228,3059.43159597161,3084.55303230097,3104.48381860768,3119.74070032049,3130.86602669239,3138.38786693129,3142.79399042685,3144.51808179369,3143.93624785206,3141.36925045088,3137.08776311159,3131.31904991388,3124.25338911874,3116.05022180959,3106.84323065532,3096.74501407287,3085.85071774612,3074.24124066127,3061.98552367527,3049.1430357831,3035.76519555292,3021.89682872478,3007.57736296944,2992.84188320416,2977.72180271929,2962.24556466565,2946.43918965041,2930.32675641287,2913.9306704486,2897.27213341572,2810.72189435555,2720.3715316129,2628.25895789028,2536.18090470923,2445.60780332148,2357.62336042058,2272.93413612367,2191.93178440658,2114.77373028958,2041.45819927488,1971.88378615938,1905.89128123289,1843.29189463119,1783.88517575858,1727.47001709363,1673.85098579384,1622.84202335393,1574.26799124418,1527.96565149851,1483.7834285992,1441.5810538998,1401.22900531798,1362.60780478921,1325.60738969113,1290.12588725014,1256.06982219702,1223.35252459235
41,1297.27262898925,1367.82425104104,1861.43463526409,2394.00946114014,2784.37207555764,3029.96523537115,3060.89695742333,3086.18412699194,3106.26411389979,3121.65015403704,3132.88320008544,3140.4915850696,3144.96442209747,3146.73729775194,3146.18840798958,3143.64056060645,3139.3663084674,3133.59456359991,3126.51710667701,3118.29456047025,3109.06168084749,3098.93195195092,3088.00132616751,3076.35128457934,3064.05146407947,3051.16171805747,3037.73394296786,3023.81335583159,3009.43973747526,2994.64849663675,2979.47134466031,2963.93700230425,2948.07175081644,2931.89988851358,2915.44413498085,2898.72583343402,2811.88276130774,2721.26487938811,2628.92449043475,2536.66394805352,2445.9517892788,2357.86528355005,2273.10304997741,2192.04929275758,2114.8553521121,2041.51485779113,1971.92309217862,1905.91851612005,1843.31072246925,1783.89814312635,1727.47889837076,1673.85701938751,1622.84607510051,1574.27067019102,1527.96738172485,1483.78450630879,1441.581687116,1401.22933841718,1362.60793943014,1325.60739056054,1290.12581663063,1256.06970018763,1223.35237617836
42,1299.0773708329,1369.64641791232,1861.447840395,2394.09838276254,2784.83934668802,3031.21620833101,3062.32055313094,3087.7699863141,3107.99627759869,3123.50914221954,3134.84808656315,3142.54164197321,3147.08019892302,3148.90118621747,3148.38483814727,3145.85596646496,3141.58896907823,3135.81439686328,3128.72545347706,3120.48396088561,3111.2257747033,3101.06520389741,3090.09897815954,3078.40920245453,3066.06615241722,3053.13009545543,3039.65335326221,3025.68159299305,3011.25495815659,2996.40909352978,2981.17604362598,2965.5848028561,2949.66190928778,2933.43190374944,2916.91773617237,2900.14096766318,2813.01167887105,2722.13275777333,2629.57046500536,2537.13245539342,2446.28524945531,2358.09972576001,2273.26671053398,2192.16313743008,2114.93442753257,2041.5697488629,1971.96117191637,1905.94490040942,1843.32896075578,1783.91070249294,1727.48749805751,1673.86285940829,1622.84999425125,1574.27325902408,1527.96905130595,1483.78554459016,1441.58229649657,1401.22965778945,1362.60806381709,1325.60738756893,1290.12573404558,1256.0695710131,1223.35222011688
43,1300.84411039672,1371.4313709386,1861.4610829181,2394.18427424846,2785.29158916468,3032.43132619529,3063.704473304,3089.31284337001,3109.68265847426,3125.32010459984,3136.7631954484,3144.540598507,3149.14391820269,3151.01236827984,3150.52817257791,3148.01810645284,3143.75837988269,3137.98115571503,3130.88103862391,3122.62105163245,3113.33807548625,3103.1472912524,3092.14617558233,3080.41747358827,3068.03201670163,3055.05055513005,3041.52583873666,3027.50391676261,3013.02527647494,2998.12587633619,2982.83805142844,2967.19106599885,2951.2117112466,2934.9247668986,2918.35338201752,2901.51941492318,2814.11023193998,2722.97645762789,2630.19788926417,2537.58718756545,2446.60874143938,2358.32708656637,2273.42539966783,2192.27351541508,2115.01109348848,2041.62296744034,1971.99809119141,1905.97047974819,1843.346641102,1783.92287570763,1727.49583107428,1673.86851599318,1622.8537881022,1574.27576281877,1527.97066380737,1483.78654623738,1441.58288016386,1401.22996051262,1362.60818042439,1325.60738152094,1290.1256518187,1256.0694422081,1223.35206594158
44,1302.5744908035,1373.18069293676,1861.47437020728,2394.26730575718,2785.72960798372,3033.61237059652,3065.05063200052,3090.81477349157,3111.32544043431,3127.08531053111,3138.63086150403,3146.49083791082,3151.15799747672,3153.07328391458,3152.62086372048,3150.12943703801,3145.87699419033,3140.09728413384,3132.98629142252,3124.70822278181,3115.40096973473,3105.18057349443,3094.14524761987,3082.37836885234,3069.95131710229,3056.92531905672,3043.35354717875,3029.28242783144,3014.7527875516,2999.8008943593,2984.45937002815,2968.75774495585,2952.72305991012,2936.38033002513,2919.75292730964,2902.86292201617,2815.17989279421,2723.79717418506,2630.80769741514,2538.02884929747,2446.92278132107,2358.5477355682,2273.57937807942,2192.38060890311,2115.08547668037,2041.67460143978,1972.03391094767,1905.99529636853,1843.36379272223,1783.93468295331,1727.503911453,1673.87399883522,1622.85746315638,1574.27818591969,1527.97222313705,1483.78751100526,1441.58344077282,1401.23024890971,1362.60828815956,1325.60737064709,1290.12556745873,1256.06931311413,1223.35191272336
45,1304.27004891689,1374.89586557708,1861.48770904849,2394.34763433498,2786.15414837655,3034.76099785343,3066.36088936128,3092.27770863128,3112.92665749885,3128.80687441316,3140.4532606976,3148.3945818113,3153.12469070807,3155.08620827005,3154.66519853793,3152.19222111726,3147.94707967411,3142.1650614465,3135.04347751945,3126.74772192264,3117.41664802323,3107.16725099701,3096.09834035526,3084.29402920232,3071.82616104594,3058.75645890361,3045.13851246742,3031.01912043348,3016.43944427615,3001.43605758625,2986.0418650832,2970.28665975269,2954.19772848618,2937.8003184493,2921.11802125256,2904.17311573674,2816.22203142277,2724.59601840258,2631.40075706807,2538.4580944913,2447.22780181717,2358.76201528875,2273.72888730085,2192.48458667199,2115.15767642555,2041.72473229461,1972.06868764128,1906.01938938691,1843.38044273699,1783.94614300748,1727.51175213072,1673.8793168231,1622.8610254839,1574.28053347026,1527.97373001024,1483.78844160629,1441.58397914478,1401.23052323814,1362.60838738405,1325.60735505567,1290.12548087734,1256.06918347679,1223.35176004806
46,1305.93222439612,1376.57827791956,1861.50110569701,2394.42540518874,2786.56590143623,3035.87875029006,3067.63690163237,3093.70345015636,3114.48820711758,3130.48676941442,3142.23242422871,3150.25390447119,3155.04610268467,3157.05326616497,3156.66331306098,3154.20865382165,3149.97081381351,3144.18661678546,3137.05471327302,3128.74164852227,3119.38725886517,3109.10937900825,3098.00753403753,3086.16645419665,3073.65851665684,3060.54590926664,3046.88263376324,3032.71585655216,3018.08706986033,3003.03314899651,2987.58727800378,2971.77950900996,2955.63737169716,2939.18634199596,2922.45022788259,2905.45148509884,2817.23792469722,2725.37400242541,2631.97787532554,2538.8755309143,2447.52433835155,2358.97024370204,2273.87415148246,2192.58560532676,2115.22783740484,2041.77343556065,1972.10247365574,1906.04279511885,1843.39661629877,1783.95727327546,1727.51936512562,1673.88447824515,1622.86448161767,1574.28280737381,1527.97518799236,1483.78933977713,1441.58449641105,1401.23078420826,1362.60847851391,1325.60733495201,1290.12539212801,1256.06905321926,1223.35160773987
47,1307.56236780108,1378.22923406219,1861.51456592855,2394.5007528108,2786.96550910698,3036.9670663147,3068.8802395398,3095.09368025312,3116.01186204516,3132.12683971189,3143.97025104364,3152.07074550424,3156.9242018723,3158.97644502706,3158.61720536887,3156.18070946596,3151.95017597568,3146.16394199317,3139.0219785797,3130.69196665479,3121.31471266272,3111.00888012841,3099.87470071757,3087.99751416499,3075.45022475187,3062.29547947999,3048.58768712477,3034.37437733319,3019.6973690391,3004.59383554245,2989.09723670526,2973.23788046176,2957.04353605764,2940.53990502521,2923.7510085732,2906.69950432893,2818.22876479599,2726.13213876312,2632.53980419605,2539.28172436399,2447.81275924432,2359.17271647589,2274.01537898651,2192.68381041888,2115.29604308425,2041.82078146131,1972.13531768283,1906.06554731423,1843.41233679061,1783.96808994081,1727.52676162179,1673.88949153003,1622.86783514221,1574.28501216722,1527.97659952046,1483.7902071479,1441.58499364392,1401.23103250794,1362.60856423891,1325.60731338721,1290.12530482148,1256.0689267355,1223.35146117414
48,1309.16174786483,1379.84996001027,1861.52811098403,2394.57380197651,2787.3535686196,3038.02728941716,3070.0923711816,3096.44997211853,3117.49928095767,3133.72881143624,3145.66851902861,3153.84692124932,3158.76083191353,3160.85760646996,3160.52874720484,3158.11026329309,3153.88703925622,3148.09890317136,3140.94712835371,3132.60051638992,3123.2008314309,3112.86755547511,3101.70161808343,3089.78896109556,3077.20300957241,3064.00686418279,3050.25533590064,3035.99631329382,3021.27193808889,3006.1196779702,2990.57326522461,2974.66326036172,2958.41766906389,2941.86241540022,2925.02173077617,2907.91847167453,2819.19566539172,2726.87130075764,2633.08724542015,2539.67720237815,2448.09344975425,2359.36970896956,2274.15276380606,2192.77933744147,2115.36238766929,2041.86683536396,1972.16726504841,1906.08767739366,1843.42762598486,1783.97860807478,1727.53395266442,1673.89436238897,1622.87109180436,1574.28715120778,1527.97796686805,1483.79104524211,1441.58547246588,1401.23126955108,1362.60863910936,1325.6072833223,1290.12521002531,1256.06879280551,1223.35130636536
49,1310.73155803511,1381.44160986049,1861.54171467328,2394.64466862969,2787.73063644534,3039.06067621998,3071.27467067334,3097.77379908995,3118.95201796639,3135.29430248311,3147.32889504561,3155.58413497002,3160.5577219404,3162.69849667673,3162.39969439461,3159.99907450835,3155.78316090635,3149.99325103929,3142.83190282268,3134.46900910712,3125.04732447839,3114.68704613099,3103.48995373712,3091.54243840035,3078.9184884094,3065.68165279518,3051.88714004862,3037.58319347722,3022.81227381091,3007.61213962466,2992.01679234152,2976.05704191427,2959.76112743052,2943.15519252434,2926.26367585456,2909.10962982282,2820.13967006271,2727.59233495243,2633.62085822818,2540.06245754773,2448.36676938487,2359.56147801544,2274.28648682996,2192.87231271698,2115.42695898461,2041.91165820947,1972.19835801123,1906.10921465375,1843.44250418187,1783.98884226732,1727.54094670775,1673.89909823368,1622.87425619253,1574.28922762678,1527.97929231683,1483.79185568002,1441.58593221311,1401.23149395814,1362.60870784717,1325.60725038985,1290.12511460258,1256.068659861,1223.35115373453
50,1312.27292237096,1383.00527138059,1861.55539683306,2394.71346067198,2788.09723182837,3040.06840370043,3072.42842590776,3099.06654284319,3120.37153116346,3136.82483132826,3148.95294395124,3157.28398602202,3162.31649584464,3164.50075573434,3164.23169621305,3161.84879565096,3157.64019168558,3151.84863024829,3144.67793678593,3136.29909603315,3126.85579750703,3116.46903574771,3105.24127409088,3093.25948969386,3080.59818025574,3067.32133803643,3053.48456451199,3039.13645368055,3024.31978160407,3009.07259436203,2993.42915932465,2977.4205328501,2961.07518449012,2944.41947456048,2927.47804611916,2910.27414463757,2821.06175672765,2728.29603084813,2634.14124788575,2540.43795048312,2448.6330540865,2359.7482635118,2274.41671697351,2192.96285418937,2115.48983902618,2041.95530689524,1972.22863602797,1906.13018644957,1843.45699033851,1783.99880457991,1727.54775343979,1673.90370531165,1622.87733263199,1574.29124439786,1527.98057742493,1483.792639269,1441.58637497164,1401.23170780165,1362.608770411,1325.60721430038,1290.12501803905,1256.06852716699,1223.35100230269
51,1313.78690087009,1384.54197105442,1861.56916172283,2394.78027866706,2788.45383994947,3041.05154568929,3073.55484553422,3100.32950076987,3121.75919031524,3138.32182496575,3150.5421367197,3158.94797811122,3164.03868062924,3166.26592604415,3166.02630382406,3163.66095910471,3159.45968428974,3153.66658777468,3146.48676795665,3138.09228789272,3128.62776081578,3118.21496926718,3106.95705238307,3094.9415667027,3082.24351360183,3068.92732359892,3055.04898676541,3040.65744386633,3025.79578273669,3010.50233367613,2994.81162690811,2978.75496224769,2962.36103685584,2945.65642493126,2928.66597115749,2911.41311131394,2821.96279856984,2728.98312894253,2634.64899511528,2540.80411554622,2448.89261823052,2359.93028985004,2274.54361219103,2193.05107213423,2115.55110445557,2041.99783461785,1972.25813599044,1906.15061835957,1843.47110264015,1784.00850780873,1727.5543813403,1673.90818947682,1622.88032502124,1574.29320412294,1527.98182436582,1483.79339764902,1441.58680143888,1401.23191145858,1362.60882694099,1325.60717501032,1290.12492013987,1256.06839439214,1223.35085160513
52,1315.27449429154,1386.052678653,1861.58301330289,2394.845216471,2788.8009147655,3042.01119823615,3074.65506525081,3101.56389263068,3123.1162838028,3139.7866260712,3152.09785777455,3160.57752674862,3165.72571394857,3167.9954599155,3167.78497790137,3165.43707213923,3161.24310096138,3155.44858049895,3148.25984449531,3139.8500212002,3130.3646367037,3119.92625250273,3108.6386759167,3096.5900364072,3083.85583347364,3070.50093107624,3056.58170362699,3042.1474348531,3027.24147925288,3011.90257313043,2996.16538158724,2980.06148668912,2963.61981043332,2946.86713818225,2929.82851355479,2912.52755995359,2822.84374729375,2729.65432464304,2635.14463923382,2541.1613494527,2449.14576115672,2360.10777532158,2274.66733209031,2193.13707829031,2115.61083700424,2042.039302173,1972.28690405878,1906.17054660263,1843.48486865875,1784.01796344769,1727.56083835282,1673.91255616679,1622.88323719431,1574.29510946322,1527.98303483608,1483.79413193594,1441.58721232547,1401.23210535528,1362.60887766196,1325.60713259552,1290.12482087221,1256.06826141445,1223.35070144255
53,1316.73665234629,1387.5383113843,1861.59695525922,2394.90836179764,2789.13888156399,3042.94830630694,3075.7301534874,3102.7708665682,3124.44402489643,3141.22049947936,3153.62141161992,3162.17396599368,3167.37895092973,3169.69072643629,3169.50909552379,3167.17849316651,3162.99182037627,3157.19598206383,3149.99853182635,3141.57365038635,3132.06776617158,3121.60421087087,3110.28742980919,3098.20618750441,3085.43640780025,3072.04340623091,3058.08393742055,3043.60758751664,3028.65812597211,3013.27445817523,2997.49154131239,2981.34119582644,2964.8525658561,2948.05264528549,2930.96667405304,2913.61846057796,2823.70537057576,2730.31027180061,2635.62868697653,2541.51003742388,2449.39274728038,2360.2808965884,2274.78798573553,2193.22094766744,2115.66907823769,2042.07972766757,1972.31494249723,1906.18996151873,1843.49826876303,1784.02718226259,1727.56713191247,1673.91681053522,1622.88607265755,1574.29696280484,1527.9842104437,1483.79484319777,1441.58760832568,1401.23228992733,1362.60892283004,1325.60708718644,1290.12472027741,1256.06812821017,1223.35055174177
54,1318.17426252682,1388.99973766771,1861.61101875404,2394.96979672685,2789.46813926465,3043.86378715367,3076.78111654986,3103.95150455134,3125.74355743894,3142.62463805296,3155.11402884967,3163.73855456627,3168.99967035571,3171.35301770117,3171.19995642642,3168.88652476982,3164.7071438869,3158.91008909228,3151.70411881855,3143.2644539308,3133.73841499697,3123.25009540229,3111.90459376456,3099.79123625837,3086.98643318878,3073.55592467566,3059.55684156103,3045.03910513945,3030.04678762762,3014.61906941925,2998.79116064806,2982.59511742526,2966.06030341062,2949.21391844081,2932.08139623094,2914.68672768325,2824.54843324192,2730.95158590825,2636.10161507391,2541.85053504411,2449.63384451338,2360.44985307043,2274.90572315623,2193.30278697284,2115.72591027909,2042.11915786308,1972.34230416325,1906.20890730124,1843.51135320003,1784.03617437326,1727.57326901483,1673.92095739265,1622.88883470718,1574.29876639362,1527.9853527055,1483.79553244698,1441.5879901037,1401.23246559934,1362.60896270556,1325.60703892991,1290.12461842604,1256.06799479661,1223.35040248351
55,1319.58817627244,1390.43778057327,1861.62515256743,2395.02959816199,2789.78906249908,3044.75850511169,3077.8089032847,3105.10682731448,3127.01596100351,3144.00016801024,3156.5768716034,3165.27248139675,3170.58908028083,3172.98355446824,3172.85878867848,3170.56239777291,3166.39030119374,3160.59212683551,3153.37780725444,3144.9236399322,3135.37775164035,3124.86508820065,3113.49131174731,3101.34633183267,3088.50704015436,3075.03959703715,3061.00150562669,3046.44301890314,3031.40850867504,3015.93742741562,3000.06523545669,2983.82422194282,2967.24396750576,2950.35187543526,2933.17357074961,2915.73322437034,2825.37365662373,2731.57884700124,2636.56387225152,2542.18317842762,2449.86929646627,2360.6148174032,2275.02066819217,2193.38268025992,2115.78139076557,2042.15766876049,1972.3690150513,1906.22740479105,1843.52412382013,1784.04494928421,1727.57925622699,1673.92500126196,1622.89152644307,1574.30052234267,1527.98646305011,1483.79620063864,1441.58835828831,1401.23263277634,1362.60899754082,1325.60698797348,1290.12451539627,1256.06786120503,1223.35025366836
56,1320.97919735664,1391.85322096113,1861.63938640671,2395.08783824279,2790.10200349166,3045.63327553046,3078.81440931654,3106.23779884672,3128.26225558311,3145.34815376992,3158.01103852916,3166.77687067491,3172.14832313968,3174.583491306,3174.48675384982,3172.20727641049,3168.04245550606,3162.24325431279,3155.0207812603,3146.55235117727,3136.98696244059,3126.45030740948,3115.04868701196,3102.87256112122,3089.99929791062,3076.49547363084,3062.41895997342,3047.82033820378,3032.74427664881,3017.23049701538,3001.31470715842,2985.02942669166,2968.40445073756,2951.46738360625,2934.24403921209,2916.75876609889,2826.18172176127,2732.19260229111,2637.01588177656,2542.50828367691,2450.0993326869,2360.77595377887,2275.13293295521,2193.46070715758,2115.8355746608,2042.19527922089,1972.39510214819,1906.24546831633,1843.53659354082,1784.05351593904,1727.58509972843,1673.92894639923,1622.89415078259,1574.30223264068,1527.98754282228,1483.79684867229,1441.58871347242,1401.23279184102,1362.60902757523,1325.60693445879,1290.12441126537,1256.06772746969,1223.35010530296
57,1322.34808860411,1393.24680035204,1861.65372306832,2395.14458471887,2790.40729376506,3046.48886834939,3079.79848090494,3107.34533047906,3129.48340586129,3146.66960236475,3159.41756930538,3168.25278645109,3173.67848040344,3176.15392128479,3176.08495172037,3173.82226304122,3169.6647082466,3163.86456899687,3156.63411586749,3148.1516697616,3138.56709134505,3128.00681174011,3116.57776413401,3104.37095316339,3091.4641768798,3077.92454877119,3063.81017994016,3049.17201847046,3034.0550262113,3018.49919133387,3002.54046661226,2986.21159963262,2969.54259759193,2952.56126345174,2935.29359767874,2917.76412410629,2826.97327231881,2732.79336856348,2637.45804298057,2542.82614893512,2450.32416960067,2360.9334154328,2275.24262562272,2193.53694297858,2115.88851435225,2042.23202595467,1972.42058924993,1906.26311543082,1843.5487745301,1784.0618827625,1727.5908053403,1673.93279681382,1622.89671047363,1574.30389916107,1527.98859328869,1483.79747739516,1441.58905621441,1401.23294315385,1362.60905303469,1325.60687851964,1290.12430610689,1256.06759362356,1223.34995739452
58,1323.69557465198,1394.61922355624,1861.66816516798,2395.19990128777,2790.70524568889,3047.32601135572,3080.76191846037,3108.43028461207,3130.68032510878,3147.96546746945,3160.79744876806,3169.70123683647,3175.18057683095,3177.69588026009,3177.65442458014,3175.40840245145,3171.25807273211,3165.4571110924,3158.21884507101,3149.72262130896,3140.11915371002,3129.53560460586,3118.07953309364,3105.84245937749,3092.902719438,3079.32776465648,3065.17608968788,3050.49896493425,3035.3416428489,3019.74437537101,3003.74335765803,2987.37156283617,2970.65920782305,2953.63429192369,2936.32299987435,2918.75002852603,2827.74891724277,2733.38163435516,2637.89068589561,2543.13705568031,2450.54401163792,2361.08734777789,2275.34984832353,2193.61145888537,2115.94025886118,2042.26794284781,1972.44550022174,1906.28036268652,1843.56067826196,1784.07005769909,1727.59637855188,1673.93655628626,1622.89920810724,1574.3055236698,1527.9896156432,1483.79808760559,1441.58938704034,1401.23308705429,1362.60907413151,1325.60682028176,1290.12419998962,1256.06745969739,1223.34980994981
59,1325.022344481,1395.97115769717,1861.68271515473,2395.2538479017,2790.99615388832,3048.14539315767,3081.70547975424,3109.49347812112,3131.85387874396,3149.23665308204,3162.15161068387,3171.12317784335,3176.65558435582,3179.2103507895,3179.19613724472,3176.966685791,3172.82360009325,3167.02186744899,3159.77594983199,3151.26617883044,3141.64411278795,3131.03763790308,3119.55493301037,3107.28805209259,3094.31579416096,3080.70601493979,3066.51756570979,3051.80203607428,3036.6049662511,3020.96686932119,3004.92418035425,2988.51009564632,2971.75503954125,2954.68720543825,2937.33296011845,2919.71717123751,2828.50923318873,2733.95786195887,2638.31426122915,2543.44126990833,2450.75905171319,2361.2378881448,2275.45469752308,2193.6843224419,2115.99085505568,2042.30306237069,1972.46985758921,1906.297225707,1843.57231556722,1784.07806147721,1727.60183615922,1673.94023843247,1622.90165471444,1574.30711509401,1527.99061726061,1483.79868966504,1441.58970644594,1401.233223862,1362.60909106556,1325.60675986304,1290.12409297784,1256.06732571991,1223.34966297458
60,1326.32904069617,1397.30324791181,1861.69737532289,2395.30648104658,2791.28029652784,3048.94766590247,3082.62988285537,3110.53568547182,3133.00488759184,3150.48401689413,3163.48094120502,3172.51951690197,3178.10442564672,3180.69826572056,3180.71107602855,3178.4980541787,3174.36220059316,3168.55977514581,3161.30636164074,3152.78326625943,3143.14288322925,3132.51381547467,3121.0048555639,3108.70858615162,3095.70426488551,3082.06014800664,3067.83544004618,3053.08204677346,3037.84579340481,3022.1674516034,3006.08369394263,2989.6279375771,2972.83081203986,2955.72070263087,2938.32415600754,2920.66620847344,2829.25476674138,2734.52248923558,2638.72905978685,2543.73904323669,2450.96947232193,2361.38516634049,2275.55727135687,2193.7556044372,2116.04035510049,2042.33742286758,1972.49368967043,1906.31372546947,1843.58370200217,1784.08586593639,1727.60715184082,1673.94381938843,1622.90402917694,1574.30865684228,1527.99158483511,1483.79926073072,1441.59002123485,1401.23336147811,1362.60911312843,1325.60669737442,1290.12398513173,1256.06719171729,1223.34951647374
61,1327.61631354897,1398.61609925954,1861.71214782397,2395.35785399579,2791.55797940447,3049.73344776444,3083.53580881918,3111.55764157521,3134.13413087097,3151.70837338105,3164.78628203742,3173.89111608613,3179.52797737277,3182.16051148188,3182.20010944029,3180.00340200989,3175.8747679784,3170.07172478017,3162.81096578541,3154.27476169485,3144.6163342948,3133.96499628731,3122.43014813285,3110.1048961861,3097.06895245571,3083.39096997326,3069.13050323283,3054.33977121282,3039.06488143195,3023.34686164031,3007.22261956614,2990.7257909682,2973.88720838639,2956.73544688203,2939.29723087369,2921.59776321005,2829.98603644804,2735.07593128566,2639.13540140015,2544.03061387133,2451.17544616213,2361.5293078895,2275.65763844639,2193.82534543924,2116.08878025925,2042.37103337758,1972.51699808077,1906.32985941737,1843.5948329596,1784.09350543066,1727.61235515285,1673.94732479661,1622.90635407391,1574.31016328507,1527.99252732692,1483.79981727408,1441.59031616638,1401.23348134431,1362.60911789064,1325.60663850257,1290.12388314517,1256.06706559645,1223.34937045126
62,1328.88474549653,1399.91029195368,1861.72703467646,2395.4080170416,2791.82936675329,3050.50332522674,3084.42390415482,3112.56004440756,3135.24234893586,3152.91049663915,3166.06843335023,3175.23879507578,3180.92707320342,3183.59793110657,3183.66408599212,3181.48357999542,3177.36215236837,3171.55856348903,3164.29060435525,3155.74150038074,3146.0652928073,3135.39199735082,3123.8316166754,3111.4777759998,3098.41063752577,3084.69924744239,3070.40350700948,3055.57594552982,3040.2629501957,3024.50580241042,3008.34164276532,2991.80432342355,2974.92487780212,2957.73206863599,2940.25279604123,2922.51242736079,2830.70353468384,2735.61858197751,2639.53358932918,2544.31620754668,2451.37713680715,2361.67042216401,2275.75589328092,2193.89361673744,2116.136185228,2042.40393635566,1972.53981604388,1906.34565366386,1843.60572897933,1784.10098290737,1727.6174474544,1673.95075396714,1622.90862585918,1574.31163458588,1527.99344675786,1483.80035918671,1441.5906023653,1401.23359663203,1362.60912104302,1325.60656933178,1290.12377038328,1256.06692753255,1223.34922939146
63,1330.13490434114,1401.18637977156,1861.74203777536,2395.45701770693,2792.09473551362,3051.25785517555,3085.29478309138,3113.54355741815,3136.33024579761,3154.09112299467,3167.32815645168,3176.56333388196,3182.30250656779,3185.01132701362,3185.10381337453,3182.93939795734,3178.82516304655,3173.0210799922,3165.74607900378,3157.18424860004,3147.49054586692,3136.7955964033,3125.21002838584,3112.82798118121,3099.73006312693,3085.9857100418,3071.65516681104,3056.79127026343,3041.44068469753,3025.64494279505,3009.44141577371,2992.86417005361,2975.94443784971,2958.71116753248,2941.19143290148,2923.41076379282,2831.40772936559,2736.15081535163,2639.92391136776,2544.59603835623,2451.57469975207,2361.80862429009,2275.85211172253,2193.96047113368,2116.18260615247,2042.43615633682,1972.56216005051,1906.36111915349,1843.61639726127,1784.10830294091,1727.62243068449,1673.95410817353,1622.91084690296,1574.3130717766,1527.99434365132,1483.80088660154,1441.59087964789,1401.23370688353,1362.60912187075,1325.60649977164,1290.12365861814,1256.06679152625,1223.34908187884
64,1331.3673321421,1402.44489165463,1861.75715890069,2395.50490093786,2792.35430876213,3051.99756682632,3086.14902966262,3114.50881174504,3137.39849144447,3155.25095340603,3168.56617625338,3177.86547535681,3183.65503319641,3186.40146357024,3186.52006102945,3184.37162740482,3180.2645710319,3174.46007785573,3167.17815349471,3158.60382134547,3148.89284335302,3138.17653438614,3126.5661141348,3114.15623151971,3101.0279121487,3087.25105274593,3072.88616406576,3057.9864126144,3042.59873730281,3026.76491973983,3010.52255963162,2993.90593554006,2976.94647644743,2959.67331436948,2942.11369482261,2924.29330818306,2832.09906552804,2736.67298691097,2640.30664086102,2544.87030952428,2451.76828102214,2361.94401842696,2275.94636694113,2194.02595916792,2116.22807789262,2042.46771727371,1972.58404650712,1906.37626712402,1843.62684535225,1784.11547042087,1727.62730882859,1673.95739031877,1622.91301891369,1574.31447593605,1527.99521863035,1483.80139980346,1441.59114803833,1401.23381191034,1362.60911999962,1325.60642927376,1290.12354712171,1256.06665665781,1223.34893614095
65,1332.58254676321,1403.68633318859,1861.77239972568,2395.55170928198,2792.60829805943,3052.72296349689,3086.98719962732,3115.45640825695,3138.44772398104,3156.39065567868,3169.78318354272,3179.14592750836,3184.98537346588,3187.76906945544,3187.91356252397,3185.78100391038,3181.68111145128,3175.87627216968,3168.58755605039,3160.00091230334,3150.27290023218,3139.53551772597,3127.90057072449,3115.46321322367,3102.30490884243,3088.4959380534,3074.09714829584,3059.16200848515,3043.73772969469,3027.86634026469,3011.58566616943,2994.93019610386,2977.93155372623,2960.61905291227,2943.02010891012,2925.16057072903,2832.77796677617,2737.18543480912,2640.68201170621,2545.13921411582,2451.95802113133,2362.07670397219,2276.03872830907,2194.09012907918,2116.27263385945,2042.49864226538,1972.60549138867,1906.39110853902,1843.63708081638,1784.12249082856,1727.63208556836,1673.96060290507,1622.91514356499,1574.31584815441,1527.99607236885,1483.80189916587,1441.59140768757,1401.23391169216,1362.60911526988,1325.60635755217,1290.12343549723,1256.06652241336,1223.34879153832
66,1333.78104055818,1404.91118797401,1861.78776182337,2395.59748304954,2792.85690420806,3053.4345242419,3087.80982224046,3116.38691943689,3139.47855160221,3157.51086650956,3170.97983708117,3180.40536563811,3186.29421456397,3189.11483984294,3189.28501774278,3187.16822930477,3183.07548573082,3177.27036194172,3169.97498152147,3161.37621065462,3151.63139869007,3140.87322044321,3129.21406297068,3116.74958097533,3103.56167232572,3089.72099795775,3075.28873909962,3060.31866446253,3044.85825489711,3028.94973882894,3012.63129966296,2995.93750099114,2978.90020383507,2961.54890172059,2943.91117789017,2926.01303813602,2833.44483894607,2737.68848094534,2641.05032269252,2545.4029357104,2452.14405278301,2362.20677434784,2276.1292618434,2194.15302683527,2116.31630595622,2042.52895343379,1972.62649112093,1906.40565402854,1843.64711110789,1784.12936927745,1727.6367644213,1673.9637483354,1622.91722247947,1574.31718950695,1527.99690555859,1483.80238510781,1441.59165881862,1401.23400630774,1362.60910765017,1325.60628448879,1290.12332354759,1256.06638852392,1223.34864760872
67,1334.96329263585,1406.11991889722,1861.80324667388,2395.64226046336,2793.10031795011,3054.13270536204,3088.61740188855,3117.30089112298,3140.49155441773,3158.61219337738,3172.15676554388,3181.64443431753,3187.58221249196,3190.43943842007,3190.63509491581,3188.53397370691,3184.44836362258,3178.64301462465,3171.34109339324,3162.73037446598,3152.96899010315,3142.19028610187,3130.50722562818,3118.01595982968,3104.79881715377,3090.9268357929,3076.46152793659,3061.4569595392,3045.96087889803,3030.01575630927,3013.65999871703,2996.92837451126,2979.85293610899,2962.46335497432,2944.78738042884,2926.85117320777,2834.10006068519,2738.18243197541,2641.41178346616,2545.66164890896,2452.32650221983,2362.33431950248,2276.21803036684,2194.21469620665,2116.35912458863,2042.55867186443,1972.64709787921,1906.41991378332,1843.65694327141,1784.13611063875,1727.64134874439,1673.96682891029,1622.91925722003,1574.31850104293,1527.99771888851,1483.80285806616,1441.5919016906,1401.23409588981,1362.60909718142,1325.60621005494,1290.12321115678,1256.06625482453,1223.348504505
68,1336.12975375869,1407.31296931008,1861.81885566985,2395.68607779576,2793.33872061002,3054.81794179794,3089.41041960218,3118.19884411784,3141.48728614019,3159.69521629132,3173.31456931534,3182.86374921773,3188.84999391812,3191.74349925676,3191.96443249561,3189.87887740359,3185.80038508128,3179.99486798564,3172.68652564375,3164.06403253323,3154.28629686438,3143.48732961508,3131.78066517367,3119.26294697248,3106.0169304541,3092.11402793616,3077.6160798077,3062.57744677204,3047.04614229586,3031.0648764305,3014.67227767689,2997.90331730091,2980.79023726632,2963.36288516171,2945.64917459782,2927.67541947845,2834.74400349592,2738.66758296566,2641.76661822573,2545.91552006039,2452.50548961653,2362.45942469986,2276.30509367883,2194.27517886711,2116.40111870624,2042.58781765896,1972.66730696872,1906.43389748024,1843.66658401382,1784.14271955307,1727.64584173886,1673.96984682802,1622.92124928532,1574.31978377451,1527.99851303179,1483.8033184782,1441.59213657673,1401.23418059681,1362.60908936681,1325.60614046952,1290.12310550152,1256.06612949595,1223.34836189093
69,1337.28085832571,1408.49076412627,1861.83459012255,2395.72896949484,2793.57228468798,3055.49064842066,3090.18933445557,3119.08127567959,3142.46627564845,3160.76048941168,3174.45382215307,3184.06389880515,3190.09815789602,3193.0276285382,3193.27364089778,3191.2035525919,3187.13216200403,3181.32653183916,3174.0118844662,3165.37778609008,3155.58391407568,3144.76493891859,3133.03496145838,3120.49111335,3107.21657353145,3093.28312538678,3078.7529348059,3063.68065480354,3048.11456178738,3032.09760350463,3015.6686280528,2998.86280771127,2981.71257217506,2964.24794338168,2946.49699748122,2928.4861998108,2835.37698481684,2739.14420649997,2642.11504071869,2546.16470763339,2452.68112944825,2362.58217114313,2276.39050872726,2194.33451450077,2116.44231588933,2042.61640996415,1972.68713167287,1906.44761433455,1843.6760397236,1784.14920044203,1727.65024645719,1673.97280418699,1622.92320010874,1574.32103867322,1527.99928863905,1483.80376677207,1441.59236587684,1401.23426299718,1362.60907073567,1325.60606023768,1290.12298865627,1256.06599195228,1223.34822420965
70,1338.41702273838,1409.6537108413,1861.85045126665,2395.77096830119,2793.80117440725,3056.15122122651,3090.95458486424,3119.94866090378,3143.4290284379,3161.80854255302,3175.57507273117,3185.24544591499,3191.32727745876,3194.29240617274,3194.56330411604,3192.50858499644,3188.44427984507,3182.63858965533,3175.31774986756,3166.67221039421,3156.86241111878,3146.02367652431,3134.27066924183,3121.70100518134,3108.39828335713,3094.43465523064,3079.87260955508,3064.76708927288,3049.16659138894,3033.1144198264,3016.64951986625,2999.80730314349,2982.62038530777,2965.11896090783,2947.33126691425,2929.28391839575,2835.99940347046,2739.61257269894,2642.45725488224,2546.40936274028,2452.85353130543,2362.70263621758,2276.47432977488,2194.3927409228,2116.48274241186,2042.64446701803,1972.70658464784,1906.46107312744,1843.68531648904,1784.15555752085,1727.65456581012,1673.97570298931,1622.92511105947,1574.32226666887,1528.00004633508,1483.80420429742,1441.59258452296,1401.23433721518,1362.60905081919,1325.60598026718,1290.12287318333,1256.06585663742,1223.34808012478
71,1339.53864639048,1410.80220048247,1861.86644026513,2395.81210535489,2794.02554192112,3056.80003844553,3091.7065897882,3120.80145400607,3144.37602796643,3162.83988257982,3176.67884607396,3186.40892921259,3192.53790110001,3195.53836068023,3195.83398122287,3193.79453537173,3189.73729911591,3183.93160005422,3176.60467715395,3167.9478562009,3158.12233311464,3147.26408096324,3135.48831961685,3122.89314536359,3109.56257395264,3095.56909592736,3080.97559854646,3065.83723412791,3050.20278395886,3034.11578693619,3017.61540287752,3000.73724124526,2983.51410190347,2965.97635030993,2948.15238257802,2930.06896184444,2836.61154717805,2740.07293502105,2642.79345541454,2546.64962957572,2453.02279833629,2362.82089371825,2276.55660856037,2194.44989418462,2116.5224233245,2042.67200620855,1972.72567796084,1906.47428223184,1843.69442011609,1784.1617948094,1727.65880257406,1673.97854514537,1622.92698344463,1574.3234686498,1528.00078712392,1483.80462908695,1441.59279651219,1401.23440767232,1362.60902913876,1325.60589992176,1290.12275829663,1256.06572259759,1223.34793781858
72,1340.64611259053,1411.93660849434,1861.88255821364,2395.85241029519,2794.24554491751,3057.43746157023,3092.44574985011,3121.64008951398,3145.30773690567,3163.85499470421,3177.76564488889,3187.55486455245,3193.73055415132,3196.76607673283,3197.08620776508,3195.06194089976,3191.0117567808,3185.20609819578,3177.87319831217,3169.20525113343,3159.36420228081,3148.4866681279,3136.68842133479,3124.06803477848,3110.70993767638,3096.6869825801,3082.06237538164,3066.89155284362,3051.22355266882,3035.10214678845,3018.56670772811,3001.65304102685,2984.39412905951,2966.82050652674,2948.96072704125,2930.84170017699,2837.21372189047,2740.5255384663,2643.12382831827,2546.88564582402,2453.18903035055,2362.93701406316,2276.63739444697,2194.50600868082,2116.56138252485,2042.69904412444,1972.74442312487,1906.4872496365,1843.70335614443,1784.16791614371,1727.66295939882,1673.98133247861,1622.92881867426,1574.32464563784,1528.0015105448,1483.80504319656,1441.5930018494,1401.23447423917,1362.60900545222,1325.60581886168,1290.12264355603,1256.06558929358,1223.34779664569
73,1341.73978942198,1413.05729556535,1861.89880614467,2395.89191135227,2794.46132144833,3058.06383631163,3093.17244837438,3122.4649833754,3146.2245983048,3164.85434369321,3178.83595080687,3188.68374624312,3194.90574006428,3197.97603762634,3198.32049706314,3196.31131649109,3192.26816755588,3186.46259707403,3179.12382329595,3170.44490095947,3160.58851919537,3149.69193252181,3137.87146203943,3125.22615350894,3111.84084642161,3097.78875254359,3083.13339392946,3067.9304895575,3052.22933150555,3036.07392284026,3019.5038470042,3002.55510389842,2985.26085673974,2967.65180783989,2949.75666670081,2931.60248774765,2837.80622043471,2740.97061436498,2643.44855140213,2547.11754303754,2453.35240437477,2363.05106449133,2276.71673456242,2194.56111724575,2116.59964282666,2042.72559660224,1972.76283113117,1906.49998296875,1843.71212986351,1784.17392518647,1727.66709163593,1673.98406680055,1622.93061752703,1574.32579799977,1528.00221788319,1483.80544687038,1441.59320063268,1401.23453690452,1362.60897966338,1325.60573692025,1290.12252873336,1256.06545643877,1223.34765626124
74,1342.82003054655,1414.16460839965,1861.91518503098,2395.9306354324,2794.67300733799,3058.6794934888,3093.88705235456,3123.27653399031,3147.12703667472,3165.83837499343,3179.89022553824,3189.79604822584,3196.06394160521,3199.16873209566,3199.53734142221,3197.54315599739,3193.50700531658,3187.70158872307,3180.35701087059,3171.66729078027,3161.79576397469,3150.88034842441,3139.03790941688,3126.36796197291,3112.95575273261,3098.87484994343,3084.18908940425,3068.95447012693,3053.22053656637,3037.03152106459,3020.42721622682,3003.44381463602,2986.1146587162,2968.4706167912,2950.54055267864,2932.35166408914,2838.38932324514,2741.40838530393,2643.76779474648,2547.34544698861,2453.51284642442,2363.16310924713,2276.7946739291,2194.61525124499,2116.63722602286,2042.7516787703,1972.78091247998,1906.51248951512,1843.72074632638,1784.17982543674,1727.67109591334,1673.98674959419,1622.93238143772,1574.32689295407,1528.0029096037,1483.80584038955,1441.593393013,1401.23459572583,1362.60902018507,1325.60565403351,1290.12241372309,1256.06532389228,1223.34751649209
75,1343.88717595482,1415.25888043905,1861.9316957894,2395.96860819655,2794.88073232325,3059.28474985705,3094.58991335444,3124.07512317284,3148.01545899841,3166.80751577989,3180.92891195031,3190.89222517385,3197.20562196971,3200.34462910437,3200.73721326164,3198.75793334276,3194.72878321022,3188.92351212694,3181.57329093239,3172.87288614024,3162.98639737242,3152.0523709773,3140.18821226829,3127.49390198083,3114.05509084614,3099.94570091763,3085.22987937118,3069.96390311548,3054.19756702529,3037.97533089579,3021.33719477562,3004.31954228337,2986.9558934479,2969.27728103953,2951.3127216457,2933.08955473646,2838.96329902372,2741.83906444634,2644.08172113767,2547.56947855819,2453.67052574922,2363.27320975198,2276.87125558493,2194.66844065979,2116.67415294419,2042.77730508932,1972.79867720826,1906.52477624109,1843.7292103637,1784.18562025308,1727.67502746466,1673.98938258018,1622.93411147124,1574.32799873849,1528.0035861741,1483.80622405075,1441.59357916762,1401.23465079671,1362.60898974626,1325.60557019358,1290.12229848662,1256.06519159189,1223.34737725721
76,1344.94155266838,1416.34043253845,1861.94833928385,2396.00585413393,2795.08462040159,3059.87990480044,3095.28136834823,3124.86111704817,3148.89025567388,3167.76217593446,3181.95243507355,3191.97271351857,3198.33122582296,3201.50417889462,3201.92056616992,3199.95610357997,3195.93393658304,3190.12888674791,3182.77308407745,3174.06213406318,3164.16086180549,3153.20843719904,3141.32280151143,3128.60439772323,3115.13927766355,3101.00171457271,3086.25616468527,3070.95918071372,3055.1608060351,3038.90572611194,3022.23414675125,3005.18264099331,2987.78490490152,2970.0721341568,2952.07349660384,2933.81647197561,2839.52840732487,2742.26285604846,2644.39048647152,2547.78975180278,2453.82552532698,2363.38142476368,2276.94652069585,2194.72071416555,2116.71044351412,2042.80248939033,1972.81613491637,1906.53684980917,1843.73752659599,1784.19131280076,1727.67888855678,1673.9919672684,1622.93580865596,1574.32908240044,1528.00424805535,1483.8065981534,1441.59375928417,1401.23470222765,1362.60895729465,1325.60548542072,1290.12218301894,1256.06505951474,1223.34723852268
77,1345.98347539728,1417.40957359866,1861.96518048068,2396.04239223066,2795.28479015545,3060.46525731155,3095.96174050492,3125.63486689028,3149.75180139476,3168.70274896044,3182.96120304152,3193.03793240855,3199.44118027225,3202.64781396805,3203.08783589036,3201.13810387785,3197.1229024866,3191.31811536967,3183.95682334327,3175.23546402066,3165.31958231328,3154.34896693324,3142.44209111699,3129.69985669358,3116.2087136595,3102.04328387702,3087.26833036849,3071.94067959954,3056.11062157008,3039.82306565942,3023.11842178087,3006.03345081409,2988.60202331679,2970.85549637551,2952.82318760921,2934.53271554729,2840.08489048591,2742.67995788711,2644.69424013047,2548.00637758222,2453.97792460254,2363.4878105252,2277.02050866059,2194.77209920508,2116.74611679935,2042.82724490974,1972.83329479219,1906.54871659595,1843.7456994482,1784.19690616748,1727.68268129988,1673.99450510883,1622.93747398146,1574.3301446099,1528.00489569549,1483.80696299205,1441.59393355138,1401.23475013479,1362.60892289661,1325.60539974756,1290.12206733031,1256.06492765623,1223.34710026941
78,1347.01324715599,1418.46660115961,1861.98209434353,2396.07825357167,2795.4813550543,3061.04108236261,3096.63133992103,3126.39670990472,3150.60045597353,3169.6296128372,3183.95560796982,3194.0882846064,3200.53589577629,3203.77595000357,3204.23944124347,3202.3043544449,3198.29610102791,3192.49161672317,3185.12492498553,3176.39328883797,3166.46296745468,3155.47436373567,3143.54647898409,3130.78067055155,3117.26378373181,3103.07078649637,3088.26674643048,3072.90876174295,3057.0473672143,3040.72769442406,3023.99035577172,3006.87229842428,2989.40756592349,2971.62767528552,2953.56209244962,2935.2385733046,2840.63298928696,2743.09055324803,2644.99312891685,2548.21946160393,2454.12779968155,2363.59242090301,2277.09325720808,2194.82262205664,2116.78119105728,2042.85159789311,1972.85017649697,1906.56038270883,1843.75373314882,1784.20240328356,1727.68640771695,1673.99699749242,1622.93910839831,1574.33118601153,1528.0055295272,1483.80731885268,1441.59410215438,1401.23479463404,1362.60888662092,1325.60531321129,1290.1219514369,1256.06479601754,1223.34696249457
79,1348.03115984121,1419.51180195694,1861.99914330927,2396.11345517879,2795.67442373608,3061.60764767654,3097.29046006218,3127.14696996089,3151.4365651118,3170.54313082037,3184.93602677889,3195.1241573283,3201.61576699668,3204.88898671649,3205.37578499027,3203.45525939393,3199.45393623308,3193.64979351672,3186.2777893332,3177.53600554245,3167.59141014831,3156.58501570484,3144.63634776041,3131.84721593141,3118.30485799713,3104.08458557641,3089.2517686366,3073.86377515935,3057.97138289932,3041.61994395271,3024.85027161594,3007.69949782087,2990.20183761174,2972.38896648641,2954.29049727886,2935.93432182848,2841.17293131226,2743.4948252853,2645.28728171685,2548.42910522334,2454.27522351134,2363.69531745506,2277.1648127646,2194.87231741335,2116.81569186757,2042.87552618165,1972.86675587258,1906.57185399587,1843.76163176071,1784.20780695801,1727.6900697477,1673.99944575311,1622.94071281853,1574.33220722448,1528.00614996648,1483.80766601098,1441.59426527218,1401.2348358385,1362.60884853547,1325.60522584924,1290.12183535633,1256.0646646043,1223.34682519396
80,1349.03749477418,1420.54545244476,1862.0163280592,2396.14801748797,2795.8641002705,3062.16521029408,3097.93939532024,3127.88595827753,3152.26046112148,3171.44365219094,3185.90282196481,3196.14592303055,3202.6811735958,3205.9873086636,3206.49725464146,3204.59120755266,3200.59679685658,3194.7930332422,3187.41580158994,3178.66399615857,3168.70528845963,3157.6812962603,3145.71206561037,3132.89985519932,3119.33229253671,3105.08503047554,3090.22371173742,3074.80605461527,3058.88299559542,3042.5001331294,3025.6984798512,3008.51535096369,2990.98513155974,2973.1396541986,2955.00867721039,2936.62022701755,2841.70493516642,2743.89294707369,2645.57683577917,2548.63540912489,2454.42027091811,2363.79652545763,2277.23518467176,2194.92118568682,2116.84961557879,2042.89906572985,1972.88307358813,1906.58313606842,1843.76939917363,1784.21311988426,1727.69366925207,1674.00185117039,1622.94228811692,1574.33320884283,1528.00675741268,1483.80800473168,1441.5944230769,1401.23487385689,1362.6088087058,1325.6051376985,1290.12171910653,1256.06453342152,1223.34668836464
81,1350.03252321012,1421.56781928683,1862.03364923475,2396.18196005946,2796.05048440379,3062.71401712439,3098.57841632667,3128.61397406507,3153.07246360083,3172.33151295786,3186.85634232174,3197.1539401472,3203.73248098479,3207.07128599819,3207.60422321626,3205.71257322365,3201.72505714039,3195.92170893113,3188.53933258559,3179.77762845334,3169.80496633938,3158.76356487261,3146.77398693588,3133.93893716368,3120.34643009536,3106.07245745234,3091.18295983693,3075.73592229011,3059.78251995973,3043.36856880922,3026.53527927994,3009.32014837947,2991.75772982254,2973.88001183585,2955.71689687807,2937.29654456731,2842.22921124677,2744.28508491597,2645.86191757222,2548.83845833372,2454.56299719566,2363.89610844909,2277.30442329226,2194.96926642169,2116.88299272135,2042.92222487833,1972.89912653327,1906.59421512949,1843.77703911912,1784.2183446462,1727.69720801456,1674.00421497169,1622.94383513297,1574.33419143662,1528.00735224901,1483.80833526879,1441.5945757338,1401.23490879386,1362.60876719504,1325.60504879421,1290.12160270442,1256.06440247404,1223.34655200391
82,1351.0165068172,1422.57915981873,1862.05110743964,2396.2153016254,2796.23367178879,3063.25430546077,3099.20778731595,3129.33130065206,3153.87288006855,3173.20703651696,3187.79692362008,3198.14855378209,3204.77004102567,3208.14127517872,3208.69704995466,3206.81971689772,3202.83907752646,3197.03617986468,3189.64873948181,3180.87725663636,3170.89079431661,3159.83216774857,3147.82245305251,3134.96479774183,3121.34760073788,3107.04719031076,3092.1298028881,3076.65368839725,3060.67025894434,3044.22554641316,3027.36095755026,3010.11416972861,2992.51990388406,2974.61030254428,2956.4154109398,2937.96352058102,2842.74596193747,2744.67139868311,2646.14264882954,2549.03834786872,2454.70347459839,2363.99411132068,2277.37255968303,2195.01658088259,2116.91583774327,2042.94501641486,1972.91492214714,1906.60513451765,1843.78455517838,1784.22348372376,1727.70068774772,1674.00653833508,1622.94535467212,1574.33515555276,1528.00793484299,1483.80865786599,1441.59472340128,1401.23494074943,1362.60872406356,1325.60495917011,1290.12148616616,1256.06427176639,1223.34641610913
83,1351.98969812724,1423.57972248274,1862.06870324186,2396.2480601343,2796.4137541994,3063.78630346488,3099.8277624677,3130.03822389558,3154.66200655887,3174.07053426968,3188.72488924315,3199.13009635902,3205.79419269091,3209.1976196344,3209.77608098654,3207.91298592423,3203.93920532601,3198.13679224017,3190.74436643478,3181.96322201725,3171.96311014976,3160.88743847475,3148.85779282499,3135.9777605863,3122.33612246549,3108.0094949131,3093.06454644431,3077.55965176725,3061.54650436743,3045.07135048663,3028.17579170161,3010.8976843374,2993.27191517628,2975.3307797001,2957.10446459816,2938.621391962,2843.25538198162,2745.05204213469,2646.41914658396,2549.23516365144,2454.84176470161,2364.09057739062,2277.43962394463,2195.06314982733,2116.94816463377,2042.96744780119,1972.93046757237,1906.61588019333,1843.79195079022,1784.22853949819,1727.70411009602,1674.00882239162,1622.94684750774,1574.33610171626,1528.00850554749,1483.80897275705,1441.59487617372,1401.23496981954,1362.60867936893,1325.60486885827,1290.12136950701,1256.06414130278,1223.3462806775
84,1352.95234096001,1424.56974723754,1862.08643717549,2396.28025279319,2796.59081973164,3064.31023062025,3100.4385864031,3130.73500603149,3155.44012818097,3174.9223062045,3189.6405507856,3200.09888823259,3206.80526268318,3210.24065039098,3210.84164996056,3208.99271514105,3205.02577534887,3199.22387979817,3191.82654521837,3183.03585362374,3173.02223943871,3161.92969862278,3149.88032326443,3136.97813767343,3123.31230179518,3108.9597637558,3093.98748499665,3078.45410039604,3062.41153745013,3045.90625522441,3028.98004867737,3011.67095169813,2994.01401556397,2976.04168739433,2957.78429403787,2939.2703868885,2843.75765885613,2745.42716321953,2646.69152228503,2549.42898833081,2454.97792677542,2364.18554842338,2277.50564518285,2195.10899341764,2116.979988035,2042.98952892075,1972.94576967072,1906.62645691938,1843.79922925813,1784.23351425703,1727.70747663921,1674.01108043884,1622.94832663331,1574.33703855124,1528.00906992608,1483.80928541042,1441.59501003006,1401.23500293631,1362.60863316643,1325.60477788934,1290.12125274152,1256.06401108705,1223.34614570622
85,1353.90467082309,1425.54946594447,1862.10430974233,2396.31189610605,2796.76495299208,3064.82629815917,3101.04049465034,3131.42190390252,3156.2075196445,3175.76264144371,3190.54420861619,3201.05523826299,3207.80356601863,3211.27068665931,3211.89407863601,3210.05922746741,3206.09911049547,3200.29776441226,3192.89559581028,3184.09546878329,3174.06849620067,3162.95925831842,3150.8903500902,3137.96622985733,3124.27643430494,3109.89824104585,3094.89890249995,3079.33731196068,3063.26562932142,3046.73052496441,3029.77398580721,3012.43422193948,2994.74644780658,2976.7432608705,2958.45512686534,2939.91072523164,2844.2529731243,2745.79690435918,2646.95988470013,2549.61990143143,2455.11201787322,2364.27906466274,2277.57065149486,2195.15413110766,2117.01132092202,2043.01126927226,1972.9608350369,1906.63686927359,1843.80639375743,1784.23842069824,1727.7107956359,1674.01328334536,1622.94976000137,1574.33794477127,1528.00961538696,1483.80958324106,1441.59514156868,1401.23502507688,1362.60859347932,1325.60468629264,1290.12113588353,1256.06388112278,1223.34601119237
86,1354.8469152889,1426.51910273187,1862.12232141362,2396.34300591078,2796.93623527462,3065.33470946339,3101.63371408292,3132.09916500978,3156.96444091412,3176.59181875776,3191.43615240753,3201.99944435695,3208.78940657577,3212.28803638963,3212.93367743983,3211.11283446189,3207.15952231429,3201.35875664416,3193.95182694414,3185.14237367062,3175.10218341237,3163.97641677773,3151.88816825909,3138.94232739123,3125.22880514686,3110.825206477,3095.79907286784,3080.20955430466,3064.10904149328,3047.54441465243,3030.55780382164,3013.18773626864,2995.46944598655,2977.43572694606,2959.11718251598,2940.54261895046,2844.74149876735,2746.16140272395,2647.2243379446,2549.80797949643,2455.24409291418,2364.37116487446,2277.63466997498,2195.19858190409,2117.04217644912,2043.03267798901,1972.97568454232,1906.6471315619,1843.81345372462,1784.24323332675,1727.71405185951,1674.01545141139,1622.95117445999,1574.33883888432,1528.01015116081,1483.80987525079,1441.5952699612,1401.23504487857,1362.60854274388,1325.60460329108,1290.12108159466,1256.06375141308,1223.34587713309
87,1355.77929435051,1427.47888021744,1862.14047263149,2396.37359741313,2797.10474472613,3065.83566044122,3102.21846333199,3132.76702795474,3157.71115697668,3177.41010705001,3192.31666163489,3202.93179397729,3209.76307761256,3213.29299679369,3213.96074599158,3212.15383684838,3208.207311527,3202.40715626728,3194.99553662951,3186.17686382359,3176.12359352092,3164.98146281196,3152.87406246356,3139.90671041878,3126.16968953062,3111.74092997923,3096.68826043927,3081.07108589523,3064.94202630847,3048.3481702797,3031.33183668034,3013.93172738894,2996.18323591606,2978.11930440739,2959.77067263764,2941.16627246388,2845.22340349661,2746.52079044197,2647.48498228893,2549.99329622442,2455.37420478328,2364.46188639596,2277.69772671992,2195.24236384976,2117.07258093662,2043.05377364659,1972.99028722431,1906.65722236602,1843.82039530185,1784.24797604382,1727.71725741964,1674.01758739731,1622.95256700848,1574.33971742169,1528.01067697686,1483.81016106437,1441.59539422245,1401.23506237065,1362.60849098349,1325.60450858838,1290.12096422866,1256.06362196092,1223.34574352535
88,1356.70202075755,1428.42899643275,1862.15876381032,2396.40368521901,2797.27055650238,3066.32933988228,3102.79495317434,3133.42572285518,3158.44790941666,3178.21776581317,3193.18600604654,3203.85256462332,3210.72486225395,3214.28585483682,3214.97557359828,3213.18250286105,3209.24276852376,3203.44325275976,3196.02701264224,3187.1992246297,3177.13300892546,3165.97467530372,3153.84830760191,3140.85964943706,3127.09935317939,3112.64567216678,3097.56672041813,3081.92215625429,3065.76482736242,3049.14202929558,3032.09626840896,3014.66641989208,2996.88803551968,2978.79420438182,2960.41580145196,2941.78188300101,2845.6988490475,2746.87519490689,2647.74191434023,2550.17592260068,2455.5024044116,2364.55126519048,2277.75985865687,2195.28550383739,2117.10251232316,2043.07453979558,1973.00467566832,1906.66716480287,1843.82723463803,1784.2526464887,1727.72041466543,1674.01969006649,1622.95393655416,1574.34058066897,1528.01119284767,1483.81044029429,1441.59551444645,1401.23507758782,1362.60843818348,1325.60441371702,1290.12085508311,1256.06349276898,1223.34561036615
89,1357.61530033366,1429.36966006153,1862.17719533826,2396.43328336444,2797.43374291438,3066.81592979194,3103.36338689845,3134.07547173769,3159.17493601296,3179.01504555991,3194.04444610726,3204.76202428389,3211.67503395186,3215.26688770251,3215.97843972131,3214.19915710095,3210.26617383034,3204.46732577011,3197.04653298727,3188.20973178496,3178.13070243162,3166.95632365624,3154.81116922141,3141.80140573369,3128.01805275971,3113.53968476076,3098.43469928815,3082.76300636513,3066.57767990118,3049.92622099664,3032.85132216489,3015.39203062876,2997.58405519496,2979.46063068848,2961.0527660952,2942.38964093178,2846.16799145665,2747.22473894689,2647.99522721347,2550.35592702237,2455.628740865,2364.6393434049,2277.82106114331,2195.32799538755,2117.1320062018,2043.09500244371,1973.01885348194,1906.67696104789,1843.8339718041,1784.25724711991,1727.72352365044,1674.02175949843,1622.95528360398,1574.34142894254,1528.01169871909,1483.81071310791,1441.5956307276,1401.23509056931,1362.60838433783,1325.60431863564,1290.12073585108,1256.06336383955,1223.34547765236
90,1358.51933227665,1430.30106755515,1862.1957675781,2396.46240534397,2797.59437356613,3067.29560570641,3103.92396064919,3134.71648890747,3159.89246634827,3179.80218295367,3194.89223341689,3205.66043186509,3212.61382666902,3216.23636323064,3216.96961441725,3215.204048716,3211.27779854935,3205.4796455566,3198.05436633518,3189.20865172749,3179.11693768053,3167.92666821738,3155.76290393709,3142.73223179923,3128.92603628748,3114.42321098803,3099.29243520431,3083.59384027189,3067.38081119725,3050.70096689393,3033.59721351446,3016.10876905843,2998.27149815312,2980.11878016938,2961.68175693963,2942.9897300786,2846.6309813234,2747.56954105113,2648.24501069389,2550.53337541797,2455.75326142805,2364.72613608125,2277.88137696112,2195.36987091252,2117.16107240318,2043.11516810304,1973.03282498441,1906.68661409723,1843.84060976563,1784.26177904431,1727.7265851996,1674.02379649632,1622.95660873671,1574.34226243367,1528.01219484991,1483.81097966851,1441.59574316038,1401.2351013577,1362.60832944747,1325.60422330862,1290.120616951,1256.0632425002,1223.34534538102
91,1359.41430944244,1431.22340917342,1862.21448086884,2396.49106413731,2797.75251548423,3067.76853698999,3104.47686375348,3135.34898129775,3160.60072217763,3180.57942223371,3195.72961110566,3206.54803759423,3213.54155605637,3217.19454033183,3217.94935875423,3216.197439778,3212.27790477691,3206.48044096986,3199.05077243527,3190.19624204622,3180.09196955426,3168.88596068051,3156.70375982703,3143.65237171691,3129.82354351152,3115.29648595818,3100.14015836277,3084.41494033431,3068.17444090431,3051.46648105982,3034.33415077125,3016.81683757929,2998.95056074037,2980.76884300203,2962.30295789706,2943.5823280106,2847.08796405575,2747.90971556851,2648.49135139005,2550.70833136036,2455.87601168467,2364.81168763414,2277.94082769241,2195.41114513854,2117.18972094094,2043.13504359232,1973.04659492,1906.69612690486,1843.84715065118,1784.26624375238,1727.72960048824,1674.02580187247,1622.95791238339,1574.34308152232,1528.01268149069,1483.81124013541,1441.59585183846,1401.23510999814,1362.608273519,1325.60412770956,1290.12049832469,1256.06311249371,1223.3452166516
92,1360.30041861387,1432.13685004004,1862.23333552655,2396.51927223426,2797.90823323989,3068.23488711552,3105.02227902754,3135.97314879958,3161.2999177766,3181.34698410732,3196.55681420791,3207.42508340176,3214.45843904134,3218.14166937865,3218.91792520569,3217.17958374078,3213.26674599663,3207.47002939334,3200.03600250547,3191.1727518689,3181.05604455914,3169.83444446342,3157.63397680625,3144.56206153098,3130.71080627594,3116.15973701961,3100.9780913504,3085.22649559963,3068.95878139255,3052.2229704559,3035.06233531643,3017.51643184048,2999.62143274169,2981.41100299467,2962.91654670565,2944.16760632179,2847.5390801046,2748.24537289513,2648.73433287879,2550.88085617474,2455.99703698229,2364.89602854824,2277.99943444658,2195.4518326019,2117.2179618177,2043.15463581557,1973.06016788576,1906.70550306401,1843.85359671798,1784.27064291288,1727.73257066407,1674.02777637956,1622.95919508848,1574.3438865754,1528.01315888421,1483.81149466373,1441.59595685457,1401.23511653741,1362.60821656364,1325.60403181983,1290.12037796872,1256.06298027068,1223.34508452078
93,1361.17784075544,1433.0416068559,1862.2523318454,2396.54704165811,2798.06158906399,3068.69481392921,3105.56038306708,3136.58918457363,3161.99026027025,3182.10508701172,3197.37407001523,3208.29180328211,3215.36471449228,3219.07799257615,3219.87555802263,3218.15072581335,3214.24456745238,3208.44862306775,3201.01029960142,3192.13842222742,3182.00940118747,3170.77235506515,3158.55378698096,3145.4615295952,3131.58804886307,3117.01318409654,3101.80644947552,3086.02871652822,3069.73403806587,3052.9706352428,3035.78196190116,3018.20774103689,3000.2842976682,2982.04543786567,2963.52269520095,2944.74573089371,2847.98446518294,2748.5766202231,2648.97403584227,2551.05100904043,2456.11637630572,2364.97918840123,2278.05721779026,2195.49194754386,2117.24580489454,2043.17395163584,1973.07354881517,1906.71474582538,1843.85995030575,1784.2749781418,1727.73549683885,1674.02972077428,1622.96045737747,1574.34467794736,1528.01362726521,1483.81174340441,1441.5960583001,1401.23512102356,1362.60815789023,1325.60393458106,1290.12026019036,1256.06285201552,1223.34495298708
94,1362.04675125453,1433.93783395977,1862.27147009883,2396.57438398829,2798.21264295584,3069.14846990128,3106.09134652194,3137.19727534486,3162.67194994467,3182.85394222391,3198.18159841088,3209.14842363569,3216.26061355007,3220.00374431215,3220.82249358606,3219.11110331296,3215.21160650097,3209.41645862291,3201.97389896588,3193.09348640472,3182.95227026193,3171.69992040775,3159.46341498031,3146.35099690359,3132.45548831795,3117.85704000776,3102.62544108063,3086.82180676118,3070.50040966194,3053.70966907375,3036.4932189329,3018.89094818842,3000.93933302862,2982.67231950758,2964.12156957246,2945.31686214429,2848.42425047411,2748.90355943018,2649.2105381974,2551.21884708763,2456.23407291734,2365.06119585307,2278.11419770401,2195.53150384227,2117.27325980881,2043.19299771015,1973.08674233715,1906.72385845164,1843.86621367573,1784.27925100483,1727.73838008013,1674.03163580077,1622.96169975767,1574.34545598054,1528.01408686096,1483.81198650414,1441.59615626467,1401.23512314298,1362.60809909051,1325.60383831526,1290.1201424837,1256.06272412268,1223.34482201303
95,1362.90732015044,1434.82569931646,1862.29075054024,2396.60131038075,2798.36145278518,3069.59600236236,3106.61533435576,3137.79760168156,3163.34518054141,3183.59375416761,3198.9796063512,3209.99516359217,3217.14635995647,3220.91915148926,3221.75896074086,3220.0609459997,3216.16809294626,3210.37376516178,3202.92702835955,3194.03817026276,3183.88487525959,3172.61736115551,3160.36307827818,3147.2306773981,3133.31333475713,3118.69151076869,3103.43526783874,3087.60596341093,3071.25808853635,3054.44021554729,3037.19628874667,3019.56623040413,3001.58671058666,2983.29181423713,2964.71333060621,2945.88115526285,2848.85856282881,2749.22629064231,2649.44391521854,2551.38442548859,2456.35016621382,2365.14207864968,2278.17039355982,2195.57051497255,2117.30033593182,2043.21178059092,1973.09975298107,1906.73284409429,1843.87238901279,1784.28346301017,1727.74122143352,1674.03352217726,1622.96292271885,1574.34622100565,1528.01453789138,1483.81222410518,1441.59625065571,1401.23512375448,1362.60803928138,1325.60374168584,1290.12002484303,1256.06259657367,1223.34469156782
96,1363.75971235155,1435.70536587292,1862.3101734039,2396.62783158784,2798.50807438929,3070.03755372765,3107.13250609137,3138.39033825946,3164.0101395367,3184.3247207041,3199.76831144149,3210.83223531721,3218.02217036559,3221.82443383919,3222.68518111192,3221.00047639324,3217.11424935574,3211.32076457585,3203.86990837466,3194.97269255373,3184.80743262002,3173.52489101981,3161.25298748988,3148.10077827244,3134.16179165211,3119.5167958774,3104.23612503416,3088.38137733607,3072.00726093185,3055.16254344652,3037.89134786162,3020.23375913254,3002.22659660465,2983.90408303221,2965.29813391471,2946.43876043307,2849.2875249515,2749.54491012249,2649.67423965332,2551.54779765446,2456.46469428854,2365.2218636359,2278.22582411479,2195.60899399015,2117.32704232948,2043.2303065766,1973.11258513282,1906.74170579771,1843.87847842898,1784.28761561863,1727.74402190874,1674.0353805974,1622.9641267341,1574.34697334229,1528.01498056914,1483.81245625848,1441.59634196389,1401.2351224401,1362.60797849128,1325.60364470326,1290.11990726501,1256.06246935373,1223.34456086786
97,1364.60408784159,1436.5769917583,1862.32973890595,2396.65395797717,2798.65256166394,3070.47326170895,3107.64301604387,3138.9756541118,3164.66700840564,3185.04703340785,3200.54790740216,3211.65984430297,3218.88825463897,3222.71980422102,3223.60136940412,3221.92991007339,3218.05029136078,3212.25767184422,3204.80275273217,3195.89726521476,3185.72015203727,3174.42271704769,3162.13334665796,3148.9615002466,3135.00105612101,3120.33308858584,3105.0282018286,3089.14823340229,3072.74810723345,3055.87678501036,3038.57856722457,3020.89370039888,3002.85915207425,2984.50928175606,2965.87613015473,2946.98982304413,2849.71125557686,2749.859510976,2649.90158183235,2551.70901482073,2456.57769397445,2365.30057677618,2278.28050751648,2195.64695352882,2117.35338778942,2043.24858176899,1973.12524302945,1906.75044650348,1843.88448396285,1784.29171024342,1727.74678248118,1674.03721173122,1622.96531226044,1574.34771327442,1528.01541505903,1483.81268329432,1441.59643003857,1401.23511925211,1362.60791674855,1325.60354737884,1290.11978974814,1256.06234207281,1223.34443160548
98,1365.44060187551,1437.44073047417,1862.34944355555,2396.67969954881,2798.79496665011,3070.90325951546,3108.14701354092,3139.55371286659,3165.31596287298,3185.76087782778,3201.31858748633,3212.47818964369,3219.74481612555,3223.60546890404,3224.50773368675,3222.8494559653,3218.97642794134,3213.1846953174,3205.7257685639,3196.8120936479,3186.62323673701,3175.31103989571,3163.00435352238,3149.81303783462,3135.83131917472,3121.1405761572,3105.81168151355,3089.90671072962,3073.48080221056,3056.58311049728,3039.25811244072,3021.54621503009,3003.48453293572,2985.10756137029,2966.44746523384,2947.53448389076,2850.12986963715,2750.17018328481,2650.12600977335,2551.86812698236,2456.68920088959,2365.37824318012,2278.33446131593,2195.68440580229,2117.37938079963,2043.2666120643,1973.13773076565,1906.7590690547,1843.89040758676,1784.29574825026,1727.74950409344,1674.03901622618,1622.96647972856,1574.34844115702,1528.01584165248,1483.81290522832,1441.59651496359,1401.23511424155,1362.6078540819,1325.6034496033,1290.11967210925,1256.06221557983,1223.34430276038
99,1366.26940516581,1438.2967310753,1862.36929487592,2396.70506595192,2798.93533961555,3071.32767604408,3108.644643132,3140.12467297148,3165.95717315096,3186.46643373526,3202.08053896451,3213.28746429738,3220.59205192741,3224.48162783613,3225.40447566352,3223.75931660989,3219.8928616964,3214.10203698665,3206.63912050511,3197.71737698547,3187.5168837393,3176.19005408971,3163.8661997769,3150.65557959813,3136.65276597342,3121.93944010998,3106.58674174992,3090.65698292727,3074.20551524656,3057.28168490933,3039.93014399283,3022.19145886819,3004.10289028534,2985.69906813668,2967.01228050644,2948.07287936316,2850.54347842093,2750.47701423507,2650.34758927944,2552.02518228834,2456.79924948212,2365.45488713178,2278.38770248611,2195.72136262457,2117.40502956735,2043.28440316218,1973.15005229975,1906.76757619913,1843.89625120729,1784.29973095914,1727.75218765657,1674.04079470362,1622.96762959043,1574.34915724581,1528.01626048815,1483.81312218737,1441.59659682001,1401.23510745782,1362.60779046072,1325.60335166462,1290.11955476645,1256.06208936258,1223.34417432933
100,1367.0906440595,1439.14513834168,1862.38928938082,2396.73006650085,2799.07372913206,3071.74663606006,3109.13604478643,3140.68868790703,3166.59080416486,3187.16387535957,3202.83394336741,3214.0878553341,3221.43015315201,3225.34847489877,3226.29179092909,3224.65968842091,3220.79978910068,3215.00989273974,3207.54307534139,3198.61330834245,3188.40128410836,3177.05994827168,3164.71907131259,3151.48930838483,3137.46557606095,3122.72985645003,3107.35355479551,3091.39921831648,3074.92241055705,3057.97266820539,3040.59481744901,3022.82958297296,3004.71437057285,2986.28394380878,2967.57071295961,2948.60514162727,2850.95218972346,2750.78008823788,2650.56638403882,2552.18019865837,2456.90787307632,2365.53053211998,2278.44024744222,2195.75783541871,2117.43034202853,2043.30196057399,1973.1622114594,1906.77597059471,1843.90201666825,1784.30365964669,1727.75483405158,1674.0425477793,1622.96876224427,1574.34986182029,1528.01667175282,1483.81333429432,1441.59668125741,1401.23510711104,1362.6077260421,1325.60325341187,1290.11943747493,1256.06196342152,1223.34404630932
