p_bar,of_1,of_1_5,of_2,of_2_1,of_2_2,of_2_3,of_2_4,of_2_5,of_2_6,of_2_7,of_2_8,of_2_9,of_3,of_3_1,of_3_2,of_3_3,of_3_4,of_3_5,of_3_6,of_3_7,of_3_8,of_3_9,of_4,of_4_1,of_4_2,of_4_3,of_4_4,of_4_5,of_5,of_5_5,of_6,of_6_5,of_7,of_7_5,of_8,of_8_5,of_9,of_9_5,of_10,of_10_5,of_11,of_11_5,of_12,of_12_5,of_13,of_13_5,of_14,of_14_5,of_15,of_15_5,of_16,of_16_5,of_17,of_17_5,of_18,of_18_5,of_19,of_19_5,of_20
1,1.26520191027068,1.30403762408986,1.27287015342007,1.26757155539637,1.26304383523465,1.25917003666667,1.2558593526225,1.25303428699269,1.25062313562036,1.24855891507355,1.24678149575224,1.24523951845957,1.24389082581009,1.2427016384976,1.24164518892324,1.24070032982083,1.2398502821306,1.23908163855602,1.23838358766854,1.23774731926048,1.23716559584089,1.236632394583,1.2361426564269,1.23569210561826,1.23527709098025,1.23489446094583,1.23454149149608,1.2342158019476,1.23293116501824,1.23209591051579,1.23159596537633,1.23135800566645,1.23133211481274,1.23148288629165,1.23178440111287,1.2322171695388,1.2327661713037,1.23341950633613,1.23416744001149,1.23500169121282,1.2359148931578,1.23690017357537,1.23795084045713,1.23906016064917,1.24022122770753,1.24142691786744,1.24266992161096,1.2439428511229,1.24523838335667,1.24654943004833,1.24786930057073,1.24919185254628,1.25051157853699,1.25182367664193,1.25312406426309,1.25440935956839,1.25567683652254,1.25692436289923,1.25815032961999
1.01325,1.26519429336335,1.30403572790102,1.27285152464132,1.26754767341232,1.26301506140594,1.25913681288916,1.25582215122149,1.25299360662443,1.25057949139718,1.24851281070365,1.24673339306207,1.2451898184988,1.24383986423261,1.24264968721279,1.24159247620269,1.24064703244899,1.23979654546556,1.23902758074947,1.23832930538314,1.23769289212433,1.23711109005201,1.23657786556332,1.23608815087141,1.23563766325399,1.23522274586836,1.23484024239674,1.23448742500575,1.23416190981427,1.23287839927582,1.23204456444106,1.23154623266706,1.23131003103622,1.23128601706486,1.231438769424,1.23174235946794,1.2321772896014,1.23272853152155,1.23338417541503,1.2341344745402,1.23497113199766,1.23588676182782,1.23687446896842,1.23792753561902,1.2390392009048,1.24020253022049,1.24141037302067,1.24265539622468,1.24393019331071,1.24522742848379,1.24654000715501,1.24786123858266,1.24918498566562,1.25050575052158,1.25181874374458,1.25311989691886,1.25440584299986,1.25567387050711,1.25692186095187,1.25814821781867
2,1.26464254911843,1.3039186351167,1.27196913477615,1.26639708492527,1.2616089944184,1.25749415168719,1.25396479694568,1.25094591840114,1.24836766789612,1.24616332883636,1.2442711555696,1.2426368748181,1.24121490681472,1.23996815094053,1.23886693170497,1.23788766185843,1.23701160072944,1.2362237700704,1.23551212440512,1.23486687342212,1.2342799832393,1.23374481041538,1.23325579984348,1.23280826680522,1.23239822691825,1.2320222643974,1.23167743175739,1.23136115806824,1.23013822346898,1.22938147576568,1.22897111712147,1.2288309812661,1.22890962675655,1.22917074408407,1.22958779492073,1.23014076171078,1.23081405614119,1.23159510969824,1.23247335671939,1.23343949489153,1.23448494041977,1.23560142993834,1.23678075674384,1.23801462764616,1.23929462655849,1.24061227401433,1.24195915693119,1.24332709706772,1.24470833730582,1.24609570334521,1.24748273121546,1.24886375319664,1.25023391880809,1.2515891903688,1.25292629511454,1.25424265711166,1.25553631692525,1.25680584731903,1.25805027098382
3,1.26411158992774,1.3038194842713,1.27151615725645,1.26578980867787,1.26084912249881,1.25658865694819,1.25292378317362,1.24978200091288,1.24709557374524,1.24479889440326,1.24283000035211,1.24113330897295,1.2396613583105,1.23837504795747,1.23724285135917,1.23623960227321,1.23534524954205,1.2345437668129,1.2338222611741,1.23317027408301,1.23257924498279,1.23204210129651,1.23155294571829,1.23110681959046,1.2306995081708,1.23032741460175,1.22998743732455,1.22967688545995,1.22849238788199,1.22778534190233,1.22743206919907,1.22735445452859,1.22749999541822,1.22783171966109,1.22832258781747,1.22895213175106,1.22970427891728,1.23056588240157,1.23152569271075,1.23257360404477,1.23370012109153,1.23489599741872,1.23615202215407,1.23745894213537,1.23880749252076,1.24018851681473,1.24159313780445,1.24301294652623,1.24444017474702,1.24586783121215,1.24728979526167,1.24870083269441,1.25009659354369,1.25147355759722,1.25282895907532,1.25416069821976,1.25546724887041,1.25674756857479,1.25800101540218
4,1.26360566280963,1.30372704500076,1.27122654826435,1.26539471838367,1.26034705109889,1.25598235210481,1.25221872897457,1.24898593733068,1.24621821339054,1.24385123470651,1.24182330502204,1.24007818386231,1.23856719283363,1.23724982380217,1.23609319196649,1.23507093281224,1.23416200267719,1.23334955915304,1.23262005858113,1.23196251439469,1.2313679531988,1.23082896917513,1.23033939714949,1.22989405937463,1.22948857063618,1.22911918992692,1.22878269160642,1.22847628978245,1.22732016976561,1.2266502184707,1.22633973030513,1.22630906402252,1.2265048572764,1.22688958751971,1.22743579842254,1.22812260999054,1.22893351531334,1.22985486585549,1.23087481952054,1.23198260144297,1.23316798400869,1.23442096119129,1.23573158220371,1.23708992574323,1.2384861782327,1.23991079045731,1.24135466660078,1.24280935160586,1.24426718465932,1.24572140469652,1.24716620690672,1.24859672425986,1.25000899343838,1.25139987658574,1.25276696924856,1.25410850176681,1.25542324188549,1.25671040370563,1.25796956585877
5,1.26312213535137,1.30363798129914,1.27101933892766,1.2651084743911,1.25997911675864,1.25553353790006,1.25169222145194,1.24838691230824,1.24555364991931,1.24312940780286,1.24105296620145,1.2392677717114,1.23772430216299,1.23638098380019,1.23520386126269,1.23416560647763,1.23324435969896,1.23242260786043,1.23168626311135,1.2310239116875,1.23042623253381,1.22988553609221,1.22939543684711,1.22895057639172,1.22854642265157,1.22817911185952,1.22784532526993,1.2275421948796,1.2264087395492,1.22576867291085,1.22549275215909,1.22550006282459,1.22573651441811,1.22616410720417,1.22675499635501,1.22748794668551,1.22834604460038,1.22931519042167,1.23038302255947,1.23153818911328,1.23276984954756,1.23406738256864,1.23542026109025,1.23681806843892,1.23825061107896,1.23970809755657,1.24118133325096,1.24266189752661,1.24414227710377,1.24561593958407,1.24707736281886,1.24852198842513,1.24994616525202,1.25134705525636,1.25272253109909,1.25407107195228,1.25539166410973,1.25668371038906,1.25794695026842
6,1.26265881872315,1.30355099786297,1.27086091357304,1.26488749583654,1.25969249487092,1.25518106838673,1.25127577402127,1.24791012531937,1.24502179075819,1.24254899944453,1.24043112501153,1.23861149987705,1.2370399976283,1.2356741972778,1.2344792670795,1.23342707067787,1.23249505509075,1.23166513308796,1.23092275118999,1.23025612137864,1.22965561995034,1.22911332538407,1.22862264947994,1.22817808054415,1.22777495928274,1.22740931791968,1.2270777521757,1.22677732066716,1.22566282628172,1.22504792512337,1.22480118721968,1.22484058519331,1.22511138887486,1.22557516908095,1.22620373195692,1.22697550170476,1.22787320545167,1.2288823209089,1.22999002314376,1.23118445255046,1.23245424230909,1.23378825747419,1.23517550618159,1.23660518992934,1.23806684151897,1.23955051714722,1.24104698984506,1.24254791304517,1.24404593198748,1.2455347318284,1.24700904151024,1.24846456669715,1.24989791619358,1.25130649666558,1.25268840348939,1.25404231341239,1.25536738459933,1.25666316712909,1.25792952528718
7,1.26221385487804,1.30346545667333,1.27073432322817,1.26470955429652,1.25945997387559,1.25489319220691,1.25093358748616,1.2475162531046,1.24458034762529,1.24206529967393,1.23991112323937,1.23806117093716,1.23646486950136,1.23507912285477,1.23386834847505,1.23280371692721,1.23186207111112,1.2310248197714,1.23027699878765,1.22960648912261,1.22900340131948,1.22845959769143,1.22796832688628,1.22752392918124,1.22712163551591,1.22675738577529,1.2264276997473,1.22612957324654,1.22503142258079,1.22443834327677,1.22421696101244,1.22428425616918,1.22458492035168,1.22508013683874,1.22574138733198,1.2265467760686,1.22747869080361,1.2285222262425,1.22966413376574,1.23089210085936,1.2321943001363,1.23355915877016,1.23497530092364,1.23643162598787,1.23791746498324,1.23942277965127,1.24093835040656,1.24245592471446,1.24396830747957,1.24546938661909,1.24695411550672,1.24841842940343,1.24985915873612,1.25127391572013,1.25266098063928,1.25401919278913,1.25534785071407,1.25664662411552,1.25791547810109
8,1.26178564720147,1.30338103777651,1.27062995076879,1.26456188777757,1.25926579323395,1.25465139084666,1.2506446644136,1.24718213191186,1.24420431654642,1.24165178634206,1.23946521966887,1.23758807844466,1.23596946294025,1.23456570865189,1.23334059702418,1.23226469682428,1.23131430001264,1.23047037090048,1.22971757680907,1.22904350078117,1.22843801376454,1.2278927854803,1.22740090666266,1.22695660060126,1.22655498731867,1.22619192636957,1.22586386895113,1.22556775415201,1.2244839990277,1.22391023831735,1.22371134062606,1.22380338424373,1.22413054025797,1.22465362256521,1.22534381141197,1.22617891329569,1.2271409930179,1.22821479707951,1.22938668019884,1.2306439228365,1.23197429009807,1.23336582941855,1.23480684221266,1.23628598437908,1.23779243622285,1.23931610428213,1.24084780125629,1.24237937866608,1.24390379752489,1.24541513392632,1.2469085432754,1.24838016324648,1.24982701669548,1.25124689221695,1.25263822734482,1.25399999861039,1.25533162240147,1.25663286836699,1.25790378559671
9,1.26137281094638,1.30329752109552,1.27054183297851,1.26443653707848,1.25910006326821,1.25444396943768,1.25039567905651,1.24689299942138,1.24387770950402,1.24129145738007,1.23907559389823,1.23717375260176,1.23553479575025,1.23411458410538,1.23287634135768,1.2317900905959,1.23083164881753,1.22998156461495,1.22922417290686,1.2285467850981,1.22793905331218,1.22739247119352,1.22689998752853,1.22645570807749,1.22605466772101,1.22569264112908,1.22536601968397,1.22507169056508,1.22400081998596,1.22344442817144,1.22326577497129,1.22338011179727,1.22373112262004,1.22427928134051,1.22499548171176,1.22585724819088,1.22684634301432,1.22794717905663,1.22914575386992,1.23042897182468,1.23178423360496,1.23319925409597,1.23466205952368,1.23616110688489,1.23768546338683,1.23922500797839,1.24077060171038,1.24231420471935,1.24384892855756,1.24536902400232,1.24686982964133,1.24834766365325,1.24979971840588,1.25122393641261,1.25261889140749,1.25398367809396,1.25531781386135,1.25662115370555,1.25789381822095
10,1.26097413576975,1.30321477460976,1.27046605400464,1.26432823293988,1.25895618957354,1.25426309454304,1.25017766630773,1.24663888769223,1.24358969839066,1.24097277029123,1.23873012511109,1.23680561278796,1.23514792585453,1.23371252261327,1.23246213424049,1.23136629512805,1.23040038361783,1.22954457477785,1.22878289586745,1.22810240810818,1.22749256175664,1.22694468786177,1.22645160405192,1.22600730992141,1.22560675145988,1.22524564063015,1.22492030267142,1.22462757957916,1.22356838275904,1.22302779777352,1.22286758847315,1.22300224187227,1.22337498708424,1.22394597758509,1.22468583501402,1.22557181536438,1.22658539394245,1.22771067068702,1.22893330796933,1.23023986760882,1.23161742023444,1.23305338625512,1.23453555489067,1.23605221906268,1.23759236137245,1.23914585314692,1.24070361431313,1.24225771505024,1.24380140868115,1.24532911578796,1.24683633483741,1.24831954898652,1.24977610169437,1.25120407159125,1.2526021521146,1.25396954131824,1.25530584458141,1.25661099102294,1.25788516318748
11,1.2605885565899,1.30313270457271,1.27039991482522,1.26423331874324,1.25882957431359,1.25410327691326,1.24998431842223,1.24641276061904,1.24333261895216,1.24068753704757,1.23842020022763,1.23647470713987,1.23479963481828,1.23335009770943,1.23208838817909,1.23098359706152,1.23001069760908,1.22914952890496,1.22838382462231,1.22770041658196,1.22708856732128,1.2265394565406,1.22604577971,1.2256014375096,1.22520129547741,1.22484100000595,1.22451682181789,1.2242255584355,1.2231770486012,1.22265097991751,1.22250773532392,1.22266107781205,1.22305381105532,1.22364578249131,1.22440735883227,1.22531553869671,1.22635152057625,1.22749910822913,1.22874365787438,1.23007140757271,1.23146912988752,1.23292398287462,1.23442354969602,1.23595598697648,1.2375102147669,1.23907611163596,1.24064466308444,1.2422080490142,1.24375966054408,1.24529406958604,1.24680692836393,1.24829486751922,1.24975536650347,1.2511866256435,1.25258744483522,1.25395711366371,1.25529531517752,1.25660204375295,1.25787753636292
12,1.26021513049197,1.30305123962239,1.27034147751695,1.26414915803228,1.25871689235957,1.25396052969646,1.24981103881111,1.24620947358321,1.24310085306502,1.24042974325952,1.23813948230644,1.23617444146398,1.23448312559604,1.2330203539095,1.23174802492579,1.2306348240057,1.22965535282013,1.22878912817449,1.22801962573502,1.22733345218755,1.22671969711175,1.22616939840806,1.22567513702813,1.22523072089264,1.22483094008071,1.22447137665987,1.22414825868318,1.22385833348185,1.22281968484943,1.22230705803434,1.22217953374509,1.22235019994483,1.22276145577181,1.22337285907929,1.22415452811829,1.22508321541302,1.22613985837232,1.22730798026633,1.22857264325334,1.22991979107313,1.23133592206013,1.23280795793161,1.23432330184856,1.23586999667248,1.23743691729354,1.23901396032825,1.24059218175585,1.24216386950177,1.24372254599609,1.24526292512285,1.2467808006491,1.24827293818496,1.24973694059244,1.25117111799814,1.25257436591172,1.25394605582845,1.25528594010311,1.25659407121105,1.25787073449702
13,1.25985300836613,1.30297034155608,1.27028932938655,1.26407381754017,1.2586156669626,1.25383187160636,1.24965437745291,1.24602515576478,1.2428901635961,1.24019484424403,1.23788317577089,1.23589981953773,1.2341932437233,1.2327180130091,1.2314356703221,1.23031452809324,1.22932884294895,1.22845783302965,1.2276847248879,1.22699592088153,1.22638034540512,1.22582890278366,1.2253340660299,1.22488955561007,1.22449009043611,1.22413119439046,1.22380904785693,1.22352035824985,1.22249087047637,1.2219907697759,1.22187790799326,1.22206473459324,1.22249326230337,1.22312277760489,1.22392315431567,1.22487091020799,1.22594673261336,1.22713387794402,1.22841713110469,1.2297821616549,1.23121521502224,1.23270300018954,1.23423276172461,1.23579244727309,1.23737090046178,1.23895804446076,1.24054500832435,1.24212418594095,1.24368922511997,1.24523497256461,1.24675735372128,1.2482532582157,1.24972040168889,1.25115719410103,1.25256261754972,1.25393611747324,1.25527750863446,1.25658689572155,1.25786460748313
14,1.25950145778171,1.30288996732234,1.27024238645731,1.26400580635909,1.25852400756207,1.25371501868482,1.24951168347067,1.24585682461858,1.24269727857033,1.23997932421385,1.23764756543374,1.23564696650852,1.23392598821062,1.23243897531214,1.23114714805359,1.23001847416533,1.22902688823027,1.22815132806826,1.22737478284142,1.22668347023524,1.2260661502377,1.22551360351674,1.22501820088272,1.2245735799565,1.22417439224352,1.22381610649282,1.22349485514542,1.22320731613716,1.22218638732039,1.22169802356035,1.2215989117423,1.22180089468544,1.2222456180517,1.22289210265738,1.22370999192718,1.22467557567843,1.2257693011003,1.22697417001731,1.22827470509121,1.22965631916007,1.23110502444296,1.23260733651193,1.2341503598756,1.23572196241256,1.23731096773071,1.23890733197134,1.24050225889854,1.2420882458415,1.2436590602602,1.24520967382945,1.24673613466171,1.24823544705515,1.24970543033815,1.25114458584572,1.2525519746466,1.25392710942853,1.25526986158716,1.25658038310894,1.25785904200728
15,1.25915979551979,1.30281008741644,1.27019981520007,1.26394397373462,1.25844044088768,1.25360818511572,1.24938087815591,1.24570213557078,1.24251962056361,1.23978040888316,1.23742971572291,1.23541281743296,1.2336781918161,1.23217999345917,1.23087914853236,1.22974330475624,1.22874609488651,1.22786619255083,1.22708636485794,1.22639264707968,1.22577365053732,1.22522003595879,1.22472407700373,1.22427933252118,1.22388038989947,1.22352266545215,1.22320224850638,1.22291578149341,1.22190288846024,1.221425573947,1.22133941611083,1.22155567920377,1.22201565735026,1.22267811561404,1.22351247486639,1.22449480473097,1.22560532131197,1.22682678311669,1.22814346167641,1.2295405354119,1.23100379381385,1.23251957838834,1.2340748693729,1.23565746787738,1.23725618668719,1.23886101984134,1.24046324661968,1.24205546507836,1.24363155695998,1.24518661182983,1.24671679253033,1.24821920987805,1.24969177903402,1.2511330854482,1.25254226265591,1.25391888490065,1.25526287531316,1.25657442902042,1.25785394980561
16,1.25882741285855,1.30273067807663,1.27016095766143,1.2638874039745,1.25836379835315,1.25350994995796,1.24926030303313,1.24555921367268,1.24235512427663,1.2395958717711,1.23722726758797,1.23519490685296,1.23344730484236,1.23193845172631,1.23062900471227,1.22948631331158,1.22848372636177,1.22759966761079,1.22681669343091,1.22612066291813,1.22550005385975,1.22494540458888,1.22444889879241,1.22400402016169,1.22360529489926,1.22324808927332,1.22292845146246,1.22264298732598,1.22163767357143,1.22117080327618,1.22109689848052,1.22132666983795,1.22180107380512,1.22247862861628,1.22332853972362,1.22432666370906,1.22545299390129,1.22669005532484,1.22802188310119,1.22943342887309,1.23091028079408,1.23243861928143,1.23400531396612,1.23559811037022,1.23720581777149,1.23881847202217,1.2404274281266,1.242025382073,1.24360632487355,1.24516545761397,1.24669905075281,1.24820431448692,1.24967925296162,1.25112252944944,1.25253334434025,1.25391132853792,1.25525645270906,1.25656895156412,1.25784926167102
17,1.25850375138859,1.30265171975982,1.27012529208328,1.26383537867191,1.25829313877015,1.25341916540868,1.24914861496311,1.24542653712165,1.24220211031906,1.239423899478,1.2370382974635,1.23499122245907,1.23323124469388,1.23171221240374,1.23039453600551,1.22924528621097,1.2282375439272,1.22734949582141,1.22656349765849,1.22586524291475,1.22524307448187,1.22468742101346,1.22419037767988,1.22374535625126,1.22334682436755,1.22299010039231,1.2226711931141,1.22238667582506,1.22138853234186,1.22093156718,1.22086929538382,1.22111188938688,1.22159998278595,1.22229185507976,1.22315650084029,1.22416957608085,1.22531085306644,1.22656263475391,1.22790873077909,1.22933387877724,1.2308234790933,1.23236356435924,1.2339409054958,1.23554320158978,1.23715926523698,1.23877917678391,1.24039436673814,1.24199762621533,1.24358305082341,1.24514594735573,1.24668268758735,1.24819057475102,1.24966769595794,1.25111278680244,1.25252510964277,1.25390434779455,1.25525051582482,1.2565638849539,1.25784492195918
18,1.25818831767578,1.30257319608873,1.27009239106889,1.26378729806312,1.25822768480267,1.25333489189716,1.24904471185836,1.24530285463204,1.24205919536587,1.23926299616498,1.2368612166312,1.23480010080918,1.23302828864174,1.23149950617621,1.23017393686479,1.22901838997514,1.22800569284796,1.22711380660962,1.22632489552576,1.22562449466709,1.22500081513979,1.22444418822405,1.22394661642624,1.22350144510253,1.22310308569475,1.22274681059114,1.22242859077483,1.22214496828052,1.22115363260713,1.22070609513551,1.2206548974682,1.22090970070431,1.22141082464795,1.22211631744392,1.22299497068227,1.2240222401726,1.22517768987895,1.22644340732688,1.2278029868542,1.22924096359536,1.23074256225204,1.23229367951208,1.23388099803917,1.23549217876503,1.23711604259664,1.2387427166972,1.24036370660323,1.24197189572186,1.24356147993509,1.24512786644452,1.24666752265896,1.24817783921298,1.24965698085651,1.2511037506601,1.25251746923431,1.2538978675585,1.25524500139514,1.2565591757957,1.25784088550558
19,1.25788065895068,1.30249509310622,1.27006190351511,1.26374267279778,1.25816681889704,1.25325635135023,1.24894767898166,1.24518712552337,1.24192522696431,1.23911191387742,1.23669469820389,1.23462015131315,1.23283699552621,1.23129885221354,1.2299656955385,1.22880408899785,1.22778661936798,1.22689103263554,1.22609930988712,1.22539683429916,1.22477169285053,1.22421411610896,1.22371602465566,1.22327069759398,1.22287249231166,1.22251663697089,1.2221990661859,1.2219162919212,1.22093143869553,1.22049289746558,1.22045227287304,1.22071873300083,1.22123229417861,1.22195077992219,1.22284278445343,1.22388356714537,1.22505249565318,1.22633144458024,1.22770380409547,1.22915391733927,1.23066684435721,1.2322283564677,1.23382505728834,1.23544457664163,1.23707574815858,1.23870874757584,1.24033515458829,1.24194794232298,1.24354140280713,1.24511103885499,1.24665340838461,1.24816598436021,1.24964700442615,1.25109533483269,1.25251034950837,1.25389182587889,1.25523985717121,1.25655477991486,1.25783711485676
20,1.25758034544962,1.30241739874022,1.27003354216767,1.2637010955284,1.25811000327281,1.25318289270038,1.24885674920133,1.24507847542603,1.2417992352776,1.23896960098652,1.2365376228156,1.23445019989216,1.23265614779824,1.23110899878244,1.22976853366495,1.22860108436364,1.22757900889628,1.22667984763182,1.22588540598017,1.22518092120887,1.22455436088835,1.22399585860663,1.22349725602565,1.2230517684064,1.22265370103712,1.2222982394484,1.22198128319495,1.22169931525303,1.22072065070009,1.22029071539875,1.2202602102683,1.22053782712532,1.22106328819695,1.22179419870024,1.22269896049825,1.22375264365731,1.2249344203157,1.2262259647499,1.22761046983659,1.22907209632774,1.23059574959054,1.23216708508577,1.23377263556471,1.2354000058833,1.23703804611872,1.23867698181663,1.2403084659715,1.24192555874053,1.24352264454213,1.24509531736133,1.24664022097031,1.24815490611913,1.24963767909606,1.25108746549696,1.2525036897694,1.25388617184734,1.25523504041867,1.25655066141081,1.25783357983603
21,1.25728700608014,1.30234010240327,1.27000706236164,1.26366222391896,1.25805678579132,1.25311396608734,1.24877127331606,1.24497616307542,1.24168039675933,1.23883516332802,1.23638903770829,1.23428924639681,1.23248470761986,1.23092887840362,1.22958136065488,1.22840826763351,1.22738173938467,1.22647911935199,1.2256820441831,1.22497561068545,1.22434767132372,1.22378826361535,1.22328916070176,1.22284350854731,1.22244556468572,1.22209047347642,1.22177410061369,1.22149290107639,1.22052015854215,1.22009847423436,1.22007767579591,1.22036599410231,1.22090286597507,1.22164568406001,1.22256266272951,1.22362868759396,1.22482274099769,1.22612630371926,1.22752237932233,1.22899495500304,1.23052879054356,1.23210943412728,1.23372335492693,1.23535813820782,1.23700265364112,1.23864717750025,1.24028343505105,1.24190457094842,1.24350505846343,1.24508057868167,1.24662785699158,1.24814451780987,1.24962893224142,1.25108008178798,1.25249743840013,1.25388086192404,1.2552305143047,1.25654678901573,1.2578302537907
22,1.25700027985444,1.30226319469917,1.2699822584527,1.26362576777309,1.25800679842339,1.25304910323788,1.24869069735502,1.24487955476987,1.24156800638611,1.23870783447156,1.23624812540026,1.23413643200141,1.2323217832575,1.23075757344598,1.22940323867548,1.22822468536303,1.22719384547546,1.22628787351868,1.22548824372572,1.22477991746493,1.22415063608153,1.22359034663211,1.22309074886924,1.22264492889952,1.22224709568096,1.22189235374287,1.22157653602301,1.22129607041411,1.22032900671173,1.21991524912803,1.21990378002943,1.22020238347225,1.22075021888488,1.22150447170645,1.22243317329977,1.22351102942108,1.2247168379624,1.22603189267217,1.22743901508294,1.22892202756824,1.23046555103108,1.2320550357663,1.23367689335325,1.23531869419257,1.23696933021867,1.23861912907554,1.24025988719434,1.24188483129171,1.2434885201822,1.2450667182982,1.24661622876994,1.24813474579172,1.24962070207721,1.25107313181925,1.25249155175917,1.25387585932539,1.2552262481257,1.25654313682474,1.25782711482061
23,1.25671984536633,1.30218666719713,1.26995895521725,1.26359147924079,1.25795971103628,1.25298790234032,1.24861454507081,1.24478810484891,1.24146145619463,1.23858695266009,1.23611417935016,1.23399101388147,1.23216660296652,1.23059428939206,1.22923335543605,1.22804951151929,1.22701449064176,1.22610526573949,1.22530315449179,1.22459298746523,1.22396239855756,1.22340124728364,1.22290116234481,1.2224551718637,1.22205743774207,1.22170302592457,1.221387737609,1.22110797444337,1.22014636683205,1.21974023846346,1.21973775036706,1.22004625858365,1.22060464682662,1.22136989867513,1.2223098714202,1.22339909058762,1.22461617621693,1.22594224079998,1.22735993096193,1.22885290937444,1.23040567305167,1.23200357393806,1.23363297442766,1.23528143422702,1.23693786980153,1.23859266058429,1.24023767300772,1.24186621352258,1.24347292338366,1.24505364689857,1.24660526138474,1.2481255276907,1.24961293648342,1.25106657206497,1.25248599351732,1.25387113375082,1.2552222154978,1.25653968252044,1.25782414399443
24,1.25644539980817,1.30211051225851,1.26993700221415,1.26355914501961,1.25791524363248,1.25293001623876,1.24854240424953,1.24470134025763,1.24136021834793,1.23847194274847,1.2359865849532,1.23385234530253,1.23201849444443,1.23043833130592,1.22907100277137,1.22788202576975,1.22684294525389,1.22593055941012,1.225126034794,1.22441407546846,1.22378221128783,1.22322021693142,1.22271964974532,1.22227348901096,1.22187584358478,1.22152174444071,1.22120696198141,1.22092787238955,1.21997151605557,1.21957274289213,1.21957891842077,1.21989697717068,1.22046553966371,1.22124139197119,1.22219221663597,1.22329236766606,1.22452029044183,1.22585692191744,1.22728473955334,1.2287872567401,1.23034884655391,1.23195477519059,1.23359135924052,1.2352461514093,1.23690809462199,1.23856762033711,1.24021666381492,1.24184860897865,1.24345817662594,1.2450412877209,1.24659489049647,1.24811680918243,1.24960558978418,1.25106036404486,1.25248073116348,1.25386665762926,1.25521839407127,1.25653640730474,1.25782132548706
25,1.25617666443935,1.30203471393718,1.26991626948011,1.26352858044977,1.25787315325934,1.25287514310449,1.24847391588533,1.24461884836523,1.24126383183469,1.23836230177751,1.23586480418367,1.23371985983186,1.23187686854244,1.23028909708672,1.2289155596024,1.22772159620507,1.22667856912201,1.22576310812379,1.22495623368906,1.22424252737384,1.2236094181548,1.22304659839306,1.22254555848436,1.22209922330798,1.22170165716727,1.22134785474057,1.22103355651299,1.22075511392735,1.21980381986269,1.21941214864785,1.21942669257021,1.21975397592043,1.22033236248418,1.22111844521494,1.22207973563637,1.22319042010602,1.2244287738092,1.22577556342688,1.22721310389739,1.22872476420845,1.23029480134293,1.23190840145677,1.23355183999625,1.2352126659463,1.23687985033281,1.2385438767278,1.24019674800891,1.24183192343693,1.24344420061857,1.24502957418266,1.24658506025731,1.24810854358048,1.24959862286891,1.2510544749745,1.25247573718761,1.25386240784554,1.25521476401339,1.25653329433773,1.25781864494251
26,1.25591338046259,1.30195928302306,1.269896644044,1.26349962468416,1.25783322787017,1.25282301904772,1.24840876553265,1.24454026721875,1.24117189173527,1.23825758752001,1.23574836359313,1.23359305857908,1.23174120607264,1.23014604906931,1.22876647824318,1.22756766545198,1.22652079746214,1.22560234152819,1.2247931767568,1.22407776592441,1.22344344008315,1.22287981162377,1.22237830586896,1.221931794805,1.22153429940709,1.22118077905415,1.22086694513207,1.22058912501954,1.21964271823261,1.21925791413124,1.21928055254649,1.21961675805304,1.22020464374377,1.22100061358397,1.221972011603,1.22309286017117,1.22434126850475,1.22569783798088,1.22714472667067,1.22866516521819,1.23024330061416,1.2318642442852,1.23351423491483,1.23518082068921,1.23685300213084,1.23852131489207,1.24017782826034,1.2418160747809,1.2434309263025,1.2450184483315,1.24657572209512,1.24810069019165,1.24959200163611,1.25104887625236,1.25247098756994,1.25385836419424,1.2552113082945,1.25653032923583,1.25781609018472
27,1.25565530711714,1.30188420526892,1.2698780271607,1.26347213685224,1.25779528139878,1.25277339801724,1.24834667633295,1.24446527767281,1.24108404056925,1.2381574091397,1.23563684438245,1.23347149996371,1.23161104724593,1.23000871310591,1.22862327328674,1.22741973940829,1.22636912951014,1.22544775384979,1.2246363545601,1.22391927912367,1.22328376343025,1.22271934209651,1.22221737712793,1.22177068902938,1.2213732565936,1.22102000483166,1.22070661679559,1.22042939643195,1.21948771441069,1.21910955902394,1.21914003706838,1.21948488325602,1.2200819656597,1.22088750315058,1.22186867560302,1.22299934487715,1.22425745820877,1.22562345635655,1.22707934598515,1.22860822488838,1.23019413573828,1.23182212019163,1.23347838412906,1.23515047754701,1.23682743165034,1.2384998340397,1.24015981920918,1.24180099102433,1.2434182931581,1.24500785939229,1.24656683345797,1.24809321336641,1.24958569620757,1.25104354281323,1.25246646125285,1.25385450895253,1.25520801196697,1.25652749936243,1.25781365050392
28,1.25540221999808,1.30180947510681,1.26986033207743,1.26344599295914,1.25775914976636,1.25272610223264,1.24828740333105,1.24439359697995,1.2409999612397,1.23806141959158,1.23552987435996,1.23335479128303,1.23148598295542,1.22987666712272,1.22848551256306,1.22727737801807,1.22622311920616,1.22529889450378,1.22448531320136,1.22376661075578,1.22312993048446,1.22256473128973,1.22206231350636,1.22161544507314,1.22121807089975,1.22086507527776,1.22055211605118,1.220275474327,1.21933836573174,1.21896665538031,1.21900473525504,1.21935795944925,1.21996395634373,1.22077876342782,1.22176939955666,1.22290956772059,1.22417706204462,1.22555216209904,1.22701672953785,1.22855373508735,1.2301471220191,1.2317818668811,1.23344414635223,1.23512151457421,1.23680303443939,1.2384793452839,1.24014264561633,1.24178660874338,1.24340624788184,1.24499776265454,1.24655835688176,1.24808608171962,1.24957968027857,1.25103845258759,1.25246213969226,1.25385082650916,1.2552048618597,1.25652479357809,1.25781131645415
29,1.25515390955933,1.30173508731074,1.26984348221512,1.26342108334116,1.25772468761841,1.25268093671451,1.24823072888325,1.24432497352941,1.24091937123499,1.23796930937003,1.2354271213185,1.23324258179254,1.23136564761979,1.22974953381855,1.22835280957621,1.22714018771996,1.22608236750566,1.22515536035065,1.22433964653436,1.223619352567,1.22298153162822,1.22241556884204,1.22191270442025,1.2214656573288,1.22106833255684,1.22071558154451,1.220403035253,1.22012695250656,1.21919427602957,1.21882882028487,1.21887427955247,1.21923563600588,1.21985028338698,1.22067408122963,1.22167389044681,1.22282325993404,1.22409982937377,1.22548372630051,1.2269566706093,1.22850151053336,1.23010209514048,1.2317433400109,1.23341139615077,1.23509382358983,1.23677971789922,1.23845976987175,1.24012624085419,1.24177286928631,1.24339474330533,1.24498811856291,1.24655025922691,1.24807926749096,1.24957393058258,1.25103358605388,1.25245800648318,1.25384730305143,1.25520184631654,1.25652220202208,1.2578090796712
30,1.25491017983883,1.30166103695136,1.26982740967702,1.26339731064273,1.25769176563849,1.25263773942472,1.24817645871485,1.24425918248913,1.24084201782939,1.23788080132919,1.2353282875439,1.23313455696423,1.23124971324369,1.22962697455345,1.22822481735542,1.22700781505377,1.22594651603783,1.2250167892599,1.22419898969497,1.22347713777086,1.22283819882749,1.22227148603442,1.22176818093845,1.22132095470545,1.22092367335297,1.22057115624506,1.22025900809444,1.21998346596697,1.21905508935169,1.21869570974434,1.21874833984348,1.21911759810379,1.21974064837881,1.22057317557699,1.22158188551724,1.22274017601283,1.2240255357496,1.22541794422766,1.22689898404919,1.22845138577164,1.23005890865176,1.23170641131864,1.23338002163129,1.23506730811834,1.23675739945192,1.23844103755185,1.24011054544917,1.24175972753898,1.24338373722248,1.24497889183642,1.24654251087723,1.24807274579934,1.24956842617896,1.25102892553939,1.2524540466556,1.25384392630518,1.25519895497791,1.25651971592873,1.25780693271797
31,1.25467084721859,1.3015873193585,1.26981205401688,1.26337458800645,1.25766026832136,1.25259636540802,1.24812441881416,1.24419602222083,1.24076767407447,1.23779564633761,1.23523310523171,1.23303043369194,1.23113788445581,1.22950868425661,1.22810122323431,1.22687994146187,1.22581524170233,1.22488285475492,1.22406301368863,1.22333963561319,1.22269960018704,1.22213215033917,1.22162841033128,1.22118100463615,1.22078376119531,1.22043146802866,1.22011970419901,1.2198446855087,1.21892048469069,1.21856701359193,1.21862661854406,1.21900356202981,1.21963478251878,1.22047579344338,1.2214931482633,1.22266009658242,1.22395397937835,1.22535463192511,1.22684350376675,1.22840321220014,1.23001743090146,1.23167096521013,1.23334992288311,1.23504188223417,1.23673600579335,1.23842308622243,1.24009550711595,1.24174713713635,1.24337319303688,1.24497005146316,1.24653508601944,1.24806649521809,1.24956314933854,1.25102445643371,1.25245024823636,1.2538406851389,1.25519617838859,1.25651732722992,1.25780486867346
32,1.25443573942297,1.30151393009011,1.26979736121427,1.26335283769119,1.25763009211513,1.25255668451682,1.24807445273134,1.2441353111792,1.24069613548897,1.23771361977338,1.23514133261336,1.23292995626268,1.23102989433813,1.22939438714438,1.22798174448358,1.22675627882444,1.2256882522453,1.2247532614475,1.22393142085333,1.2232065468192,1.22256543536781,1.2219972608314,1.22149309148113,1.22104550614365,1.22064829553399,1.22029621701513,1.21998482456822,1.2197103132,1.21879017155448,1.21844245119199,1.21850884440804,1.21889327121383,1.21953244280198,1.22038170617914,1.22140746506429,1.22258282359883,1.22388497819424,1.22529362352663,1.22679008009992,1.22835685611923,1.22997754365407,1.23163689816072,1.23332100982426,1.23501746829782,1.23671547045255,1.23840585929174,1.24008107782471,1.24173505747195,1.24336307648503,1.24496156909402,1.24652796078953,1.24806049561408,1.24955808301441,1.25102016423008,1.25244659879892,1.25383757021839,1.25519350882273,1.25651502956082,1.25780288233151
33,1.25420469457036,1.30144086490623,1.26978328282142,1.26333198987701,1.25760114386191,1.25251857949859,1.24802641933087,1.24407688541352,1.24062721714887,1.23763451823915,1.23505275081769,1.23283289295195,1.23092550089972,1.22928383309896,1.22786612461599,1.22663656570866,1.22556528243847,1.22462774124459,1.22380394097927,1.22307759969261,1.22243543171387,1.22186654431336,1.22136195100842,1.22091418597184,1.22051700113226,1.22016513093046,1.21985409772856,1.21958007853727,1.21866388621692,1.21832176780782,1.21839477721169,1.21878649287489,1.21943340883088,1.22029070648882,1.22132464233738,1.22250817768711,1.22381836582948,1.22523476898267,1.22673857774797,1.22831219673877,1.22993914014798,1.23160411672834,1.23329320144234,1.23499399665495,1.23669573399065,1.23838930634984,1.24006721509096,1.24172345284589,1.24335335764697,1.24495341951328,1.24652111408526,1.24805472933026,1.24955321242642,1.25101603654647,1.25244308795887,1.25383457235761,1.25519093840325,1.25651281614446,1.25780096779437
34,1.25397756033266,1.30136811974711,1.26976977523581,1.26331198163698,1.25757333946914,1.25248194437913,1.24798019088938,1.24402059637998,1.24056075135974,1.23755815716278,1.23496716091184,1.23273903313061,1.23082448407932,1.22917679458909,1.22775413024352,1.22652056417729,1.22544609085156,1.22450605007837,1.22368032805839,1.22295254685462,1.2223093409434,1.22173975199728,1.22123473995032,1.22078679526166,1.22038963414745,1.22003796181802,1.21972727645235,1.21945373517731,1.21854138620008,1.21820473151104,1.21828419257046,1.21868301519468,1.21933748009762,1.22020260586208,1.22124450411977,1.22243599588091,1.22375399573583,1.22517793213071,1.22668887401318,1.22826912459447,1.22990212370094,1.2315725363483,1.23326642444504,1.23497140431193,1.23667674265327,1.23837338180591,1.2400538804171,1.24171229087938,1.24334400935924,1.24494557996826,1.24651452686166,1.24804918042469,1.24954852422518,1.25101206219043,1.25243970631892,1.25383168365347,1.25518846047181,1.25651068127808,1.25779912021531
35,1.25375419317944,1.30129569071462,1.26975679909749,1.26329275608254,1.257546602849,1.25244668308883,1.24793565147664,1.24396630909779,1.24049658558389,1.23748436850426,1.23488438170359,1.23264818477111,1.23072664318446,1.2290730640385,1.22764554839081,1.22640805705981,1.22533045709151,1.22438796512101,1.22356035746929,1.22283116241648,1.2221869363352,1.22161665669136,1.22111123094911,1.2206631067489,1.22026596531774,1.21991448322528,1.21960413495284,1.21933105814214,1.21842245680293,1.21809113053854,1.21817688748844,1.2185826448407,1.219244473697,1.22011723237442,1.2211668899748,1.22236612969307,1.22369173009732,1.22512298904916,1.22664085730085,1.22822754019501,1.2298664064981,1.23154208026288,1.23324061234854,1.2349496341547,1.23665844772615,1.2383580443573,1.24004103895022,1.24170154226641,1.24333500704012,1.24493802970609,1.24650818169485,1.24804383423317,1.24954400602442,1.2510082306647,1.25243644534097,1.25382889691223,1.25518606895282,1.25650861990002,1.25779733532124
36,1.25353445769649,1.3012235740564,1.2697443187676,1.26327426163382,1.25752086486893,1.25241270828968,1.24789269020896,1.24391390057085,1.24043458068997,1.23741299886093,1.23480424766736,1.2325601724313,1.23063179469296,1.22897245156617,1.22754018418774,1.2262988456082,1.22521817943034,1.22427328239172,1.22344382357059,1.22271323956183,1.22206801029931,1.22149705036818,1.2209912158196,1.2205429123279,1.22014578682039,1.21979448778768,1.21948446647455,1.21921184141808,1.21830689494804,1.21798077102152,1.21807267616275,1.21848520491165,1.21915422227583,1.22003442882403,1.22109165335153,1.22229844339607,1.22363144447374,1.2250698266467,1.22659442583373,1.22818735286175,1.2298319067259,1.23151267860611,1.23321570467576,1.23492863425995,1.23664080494492,1.23834325649053,1.24002865902144,1.24169118037086,1.24332632833294,1.24493075051333,1.24650206343085,1.24803867826389,1.24953964759493,1.2510045336516,1.25243329712487,1.25382620542741,1.2551837581259,1.25650662707608,1.25779560914206
37,1.25331822597016,1.30115174620757,1.26973230188649,1.26325645139529,1.25749606261355,1.25237994036895,1.24785122128568,1.2438632584304,1.24037460944616,1.23734390783304,1.23472660720299,1.23247483524518,1.23053977035719,1.22887478303719,1.22743785887868,1.22619274747414,1.22510907275792,1.22416181469151,1.22333053762237,1.22259858845923,1.22195237228442,1.22138074206437,1.22087450344799,1.22042602095485,1.22002890786969,1.21967778513884,1.21936808121095,1.21909589588007,1.2181945163067,1.21787347502532,1.2179713880961,1.21839053311833,1.21906657237087,1.21995405107138,1.22101865983005,1.22223281288916,1.22357302489146,1.2250183414481,1.22654948654618,1.22814847973121,1.22979855497585,1.23148426761597,1.2331916462668,1.23490835729363,1.23662377397536,1.23832898403408,1.24001671188455,1.24168118107203,1.24331795306069,1.24492372497956,1.24649615748088,1.24803370015606,1.24953543840445,1.25100096211561,1.25243025506104,1.25382360377058,1.25518152356404,1.25650469923373,1.25779393794797
38,1.2531053770299,1.30108024253244,1.26972071899404,1.26323928261907,1.25747213865696,1.2523483065633,1.24781115146163,1.24381427976301,1.24031655521745,1.2372769666095,1.23465132112841,1.23239202548571,1.23045041554642,1.22877989837435,1.22733840809777,1.22608959495626,1.2250029668078,1.22405338981296,1.22322032598442,1.22248703445246,1.22183984696256,1.22126755606797,1.22076091797889,1.22031225683506,1.21991515290584,1.21956420010386,1.21925480450169,1.21898304749579,1.21808515127523,1.21776907885063,1.21787286646248,1.21829848022125,1.21898138289855,1.21987596666121,1.22094778598064,1.22216912396331,1.22351636692403,1.22496843847879,1.2265059541288,1.22811084489358,1.22976628257651,1.23145678895459,1.23316838668344,1.23488876000511,1.23660731798769,1.23831519580914,1.24000517119449,1.24167152220699,1.24330986260754,1.24491693767675,1.24649045089643,1.24802888908087,1.2495313693922,1.25099750846879,1.25242731238451,1.25382108613143,1.25517936023608,1.25650283197448,1.257792318743
39,1.25289579634237,1.30100904069999,1.26970954320254,1.26322271624193,1.2574490404573,1.25231774024897,1.24777239993902,1.24376687009452,1.24026031083528,1.23721205673943,1.23457826137043,1.23231160714291,1.23036358789174,1.22868765008982,1.2272416803687,1.22598923347517,1.22489970461354,1.22394784898247,1.22311302854831,1.2223784164855,1.22173027265028,1.22115733033469,1.22065029723123,1.22020145784036,1.21980436001548,1.2194535688263,1.2191444752621,1.21887313576041,1.21797864344432,1.21766743155505,1.21777696668525,1.21820890867091,1.21889852386367,1.21980005359073,1.22087891815812,1.22210727159974,1.22346137430684,1.22492003065708,1.22646375013021,1.22807437864605,1.22973502816397,1.23143018911971,1.23314587969625,1.23486980276232,1.23659140323997,1.23830186324844,1.23999401289324,1.24166218357055,1.24330204004166,1.24491037443399,1.24648493182257,1.24802423511849,1.2495274322511,1.25099416574618,1.25242446324683,1.25381864759067,1.25517726399689,1.25650102179939,1.25779074827134
40,1.25268937535157,1.30093813742272,1.26969874991369,1.2632067164842,1.25742671983076,1.25228818022157,1.24773488394549,1.24372094250577,1.24020577761288,1.23714906906141,1.23450730982261,1.23223345472468,1.2302791559129,1.22859790200329,1.22714753579473,1.22589152024191,1.22479914116048,1.22384504549973,1.22300849736776,1.22227258572671,1.2216234999286,1.22104991510652,1.22054249131647,1.2200934741283,1.21969637955294,1.21934574654255,1.21903694461143,1.21876601232967,1.21787484826469,1.2175683936618,1.2176835551952,1.21812169142044,1.2188178752311,1.21972619924247,1.22081195149712,1.22204715896943,1.22340795839204,1.22487303746275,1.22642280255771,1.22803901684289,1.22970473530067,1.23140441893338,1.23312408283377,1.23485144917957,1.23657599877219,1.2382889601564,1.23998321491346,1.24165314663254,1.24329446983594,1.24490402225551,1.24647958938563,1.24801972916731,1.2495236193555,1.25099092754972,1.25242170227038,1.2538162836192,1.25517523102362,1.25649926547429,1.25778922378916
41,1.25248601105995,1.30086752385107,1.26968831657286,1.26319125050097,1.25740513249373,1.25225957018212,1.24769855169698,1.2436764168602,1.24015286448465,1.23708790276687,1.23443835734567,1.23215745220654,1.23019699803358,1.22851052811245,1.22705584491084,1.22579632309083,1.22470114220408,1.22374484354499,1.22290659545803,1.22216940436273,1.22151939043345,1.22094517170027,1.22043736142685,1.21998816693119,1.21959107293114,1.21924059270882,1.21893207467017,1.21866153982147,1.21777363188192,1.21747183602771,1.2175925083421,1.21803671088498,1.21873932593661,1.21965429944957,1.22074678904088,1.2219886965649,1.22335603728636,1.22482738468859,1.22638304467718,1.22800470032785,1.2296753519695,1.2313794330952,1.23310295699556,1.23483366577451,1.23656107610685,1.23827646244635,1.23997275696999,1.24164439436262,1.24328713772161,1.24489786919902,1.24647441359269,1.2480153628616,1.24951992369438,1.25098778799465,1.25241902450599,1.25381399004562,1.25517325779177,1.25649756001352,1.25778774276436
42,1.25228560564606,1.3007971987978,1.2696782224549,1.26317628807778,1.25738423766253,1.25223185822366,1.24766333194263,1.24363321911009,1.24010148725117,1.23702846457793,1.2343713028896,1.2320834921088,1.23011700158123,1.22842541163574,1.22696648766408,1.22570351945334,1.22460558323063,1.22364711713011,1.22280719573982,1.2220687445374,1.2214178157916,1.22084297144196,1.22033477876935,1.21988540749087,1.21948831155801,1.219137979012,1.21882973750194,1.21855959076142,1.21767487009913,1.21737763884753,1.21750371143748,1.21795385802679,1.21866277301738,1.21958425767473,1.22068334096578,1.22193180150002,1.22330553518929,1.22478300366832,1.22634441490432,1.22797137443675,1.22964683013086,1.23135518979211,1.23308246610991,1.234816421673,1.23654660899566,1.23826434792483,1.23996262037719,1.24163591107652,1.24328003055944,1.24489190426827,1.24646939524241,1.24801112849764,1.24951633881054,1.25098474165978,1.25241642539382,1.25381176302525,1.25517134105145,1.25649590266243,1.25778630285143
43,1.25208806611514,1.30072717174577,1.26966844847696,1.26316180136415,1.2573639977026,1.25220499639558,1.2476291663079,1.2435912807777,1.24005156790081,1.23697066802347,1.23430605272018,1.23201147468311,1.23003906194872,1.22834244408895,1.22687935257117,1.22561299545262,1.22451234854034,1.22355174917291,1.22271018010739,1.22197048741556,1.22131865668154,1.22074319472629,1.22023462362492,1.21978507611848,1.21938797589774,1.21903778617495,1.21872981417973,1.21846004665244,1.2175784474757,1.21728569077535,1.21741705791004,1.2178730315481,1.21858812084514,1.21951598428581,1.22062152390374,1.2218763968773,1.22325638172991,1.22473983077035,1.22630685622113,1.22793898855993,1.22961912533322,1.23133165035505,1.23306257683442,1.23479968835012,1.2365325731973,1.23825259610227,1.23995278788869,1.24162768230103,1.24327313622645,1.24488611731835,1.24646452584606,1.2480070189682,1.24951285874628,1.25098178354262,1.25241390072405,1.25380959900728,1.25516947779974,1.25649429087425,1.25778490188528
44,1.25189330397903,1.30065743096291,1.26965897702094,1.26314776463952,1.25734437782003,1.25217894031997,1.24759600071386,1.24355053829757,1.24000303408511,1.23691443279968,1.23424251973535,1.23194130719312,1.22996308184473,1.228261524558,1.22679433584672,1.22552464509714,1.22442133043589,1.22345863067804,1.22261543860367,1.22187452235425,1.2212218020023,1.22064573018406,1.22013678451556,1.21968706136215,1.21928995463975,1.2189399031273,1.21863219395915,1.21836279715084,1.21748425652136,1.21719588814503,1.21733244855828,1.21779413717707,1.21851528044792,1.21944939591552,1.22056126034157,1.22182241121868,1.22320851180694,1.22469780690364,1.22627031569075,1.2279074957565,1.2295921963699,1.23130877895667,1.23304325829225,1.23478343940208,1.23651894628189,1.23824118802638,1.23994324355632,1.24161969465508,1.24326644351606,1.24488049897198,1.2464597975574,1.24800302770378,1.24950947799426,1.25097890901833,1.25241144660492,1.2538074947088,1.25516766525991,1.25649272229363,1.25778353786194
45,1.25170123496267,1.3005879735704,1.2696497918457,1.26313415410703,1.25732534578933,1.25215364885277,1.24756378497381,1.24351093265773,1.23995581849599,1.23685968420346,1.23418062285936,1.23187290327668,1.22988897063058,1.22818255900146,1.22671134077266,1.22543836959377,1.22433242849741,1.22336766000972,1.22252286868805,1.22178074616696,1.22112714813539,1.22055047394303,1.22004115746491,1.21959125926811,1.21919414396085,1.21884422626941,1.21853677354451,1.21826773933503,1.21739219698255,1.21710813428857,1.2172497908871,1.21771708703405,1.21844416890815,1.21938441489341,1.22050247808737,1.22176977801621,1.22316186451504,1.2246568770608,1.22623474410241,1.22787685241287,1.22956600497552,1.23128654234413,1.23302448183918,1.23476765034498,1.23650570745832,1.23823010613524,1.23993397260566,1.24161193574485,1.24325994204991,1.24487504054571,1.24645520311104,1.24799914862123,1.24950619145469,1.25097611380399,1.25240905943186,1.25380544708865,1.25516590085927,1.25649119473785,1.25778220892389
46,1.25151177873442,1.30051879675614,1.26964087786291,1.26312094771129,1.25730687171269,1.25212908378369,1.24753247243559,1.243472408954,1.23990985848326,1.2368063526292,1.23412028650412,1.23180618237869,1.22981664373061,1.22810545964288,1.2266302770538,1.22535407667231,1.2242455489632,1.22327874224119,1.22243237458456,1.22168906246867,1.22103459828789,1.22045732896991,1.21994764533999,1.21949757272271,1.21910044686838,1.21875065881686,1.21844345421169,1.21817477705436,1.21730217520714,1.21702233890642,1.21716899851588,1.21764179906774,1.21837470882737,1.21932096874055,1.22044510980141,1.22171843521009,1.22311638322836,1.22461699016224,1.22620009558667,1.22784701784182,1.22954051555686,1.23126490960227,1.23300622085718,1.23475229843646,1.23649283742156,1.23821933412717,1.23992496132594,1.24160439407098,1.24325362219995,1.24486973398449,1.24645073576763,1.24799537607783,1.24950299439679,1.2509733939263,1.25240673586049,1.25380345332489,1.25516418221016,1.25648970618082,1.25778091334656
47,1.25132485865797,1.30044989777101,1.26963222111268,1.26310812497687,1.25728892780638,1.2521052095697,1.24750201966358,1.24343491085015,1.23986509562119,1.2367543731204,1.23406144008929,1.23174106924544,1.22974602210584,1.22803014442872,1.22655106026337,1.22527168005599,1.22416060411895,1.22319178859187,1.22234386669758,1.22159938108781,1.22094406190597,1.22036620448291,1.21985615726347,1.21940591086522,1.21900877261378,1.2186591102155,1.21835215008859,1.21808382034782,1.21721410357738,1.21693841753131,1.21708999065874,1.2175681965476,1.21830682784852,1.21925898971929,1.22038909137137,1.22166832486161,1.22307201508244,1.22457809834309,1.22616632753393,1.22781795446714,1.22951569486637,1.23124385180416,1.23298845037073,1.23473736251751,1.23648031821701,1.23820885684543,1.2399161969724,1.24159705894626,1.24324747501928,1.24486457180372,1.24644638926533,1.24799170483061,1.24949988242478,1.25097074569303,1.25240447278275,1.25380151079462,1.25516250709303,1.25648825473879,1.25777964952622
48,1.25114039900656,1.30038127392542,1.26962380860204,1.26309566686488,1.25727148821078,1.25208199309776,1.24747238615528,1.24339840077955,1.23982147534224,1.2367036849693,1.23400401761338,1.23167749347257,1.22967703178368,1.22795653654342,1.22647361134697,1.22519109894454,1.22407751181795,1.22310671588524,1.22225726110309,1.22151161755908,1.22085545414883,1.22027701542479,1.21976660808666,1.21931618856224,1.21891903616787,1.21856949561778,1.21826277438383,1.21799478492388,1.21712790000245,1.21685629103348,1.21701269164037,1.21749620763444,1.21824045822892,1.21919841442993,1.22033436631291,1.22161939278091,1.2230287106526,1.22454015696853,1.22613339993623,1.22778962676736,1.22949151219497,1.23122334247286,1.2329711478219,1.2347228227897,1.23646813302264,1.23819866006682,1.23990766756387,1.24158992030449,1.24324149206416,1.24485954690126,1.24644215760757,1.2479881297954,1.24949685120356,1.2509681653811,1.25240226697273,1.25379961705601,1.25516087344129,1.25648683865751,1.25777841596913
49,1.25095833489925,1.30031292258625,1.26961562825701,1.26308355564516,1.25725452882099,1.25205940347302,1.24744353408809,1.24336282910786,1.2397789466095,1.23665423133838,1.23394795726959,1.23161538910012,1.22960960343622,1.22788456397469,1.22639785617767,1.22511225756148,1.22399619501112,1.22302344610431,1.22217247906043,1.22142569262539,1.22076869542406,1.22018968199759,1.21967891792381,1.21922832593625,1.21883115775003,1.21848173541315,1.21817524772015,1.2179075916938,1.21704348746317,1.21677588518065,1.216937030484,1.21742576493963,1.21817553645734,1.2191391834501,1.22028087828371,1.22157158821299,1.22298642366533,1.22450312426585,1.22610127547006,1.22776200175738,1.2294679384492,1.23120335623988,1.23295429122209,1.23470866107759,1.23645626650386,1.23818873092876,1.23989936235268,1.24158296918329,1.24323566586687,1.24485465312425,1.2464380357838,1.24798464693489,1.24949389296272,1.25096564587894,1.25240011188672,1.25379776491166,1.2551592743319,1.25648545123007,1.25777720641518
50,1.25077859700668,1.30024484117403,1.2696076688252,1.26307177476904,1.25723802713539,1.25203741182933,1.24741542809254,1.24332815407079,1.23973746162273,1.23660595902703,1.23389320110103,1.23155469424876,1.22954367200153,1.22781415912288,1.22632372515616,1.22503508474723,1.22391658133483,1.22294190597013,1.22208944661054,1.22134153184042,1.22068371095324,1.22010412922706,1.21959301171573,1.21914224794161,1.21874506240496,1.21839575480563,1.21808949552074,1.21782216635209,1.21696079360284,1.21669713024221,1.21686294052764,1.21735680519414,1.21811200290993,1.21908124101028,1.22022857553578,1.22152486355578,1.2229451107389,1.2244669610888,1.2260699191751,1.22773504852462,1.22944494659745,1.23118386968906,1.23293786047029,1.23469485999906,1.23644470385673,1.23817905687496,1.23989127073761,1.24157619235687,1.2432299845675,1.24484987969778,1.24643401388078,1.247981247031,1.24949101273523,1.25096319282811,1.25239801366495,1.253795962056,1.25515771794882,1.25648410107613,1.25777602917153
51,1.2506011213566,1.30017702716041,1.26959991980621,1.26306030882407,1.25722196211999,1.25201599115928,1.24738803504872,1.24329433652951,1.23969697555425,1.23655881803447,1.23383969469032,1.23149535079243,1.22947917634255,1.22774525844916,1.22625115285051,1.22495951359235,1.22383860273903,1.22286202656542,1.22200809419135,1.2212590651797,1.2206004304002,1.22002028659093,1.21950881885976,1.21905788398265,1.21866067962114,1.21831148343328,1.21800544762976,1.21773843899831,1.21687975035829,1.2166199606329,1.21679035908196,1.21728926891008,1.21804980154045,1.21902453470181,1.22017740945518,1.22147917410634,1.22290473114985,1.2244316307057,1.22603929825661,1.22770873809591,1.22942251129969,1.23116486086974,1.23292183671733,1.23468140349141,1.23643343148772,1.23816962223385,1.23988337878671,1.24156959030183,1.24322445010525,1.2448452298173,1.24643009616647,1.24797793525976,1.24948820276976,1.25096079895763,1.25239596546714,1.25379420159329,1.25515619761104,1.25648278167709,1.25777487827763
52,1.25042584669034,1.30010947806579,1.26959237138828,1.26304914334845,1.25720631408661,1.25199511616154,1.24736132390322,1.24326133975884,1.23965744631096,1.23651276141099,1.2337873868799,1.23143730406296,1.2294160589394,1.227677802158,1.22618007767104,1.22488548110657,1.22376219515196,1.22278374299573,1.22192835629648,1.22117822669776,1.22051878752308,1.21993808766812,1.21942627285756,1.21897516756806,1.21857794298562,1.21822885502442,1.21792303796959,1.21765634379565,1.21680029362691,1.21654431459065,1.21671922712119,1.2172231000872,1.21798887960056,1.21896901521342,1.22012733431551,1.22143447783197,1.22286524525409,1.22439709860645,1.22600938191908,1.2276830432734,1.22940060877651,1.23114630918773,1.23290620228142,1.23466827648825,1.23642243240855,1.23816042460367,1.23987568601799,1.24156315123381,1.24321905185325,1.2448406938201,1.24642627377652,1.24797470341489,1.24948545997838,1.25095846168173,1.25239396501434,1.25379248157755,1.25515471164705,1.25648149158743,1.25777375259255
53,1.2502527143079,1.30004219145726,1.26958500614435,1.26303826481955,1.2571910645833,1.2519747631032,1.24733526550402,1.24322912925613,1.23961883431962,1.23646774498964,1.23373622949704,1.23138050258319,1.2293542656111,1.22761173391007,1.22611044157625,1.22481292791928,1.22368729817646,1.22270699408275,1.22185017116637,1.22109895421758,1.22043871986227,1.21985746983426,1.21934531100845,1.2188940360012,1.218496789876,1.21814780708585,1.21784220423078,1.21757581866184,1.21672236296522,1.21647013388545,1.21664948899802,1.2171582459455,1.21792918738697,1.21891463609301,1.22007830705509,1.2213907351633,1.22282661975848,1.22436333233004,1.22598014120772,1.22765793849578,1.22937921668848,1.23112819530306,1.23289094056059,1.23465546063942,1.23641170298593,1.23815144975803,1.23986817972549,1.24155686805086,1.24321378387131,1.24483626674349,1.24642254256254,1.24797154802616,1.24948278141791,1.2509561785201,1.25239201032074,1.25379080035586,1.25515325868353,1.25648022966967,1.2577726510462
54,1.25008166792411,1.29997516494658,1.26957783165501,1.26302766055838,1.25717619628369,1.2519549096957,1.24730983245149,1.24319767256856,1.23958110233245,1.23642372717326,1.23368617722237,1.23132489782515,1.22929374526359,1.22754700056205,1.22604218980627,1.22474179800805,1.22361385481476,1.2226317220863,1.2217734805081,1.2210211890491,1.2203601684604,1.21977837396542,1.21926587411767,1.21881443009246,1.21841716117093,1.21806828062458,1.21776288759015,1.21749680498907,1.21664590131568,1.21639736355518,1.21658109221543,1.21709465668395,1.21787067801234,1.21886135353187,1.22003028707512,1.2213479088071,1.22278881937213,1.22433030130701,1.22595154886679,1.22763339971225,1.22935831402503,1.23111050103283,1.23287603178857,1.2346429509599,1.23640122784415,1.23814268821618,1.23986085194944,1.24155073408702,1.24320864058424,1.24483194391754,1.24641889861617,1.24796846581867,1.24948016437613,1.25095394720237,1.25239009944669,1.25378915628996,1.25515183733278,1.25647899474477,1.25777157263357
55,1.24991265353488,1.2999083961884,1.26957083191401,1.26301731866303,1.25716169295055,1.25193553498259,1.24728499896341,1.24316693913671,1.23954421525114,1.23638066874156,1.23363718721893,1.23127044399066,1.22923444966087,1.22748355193039,1.22597527064085,1.22467203845219,1.22354181121856,1.22255787245176,1.22169822924106,1.22094487573341,1.22028307760122,1.21970074419264,1.21918790624688,1.21873629390609,1.2183390009992,1.21799021988477,1.21768503245855,1.21741924523146,1.21657085475843,1.21632595166578,1.21651398715239,1.21703228525447,1.21781330719722,1.21880912616877,1.21998323605655,1.22130596357623,1.22275181208979,1.22429797671702,1.2259235792111,1.2276094042677,1.22933788100332,1.23109320515768,1.23286146951639,1.23463073084644,1.23639099640344,1.23813413106598,1.23985369496433,1.24154474283093,1.24320361651317,1.24482772074455,1.24641533807464,1.24796545354114,1.2494776060541,1.25095176530599,1.25238823027385,1.2537875478401,1.25515044629038,1.25647778570423,1.2577705164096
56,1.24974561929276,1.29984188287861,1.26956399934645,1.26300722794831,1.25714753926421,1.25191661923777,1.24726074075273,1.24313690015261,1.23950813996704,1.23633853267466,1.23358921906759,1.23121709781198,1.22917633321702,1.22742134057655,1.22590963517925,1.22460359920844,1.22347111646156,1.2224853935803,1.22162436526533,1.22086996181015,1.22020739458009,1.21962452766342,1.21911135447681,1.21865957452479,1.21826225650395,1.21791357212045,1.21760858624249,1.21734309128128,1.21649717228545,1.21625584909299,1.2164481268899,1.21697108719227,1.21775703307165,1.21875791491194,1.21993711779362,1.22126486623537,1.22271556769276,1.22426633135946,1.22589620800921,1.22758593079848,1.22931789494782,1.23107629967181,1.23284723585096,1.23461878852975,1.23638099863682,1.23812576984985,1.23984670239473,1.24153888905642,1.24319870737887,1.24482359369891,1.24641185802151,1.24796250878129,1.24947510458542,1.25094963143667,1.25238640182004,1.25378597338412,1.25514908413447,1.25647660128806,1.25776948124407
57,1.24958051539094,1.29977562275277,1.26955732683105,1.26299737789084,1.25713372082104,1.25189814386193,1.2472370349164,1.2431075203494,1.23947284521574,1.23629728399519,1.23354223455873,1.23116481835177,1.22911935280666,1.22736032161124,1.22584523713962,1.22453643290665,1.22340172233227,1.22241423661947,1.22155183925066,1.22079639760508,1.22013306948941,1.21954967432868,1.21903616869414,1.2185842218363,1.21818687762974,1.2178382873809,1.21753349913748,1.21726829138177,1.21642480559463,1.21618700932343,1.21638346700868,1.21691102038042,1.21770181604593,1.21870768276521,1.21989189801273,1.22122458536033,1.22268005761961,1.22423533953563,1.22586941237723,1.22756295520932,1.22929834622949,1.23105976535359,1.2328333177561,1.23460711289862,1.23637122534667,1.23811759685983,1.23983986706634,1.24153316665146,1.24319390797857,1.24481955840773,1.24640845480548,1.2479596284957,1.24947265730959,1.25094754323824,1.25238461196741,1.2537844319908,1.25514775019507,1.2564754410563,1.25776846690227
58,1.24941729395513,1.29970961358469,1.26955080766566,1.26298775857935,1.25712022404385,1.25188009134836,1.24721385983432,1.2430787899371,1.23943830144465,1.23625688962133,1.23349619753572,1.2311135669186,1.22906346759209,1.22730045251582,1.22578203267592,1.22447049466318,1.22333358314474,1.22234435527188,1.22148060444382,1.2207241360365,1.2200600550244,1.21947613674817,1.21896230139669,1.21851018833873,1.21811281692804,1.21776431831653,1.21745972393238,1.21719479849474,1.21635370890178,1.21611938827295,1.21631996541512,1.21685204492807,1.21764761857444,1.21865839473419,1.2198475443643,1.22118509114355,1.22264525484834,1.22420497694153,1.22584317068196,1.2275404662132,1.22927921428994,1.23104358784287,1.23281970292339,1.23459569353463,1.23636166752582,1.23810960447858,1.23983318280831,1.24152757048881,1.24318921406731,1.24481561131222,1.24640512542408,1.24795681013863,1.24947026209723,1.25094549892757,1.25238285922097,1.25378292207072,1.25514644304156,1.25647430370161,1.25776747217022
59,1.24925590894254,1.29964385318511,1.26954443553599,1.26297836066937,1.25710703612189,1.25186244512336,1.24719119506614,1.24305067681956,1.23940448069215,1.23621731823443,1.23345107375197,1.23106330677895,1.22900863886524,1.22724169297899,1.22571998021055,1.22440574191033,1.2232666555655,1.2222757056204,1.22141061649225,1.22065313243808,1.21998830630527,1.21940386991223,1.21888970751509,1.21843742896235,1.21804002937933,1.21769162000148,1.21738721583259,1.21712256798951,1.2162838387673,1.21605294412045,1.21625758218201,1.21679412300347,1.21759440508108,1.21861001759121,1.21980402607828,1.22114635557041,1.2226111337888,1.22417522056979,1.22581745856673,1.22751844194259,1.22926048341496,1.23102775356651,1.23280637973894,1.234584520509,1.23635231684023,1.23810178570503,1.23982664375699,1.24152209565239,1.24318462152161,1.24481174896611,1.24640186699743,1.24795405130152,1.24946791693143,1.25094349681314,1.25238114215969,1.25378144242795,1.25514516166575,1.25647318837284,1.25776649632193
60,1.24909631604752,1.29957833940043,1.26953820448709,1.26296917534202,1.25709414495586,1.2518451895396,1.24716902131637,1.24302315801423,1.23937135647712,1.23617854015736,1.23340683074012,1.23101400312303,1.22895482988717,1.22718400474731,1.22565904028101,1.2243421342401,1.22320089845518,1.22220824596795,1.22134183328274,1.22058334439645,1.21991778071436,1.21933283107867,1.21881834424952,1.21836590090633,1.21796847223003,1.21762014977092,1.21731593229789,1.21705155748188,1.21621515394447,1.21598763715573,1.21619627940268,1.21673721869538,1.21754214179897,1.21856251984061,1.21976131401411,1.22110835181871,1.22257767011834,1.22414604862017,1.22579226433177,1.22749686533139,1.22924213873247,1.23101224802597,1.2327933371983,1.23457358448321,1.23634316539919,1.23809413389667,1.23982024433796,1.24151673747743,1.2431801264424,1.24480796811131,1.2463986768019,1.24795134970522,1.24946561990223,1.25094153529143,1.2523794594346,1.25377999192293,1.25514390510412,1.25647209425333,1.25776553868311
61,1.24893847261328,1.29951307011154,1.2695321088974,1.26296019426637,1.25708153910754,1.25182830979379,1.2471473202743,1.24299621174905,1.23933890369783,1.2361405272433,1.23336343769219,1.23096562290685,1.22890200582577,1.22712735148816,1.22559917539937,1.22427963326094,1.22313627272301,1.22214193669056,1.22127421479326,1.22051473160238,1.2198484377467,1.21926297962299,1.21874817091988,1.21829556348901,1.21789810484306,1.21754986707188,1.21724583289373,1.21698172668554,1.21614761522577,1.21592342963997,1.21613602105717,1.21668129788561,1.21749079665499,1.21851587156756,1.21971938050603,1.22107105453664,1.22254484098557,1.22411744032742,1.22576756579233,1.22747572020699,1.229224166155,1.23099706236726,1.23278056489665,1.23456287661321,1.23633420572812,1.23808664276548,1.23981397927843,1.24151149155171,1.24317572514152,1.24480426566554,1.24639555226021,1.24794870319229,1.24946336920068,1.25093961284193,1.25237780976516,1.25377856948128,1.25514267244901,1.25647102057457,1.25776459858223
62,1.24878233754919,1.29944804323279,1.26952614345502,1.2629514095651,1.25706920775377,1.25181179186857,1.24712607460746,1.24296981738046,1.23930709345333,1.2361032527736,1.23332086534952,1.23091813473577,1.22885013351359,1.2270716986638,1.22554034992318,1.2242182024661,1.22307274119341,1.22207674010238,1.22120772295695,1.22044725571391,1.21978023887273,1.2191942769008,1.21867914882808,1.21822637801028,1.2178288885603,1.21748073332614,1.21717687915449,1.21691303727602,1.21608118531512,1.21586028567738,1.21607677288927,1.21662632663151,1.21744033915728,1.2184700443394,1.21967819926596,1.2210344396414,1.22251262442851,1.22408937240311,1.2257433455074,1.22745499122998,1.2292065523252,1.23098218342124,1.23276805297339,1.23455238852058,1.23632543074863,1.23807930635774,1.23980784358653,1.24150635369829,1.2431714141275,1.24480063871067,1.24639249093196,1.24794610971909,1.24946116311267,1.25093772802633,1.25237619194016,1.25377717407372,1.25514146282735,1.25646996659359,1.25776367539135
63,1.24862787125334,1.29938325671086,1.26952030313605,1.26294281378308,1.25705714064426,1.25179562247916,1.24710526787797,1.24294395529882,1.23927591317894,1.23606669136399,1.2332790859017,1.23087150875753,1.22879918143418,1.22701701340392,1.22548252993668,1.2241578071126,1.22301026848306,1.22201262033152,1.22114232153694,1.2203808802305,1.21971314741194,1.21912668612128,1.21861124113137,1.21815830762495,1.21776078657622,1.21741271180401,1.21710903445766,1.21684545276529,1.21601582870728,1.21579817109727,1.21601850229343,1.2165722770514,1.21739074029393,1.21842501110988,1.21963774529424,1.22099848423689,1.22248099968428,1.22406183376782,1.22571958691392,1.22743466383863,1.22918928456809,1.23096760025639,1.23275579207767,1.2345421122622,1.23631683375163,1.23807211903142,1.23980183253232,1.24150131995973,1.24316719009234,1.24479708448176,1.24638949050462,1.24794356734988,1.24945900001449,1.25093587947726,1.25237460480672,1.25377580472768,1.25514027541484,1.25646893160961,1.25776276851284
64,1.24847503553986,1.2993187085239,1.26951458318477,1.26293439985852,1.25704532806287,1.25177978902439,1.24708488448334,1.24291860694216,1.23924533642065,1.23603081887834,1.23323807289355,1.23082571656366,1.22874911957987,1.22696326445135,1.22542568314148,1.2240984141097,1.2229488208878,1.22194954320561,1.221077976011,1.22031557037708,1.21964712841649,1.21906017223049,1.2185444127257,1.21809131722607,1.21769376382138,1.21734576750817,1.217042263908,1.21677893838628,1.21595151157252,1.21573705334534,1.21596117821055,1.21651911824956,1.21734197243912,1.21838074613089,1.21959799479743,1.22096316653784,1.22244994700275,1.22403480283579,1.22569627426963,1.22741472419808,1.22917235084575,1.23095330249426,1.23274377333449,1.23453204030126,1.23630840837268,1.23806507543523,1.23979594163021,1.24149638658328,1.24316304989931,1.24479360035733,1.24638654878564,1.24794107424761,1.24945687836464,1.25093406589913,1.25237304727263,1.25377446051981,1.25513910942857,1.2564679149567,1.25776187737837
65,1.24832379357065,1.29925439668055,1.26950897909542,1.26292616109656,1.25703376079214,1.25176427954172,1.24706490960207,1.24289375459839,1.23921534273965,1.2359956123492,1.23319780113938,1.2307807310987,1.22869991936594,1.22691042197494,1.22536977874729,1.22403999191609,1.22288836627824,1.22188747614632,1.22101465346521,1.22025129299706,1.21958214856385,1.21899470180383,1.21847863013793,1.21802537333736,1.21762778685491,1.21727986706634,1.21697653423054,1.21671346098636,1.21588820165355,1.2156769013834,1.21590477103188,1.21646682219915,1.21729400926654,1.21833722487115,1.21955892511245,1.22092846579993,1.22241944374495,1.22400826278558,1.22567339260049,1.22739515915347,1.22915573971606,1.23093928027345,1.23273198831359,1.23452216548051,1.23630014856923,1.23805817048947,1.23979016662281,1.24149155000757,1.2431589905718,1.24479018384922,1.24638366369381,1.24793862866934,1.24945479670062,1.25093228606197,1.2523715183008,1.25377314057318,1.25513796412475,1.25646691600197,1.2577610014476
66,1.24817410979132,1.2991903192191,1.26950348659549,1.26291809114528,1.25702243008056,1.25174908266578,1.24704532914345,1.24286938144399,1.23918591268199,1.23596104990455,1.2331582466439,1.23073652657629,1.22865155354031,1.22685845754747,1.22531478741641,1.22398251043658,1.22282887400335,1.22182638807186,1.22095232249568,1.2201880164535,1.2195181760576,1.21893024294658,1.21841386142645,1.21796044401369,1.21756282376522,1.21721497863225,1.21691181367184,1.21664898892891,1.21582586816961,1.21561768559674,1.21584925251025,1.21641536043655,1.21724682566947,1.21829442394114,1.21952051463667,1.22089436225509,1.22238947960033,1.22398219623513,1.22565092765212,1.22737595618678,1.22913944029471,1.2309255242164,1.23272042900078,1.23451248099782,1.23629204859977,1.23805139936837,1.23978450346613,1.24148680684988,1.24315500928262,1.24478683259455,1.24638083325269,1.24793622895963,1.24945275363321,1.25093053879732,1.25237001690586,1.25377184405443,1.25513683879641,1.25646593414371,1.25776014020671
67,1.24802594987089,1.29912647420666,1.26949810163043,1.26291018397214,1.25701132761253,1.25173418759027,1.2470261297014,1.2428454714651,1.23915702771739,1.23592711070011,1.23311938652917,1.23069307840182,1.22860399610255,1.22680734404095,1.22526068111338,1.22392594097156,1.22277031479498,1.22176624930686,1.22089095311766,1.22012571053773,1.21945518053569,1.21886676520206,1.21835007608915,1.21789649874919,1.21749884407818,1.21715107179402,1.21684807190864,1.2165854920022,1.21576448172628,1.2155593777085,1.215794595678,1.21636471088902,1.21720039768691,1.21825232102372,1.21948274276317,1.22086083698576,1.22236003373133,1.22395659050678,1.22562886584509,1.22735710337699,1.2291234422201,1.23091202539889,1.23270908777159,1.23450298038343,1.23628410300458,1.23804475748379,1.23977894831578,1.24148215389483,1.2431511033446,1.24478354434744,1.24637805558371,1.24793387354492,1.24945074784181,1.25092882299432,1.25236854215094,1.25377057017112,1.25513573277118,1.25646496880954,1.25775929316677
68,1.24787928064499,1.29906285973845,1.26949281171689,1.26290243384534,1.2570004454806,1.25171958403269,1.24700729851169,1.24282200939916,1.23912867018253,1.23589377485682,1.23308119896702,1.23065036310054,1.22855722222897,1.2267570555492,1.22520743307536,1.22387025607182,1.22271266071407,1.2217070314938,1.22083051668142,1.22006434638474,1.21939313298551,1.2188042394664,1.2182872449782,1.21783350839206,1.21743581867207,1.21708811748927,1.21678527996318,1.2165229413353,1.2157040142398,1.21550195070035,1.21574077477096,1.21631484746489,1.21715470243513,1.21821089480988,1.21944558982097,1.22082786842016,1.22233108984742,1.22393142968969,1.22560719423354,1.22733858936335,1.22910773562102,1.23089877532174,1.23269795736677,1.23449365747914,1.23627630658791,1.2380382404702,1.23977349751436,1.24147758808373,1.24314727020166,1.24478031697159,1.24637532889994,1.24793156092834,1.24944877807017,1.25092713759614,1.25236709314461,1.25376931816913,1.25513464540913,1.25646401945464,1.25775845986232
69,1.24773407006253,1.29899947393697,1.26948763020475,1.26289483531342,1.25698977615993,1.25170526220188,1.24698882341255,1.24279898070247,1.2391008232287,1.23586102340293,1.23304366311648,1.23060835825133,1.22851120820313,1.22670756731594,1.22515501772293,1.22381542951324,1.22265588502451,1.22164870753873,1.22077098579178,1.22000389639244,1.21933200566514,1.21874263790969,1.21822534022112,1.21777144506562,1.21737371969872,1.21702608792644,1.21672341012487,1.21646130931964,1.21564443885002,1.21544537873895,1.21568776515807,1.21626574686391,1.21710971804435,1.21817012493928,1.21940903701285,1.22079544668733,1.22230263233311,1.22390669985121,1.22558590046691,1.22732040331127,1.22909231108662,1.2308857658848,1.2326870308699,1.23448450641897,1.23626865440166,1.23803184417079,1.23976814757983,1.24147310650473,1.24314350742058,1.24477714843345,1.24637265150038,1.24792928968499,1.24944684312227,1.25092548136014,1.25236566876793,1.25376808733037,1.25513357610079,1.25646308556005,1.25775763984993
70,1.24759028308388,1.29893631495137,1.26948254523158,1.26288738318819,1.25697931248459,1.25169121276793,1.24697069280815,1.24277637149741,1.23907347077327,1.23582883822035,1.23300675906579,1.23056704242503,1.2284659313514,1.22665885566812,1.22510341059164,1.22376143621141,1.22259996216144,1.22159125149948,1.22071233424704,1.21994433415963,1.21927177202806,1.21868193390272,1.21816433514743,1.21771028209501,1.21731252051035,1.21696495651179,1.21666243587736,1.21640056953662,1.21558572985794,1.21538963710774,1.21563554327595,1.2162173867993,1.21706542359996,1.21812999194502,1.21937306639368,1.22076355170166,1.22227464648601,1.2238823876049,1.22556497275453,1.2273025348809,1.22907715963881,1.23087298936275,1.23267630168646,1.23447552161139,1.23626114173016,1.2380255646247,1.23976289519465,1.24146870638385,1.24313981268341,1.24477403679582,1.2463700217646,1.24792705835206,1.24944494173624,1.25092385389624,1.25236426886232,1.25376687678945,1.25513252426511,1.25646216663087,1.25775683270663
71,1.24744789774497,1.29887338095674,1.26947755348369,1.26288007252844,1.25696904762572,1.25167742683432,1.24695289563473,1.24275416853565,1.23904659743581,1.2357972019949,1.23297046777856,1.23052639512733,1.22842136998313,1.22661089795401,1.22505258826849,1.22370825215681,1.22254486765285,1.2215346385508,1.22065453695181,1.21988563439803,1.21921240666487,1.2186221019489,1.21810420422054,1.21764999393911,1.21725219559153,1.21690469778156,1.21660233183096,1.21634069669023,1.21552786265759,1.21533470214354,1.2155840865682,1.21616974593998,1.21702179908786,1.21809047720197,1.2193376607726,1.22073216776666,1.22224711800082,1.22385848043477,1.22554439975051,1.22728497419792,1.22906227270647,1.2308604383828,1.23266576352461,1.23446669772275,1.23625376407612,1.2380193980551,1.23975773719583,1.24146438507652,1.24313618378049,1.24477098016809,1.24636743809536,1.24792486588982,1.2494430731218,1.25092225392156,1.25236289232679,1.25376568643683,1.25513148934857,1.25646126219573,1.25775603802964
72,1.24730688108503,1.29881067015353,1.26947265180473,1.26287289050762,1.25695897507125,1.2516638959122,1.24693542132928,1.24273235916139,1.23902018857759,1.23576609817004,1.23293477104376,1.2304863967456,1.228377503335,1.22656367248556,1.22500252833279,1.22365585435452,1.2224905780589,1.22147884491224,1.22059756987065,1.2198277728882,1.21915388522398,1.21856311762096,1.21804492297441,1.21759055612723,1.21719272049596,1.2168452873388,1.21654307365971,1.21628166654426,1.21547081367498,1.21528055117492,1.21553337342896,1.21612280385686,1.21697882534375,1.21805156288124,1.21930280370697,1.22070127986263,1.22222003329672,1.22383496604705,1.22552417089308,1.22726771173896,1.2290476419751,1.2308481057386,1.23265541018024,1.23445802944366,1.23624651692093,1.23801334063494,1.23975267035534,1.24146013986892,1.24313261858306,1.24476797689519,1.24636489914659,1.24792271089759,1.24944123608942,1.2509206806234,1.2523615382151,1.25376451510678,1.25513047082205,1.25646037180382,1.25775525543349
73,1.24716720502969,1.2987481807669,1.2694678371862,1.26286584864346,1.25694908860712,1.25165061189639,1.24691825980044,1.24271093127716,1.23899423013048,1.23573551090398,1.23289965142922,1.23044702849951,1.22833431151929,1.22651715848485,1.22495320930112,1.22360422076807,1.22243707091401,1.22142384779051,1.2205414099645,1.21977072641248,1.21909618436511,1.21850495750051,1.21798646795454,1.21753194520007,1.21713407178755,1.21678670179466,1.21648463804274,1.21622345586398,1.21541456031115,1.21522716247908,1.21548338315032,1.21607654097284,1.21693648400588,1.21801323190227,1.2192684757391,1.22067087360878,1.22219337937347,1.2238118328146,1.22550427573409,1.22725073870206,1.22903325993962,1.23083598512433,1.23264523642189,1.23444951247806,1.23623939675901,1.23800738951172,1.23974769235066,1.24145596891593,1.24312911512973,1.24476502522553,1.24636240344451,1.24792059222281,1.24943942955802,1.25091913306476,1.25236020598473,1.25376336238551,1.25512946818061,1.25645949502495,1.2577544845504
74,1.24702884239265,1.29868591104613,1.26946310675862,1.26285893475567,1.25693938229987,1.25163756704317,1.24690140140138,1.24268987331214,1.23896870865755,1.2357054250296,1.23286509223835,1.23040827239497,1.22829177547569,1.22647133603408,1.22490461057601,1.22355333026707,1.22238432467449,1.22136962532572,1.22048603513639,1.21971447270185,1.2190392817008,1.21844759912978,1.21792881666299,1.21747413865482,1.21707622698556,1.21672891871357,1.21642700260972,1.21616604236168,1.2153590808893,1.2151745152109,1.21543409587331,1.21603093851618,1.21689475747103,1.21797546789433,1.21923466913687,1.22064093522795,1.22216714377958,1.22378906960134,1.22548470444124,1.22723404629831,1.22901911888359,1.23082406979983,1.2326352363905,1.23444114175643,1.23623239922566,1.23800154096945,1.2397428000119,1.2414518693674,1.24312567146482,1.24476212356359,1.2463599496076,1.24791850869581,1.24943765265386,1.25091761053193,1.25235889496441,1.25376222770478,1.2551284809417,1.25645863144794,1.25775372502878
75,1.24689176683778,1.2986238592641,1.26945845778336,1.26285214475175,1.2569298504804,1.25162475394965,1.24688483690468,1.2426691741926,1.23894361129247,1.23567582601727,1.23283107746973,1.23037011118126,1.22824987692627,1.22642618602903,1.2248567123981,1.22350316257838,1.22233231866865,1.22131615654125,1.22043142418118,1.21965899038497,1.2189831557453,1.21839102094909,1.21787194750708,1.21741711489384,1.21701916451332,1.21667191656218,1.21637014588984,1.21610940464591,1.21530435460512,1.21512258937031,1.2153854925385,1.2159859784771,1.21685362885349,1.21793825515715,1.21920136578453,1.22061145151371,1.22214131458238,1.2237666657437,1.22546544756838,1.22721762627368,1.22900521165914,1.23081235363363,1.23262540487081,1.23443291287396,1.23622552062987,1.23799579185163,1.23973799071117,1.24144783919972,1.24312228575624,1.24475927035678,1.24635753638181,1.24791645927581,1.24943590447355,1.2509161122645,1.25235760451233,1.25376111052126,1.25512750864385,1.25645778067952,1.25775297653228
76,1.24675595284329,1.29856202371675,1.26945388764506,1.26284547472132,1.25692048772895,1.25161216553451,1.2468685574789,1.24264882331434,1.23891892570825,1.23564669994005,1.23279759177956,1.23033252831099,1.2282085983336,1.22638169013559,1.22480949580146,1.22345369824052,1.22228103305051,1.22126342129691,1.22037755673799,1.21960425894062,1.21892778586689,1.21833520225759,1.21781583975146,1.21736085317675,1.21696286365048,1.21661567466159,1.21631404726427,1.2160535221741,1.21525036148073,1.21507136575327,1.2153375548601,1.21594164355885,1.2168130819467,1.21790157862509,1.21916855180163,1.22058240979959,1.22211588033995,1.22374461101202,1.22544649607331,1.22720147071721,1.22899153141439,1.23080083074546,1.23261573685671,1.2344248216001,1.23621875738919,1.23799013922822,1.2397332619989,1.24144387631196,1.24311895623938,1.24475646415116,1.24635516253896,1.24791444293371,1.24943418415296,1.25091463753512,1.25235633401455,1.25376001031513,1.25512655084552,1.25645694234334,1.25775223873899
77,1.24662137566774,1.29850040272253,1.2694493938445,1.26283892090977,1.25691128886106,1.25159979502011,1.24685255466672,1.24262881051711,1.23889464008802,1.2356180334148,1.23276462044646,1.23029550790273,1.22816792286153,1.22633783074907,1.22476294257186,1.22340491856105,1.22223044875652,1.22121140024513,1.22032441324618,1.21955025865328,1.21887315224313,1.21828012316615,1.21776047347339,1.21730533357571,1.21690730448822,1.21656017314277,1.21625868692165,1.21599837520817,1.2151970823215,1.21502082591009,1.21529026525738,1.21589791717762,1.21677310118754,1.21786542383351,1.21913621386459,1.22055379793035,1.22209083007579,1.22372289559794,1.22542784128528,1.227185572044,1.22897807157988,1.23078949549655,1.23260622754601,1.23441686386473,1.23621210610201,1.2379845802223,1.23972861146414,1.24143997868815,1.24311568123943,1.24475370354179,1.24635282690371,1.24791245868467,1.24943249086515,1.25091318564763,1.25235508288336,1.25375892658875,1.25512560712393,1.25645611607903,1.25775151134064
78,1.24648801131789,1.29843899462197,1.26944497399211,1.2628324797756,1.2569022489145,1.25158763375615,1.24683682036454,1.24260912606055,1.23887074309774,1.23558981368261,1.23273214933866,1.23025903470605,1.22812783433858,1.22629459095635,1.22471703520771,1.22335680557669,1.22218054746509,1.22116007478997,1.22027197490398,1.21949697057146,1.21881923581924,1.21822576455486,1.21770582952077,1.21725053693349,1.21685246788748,1.21650539290478,1.2162040458165,1.21594394477316,1.2151444986756,1.21497095210655,1.21524360683978,1.21585478336318,1.21673367162278,1.21782977688746,1.21910433917749,1.22052560423511,1.22206615325288,1.22370151008908,1.22540947488571,1.22716992297868,1.22896482585512,1.2307783424791,1.23259687233353,1.23440903577661,1.2362055634836,1.23797911207691,1.23972403680285,1.24143614440388,1.24311245914656,1.24475098718338,1.2463505280776,1.2479105053497,1.24943082361698,1.25091175571673,1.2523538503116,1.25375785859415,1.2551246770741,1.25645530154131,1.25775079404178
79,1.24635583651816,1.29837779777714,1.26944062580178,1.26282614787777,1.25689336312437,1.25157567984754,1.24682134680351,1.24258976060191,1.23884722386069,1.23556202840988,1.2327001648833,1.23022309406887,1.22808831722362,1.22625195450019,1.22467175688354,1.22330934201601,1.22213131155861,1.22110942704879,1.2202202236298,1.21944437646886,1.21876601826894,1.2181721080349,1.21765188947297,1.2171964448243,1.21679833543976,1.21645131557574,1.21615010563023,1.21589021261831,1.21509259279623,1.21492172728736,1.2151975633651,1.21581222677005,1.2166947788778,1.21779462077903,1.21907291544476,1.22049781750228,1.22204183975194,1.22368044544838,1.22539138888992,1.22715451653966,1.22895178819524,1.23076736650584,1.23258766680097,1.23440133341747,1.2361991262011,1.23797373197254,1.23971953563799,1.2414323714625,1.24310928828776,1.24474831367628,1.24634826570961,1.24790858262947,1.24942918213582,1.25091034762769,1.25235263634633,1.25375680652649,1.25512376012982,1.25645449820423,1.25775008634639
80,1.24622482868168,1.29831681057124,1.26943634708516,1.2628199219383,1.25688462696763,1.25156392515463,1.24680612653173,1.24257070517505,1.23882407193365,1.23553466577252,1.23266865403766,1.23018767190681,1.22804935657377,1.22620990574601,1.22462709141573,1.22326251126448,1.22208272408798,1.22105943981628,1.22016914202601,1.21939245880784,1.21871348195616,1.21811913591099,1.21759863560403,1.21714303951697,1.21674488943044,1.21639792347619,1.21609684873465,1.21583716118073,1.21504134760611,1.21487313504203,1.21515211920689,1.21577023264379,1.21665640912726,1.21775994991527,1.21904193084565,1.22047042695583,1.22201787984954,1.22365969299483,1.22537357562996,1.22713934602411,1.22893895279827,1.23075656259844,1.2325786066359,1.23439375366022,1.23619279171206,1.23796843784501,1.23971510629058,1.24142865849159,1.24310616753339,1.24474568207097,1.24634603816911,1.24790668919939,1.24942756537358,1.25090896042987,1.25235144009119,1.25375576952532,1.25512285634986,1.25645370622295,1.2577493884993
81,1.24609496588282,1.29825603140815,1.26943213574638,1.26281379881176,1.25687603605893,1.25155236398798,1.24679115239762,1.2425519511709,1.23880126938037,1.23550770947233,1.23263760426223,1.23015275467452,1.22801093801434,1.22616842965064,1.22458302323045,1.22321629733167,1.22203476873928,1.22101009653073,1.22011871334482,1.21934120070513,1.21866160990785,1.21806683114721,1.21754605084821,1.21709030394056,1.2166921128043,1.21634519958469,1.21604425815767,1.21578477355124,1.21499074666432,1.2148251595728,1.21510725932374,1.21572878678062,1.21661854906754,1.21772574834555,1.21901137401028,1.22044342223342,1.22199426419802,1.22363924438523,1.22535602773847,1.22712440499381,1.22892631409261,1.23074592597803,1.23256968796216,1.23438629272966,1.23618655676841,1.23796322691435,1.23971074639351,1.24142500348222,1.24310309517991,1.24474309096256,1.24634384459233,1.24790482430283,1.24942597264967,1.25090759354721,1.25235026106313,1.25375474718519,1.25512196509402,1.25645292496769,1.2577486998836
82,1.24596622683104,1.29819545871201,1.26942798977699,1.26280777548798,1.25686758621193,1.2515409908404,1.24677641753433,1.24253349031913,1.23877882218169,1.23548115837575,1.23260700346364,1.23011832933879,1.22797304771054,1.22612751173306,1.22453953733349,1.22317068482046,1.2219874298025,1.22096138124241,1.22006892145645,1.21929058589972,1.21861038576971,1.2180151773331,1.21749411876759,1.21703822165191,1.21663998913328,1.21629312750562,1.21599231755119,1.21573303344238,1.21494077413501,1.21477778371299,1.21506296923057,1.21568787550404,1.21658118589095,1.21769200417795,1.21898123399714,1.22041679336555,1.22197098380654,1.22361909159721,1.22533873813339,1.22710968726164,1.22891386672561,1.23073545204236,1.23256090673213,1.23437894734939,1.2361804186215,1.23795809688387,1.23970645402955,1.24142140484363,1.24310006992413,1.24474053925155,1.24634168403469,1.24790298714842,1.24942440330126,1.25090624642357,1.25234909879473,1.25375373910561,1.25512108602286,1.25645215419063,1.25774802029112
83,1.24583859084615,1.29813509092678,1.26942390725136,1.26280184907884,1.25685927340861,1.25152980044231,1.24676191534523,1.24251531467094,1.23875671334559,1.23545499712704,1.23257684010852,1.23008438335325,1.22793567234101,1.22608713804685,1.22449661928201,1.22312565889819,1.22194069214215,1.22091327858383,1.22001975081911,1.21924059872306,1.21855979378511,1.2179641586603,1.21744282352166,1.21698677680531,1.21658850258603,1.21624169143886,1.21594101116085,1.21568192515823,1.21489141475813,1.2147309966907,1.21501923497152,1.21564748563901,1.21654430726153,1.21765870596068,1.21895150027202,1.22039053075621,1.22194803002341,1.22359922691313,1.22532170000376,1.22709518687898,1.22890160554805,1.23072513641202,1.23255225920514,1.23437171436078,1.23617437461736,1.23795304552997,1.23970222734897,1.24141786103386,1.24309709046579,1.24473802584908,1.24633955558624,1.2479011769746,1.24942285668985,1.25090491851926,1.25234795283075,1.25375274492245,1.25512021882913,1.25645139359408,1.25774734947926
84,1.24571203783459,1.29807492651589,1.26941988632233,1.26279601681229,1.25685109379082,1.25151878773138,1.24674763949014,1.24249741658293,1.23873493395288,1.23542921561442,1.23254710297631,1.23005090463471,1.22789879907288,1.22604729515436,1.22445425515793,1.22308120526944,1.22189454116969,1.22086577374179,1.21997118645078,1.21919122406989,1.21850981876377,1.217913759882,1.21739214983747,1.21693595412387,1.2165376378994,1.21619087615129,1.21589032379765,1.21563143356616,1.21484265382183,1.21468478243568,1.21497604309462,1.21560760448792,1.21650790129219,1.21762584266081,1.2189221626882,1.22036462516461,1.2219253945194,1.22357964290515,1.22530490679615,1.22708089812386,1.22888952562356,1.23071497482239,1.23254374178028,1.23436459072133,1.23616842219774,1.23794807071377,1.23969806455916,1.2414143705516,1.24309415555158,1.24473554970846,1.24633745837186,1.2478993930486,1.24942133219897,1.25090360932543,1.25234682274346,1.25375176425321,1.25511936319356,1.25645064292343,1.2577466872241
85,1.2455865482671,1.29801496396181,1.26941592521707,1.26279027602654,1.2568430436522,1.25150794784193,1.2467335838726,1.24247978870199,1.23871347541923,1.23540380410165,1.2325177813037,1.23001788154078,1.22786241553837,1.22600797010241,1.22441243154293,1.22303731015051,1.22184896281754,1.2208188524311,1.21992321390272,1.21914244737224,1.21846044605506,1.21786396629535,1.21734208298848,1.21688573887261,1.21648738035159,1.21614066695001,1.21584024081122,1.21558154407022,1.21479447713654,1.21463912731773,1.21493338062781,1.21556821980783,1.21647195652333,1.21759340364416,1.21889321146779,1.22033906768802,1.2219030692721,1.22356033242101,1.22528835220214,1.22706681548922,1.22887762218352,1.23070496319721,1.23253535099154,1.23435757350251,1.23616255890127,1.2379431703693,1.239693963932,1.24141093195363,1.24309126397656,1.24473310982315,1.24633539154906,1.24789763466449,1.24941982924096,1.25090231833783,1.25234570810739,1.25375079674864,1.25511851881636,1.25644990191996,1.25774603330441
86,1.24546210315724,1.29795520176574,1.26941202223333,1.26278462416461,1.25683511943064,1.25149727609574,1.24671974262773,1.24246242395105,1.23869232947893,1.23537875320987,1.23248886471851,1.22998530284898,1.22782650981275,1.22596915039941,1.22437113549491,1.22299396024535,1.2218039435146,1.22077250086983,1.21987581923445,1.21909425457402,1.2184116615227,1.21781476371338,1.21729260875934,1.21683611683322,1.21643771573682,1.2160910496571,1.21579074806465,1.21553224258599,1.21474687101059,1.21459401818586,1.21489123505127,1.21552931978904,1.2164364619027,1.21756137865646,1.21886463718421,1.22031384974564,1.22188104655119,1.22354128857077,1.22527203014621,1.22705293367481,1.22886589064725,1.23069509761259,1.23252708350299,1.23435065988575,1.23615678235635,1.23793834250904,1.23968992380566,1.24140754385202,1.24308841458187,1.24473070522466,1.24633335430998,1.24789590114582,1.24941834724263,1.25090104507842,1.25234460851955,1.25374984206493,1.25511768540534,1.2564491703345,1.25774538750707
87,1.24533868404109,1.2978956384472,1.26940817573581,1.26277905587279,1.25682731770108,1.25148676799238,1.24670611011098,1.24244531551575,1.2386714881695,1.23535405390063,1.23246034322127,1.22995315771977,1.22779107039358,1.22593082399378,1.2243303545258,1.22295114272294,1.22175947016327,1.22072670575596,1.21982898899029,1.21904663210738,1.21836345152099,1.21776613844111,1.21724371342979,1.2167870742794,1.21638863034155,1.21604201058578,1.21574183191079,1.21548351551705,1.21469982222711,1.21454944234617,1.21484959429928,1.2154908930254,1.21640140317291,1.21752975780555,1.2188364306862,1.22028896306337,1.22185931890462,1.22352250471431,1.22525593477534,1.22703924757301,1.22885432660327,1.23068537429036,1.23251893610295,1.2343438471571,1.23615109028094,1.2379335852207,1.23968594258124,1.24140420491149,1.24308560625238,1.24472833498238,1.24633134587399,1.24789419183792,1.24941688565674,1.25089978908559,1.2523435235893,1.25374889987109,1.25511686267912,1.25644844792708,1.25774474962669
88,1.24521627295784,1.29783627254369,1.26940438415282,1.26277357459199,1.25681963516876,1.2514764192004,1.24669268088743,1.2424284568318,1.23865094381739,1.23532969745987,1.23243220716779,1.22992143575245,1.22775608618114,1.22589297925369,1.2242900765807,1.22290884519588,1.22171553011769,1.22068145424547,1.2197827101771,1.21899956687039,1.21831580287244,1.21771807725313,1.21719538374963,1.21673859795753,1.21634011092118,1.21599353651811,1.21569347916988,1.21543534973263,1.21465331802243,1.21450538754063,1.21480844670114,1.21545292853863,1.21636677716181,1.21749853152374,1.21880858334975,1.22026439965957,1.22183787910292,1.22350397444952,1.22524006044715,1.22702575226318,1.22884292580144,1.23067578959128,1.23251090569824,1.23433713270365,1.23614548047823,1.23792889666364,1.23968201621003,1.24140091384677,1.24308283791539,1.24472599819899,1.24632936549102,1.24789250611263,1.24941544395493,1.25089854991416,1.25234245294054,1.25374796984837,1.25511605036668,1.25644773446648,1.25774411946534
89,1.24509485243128,1.29777710261037,1.26940064597311,1.26276817514156,1.25681206866294,1.25146622554938,1.24667944970376,1.24241184157319,1.23863068902436,1.23530567548279,1.23240444725281,1.22989012684491,1.22772154646001,1.22585560494787,1.22425029001813,1.22286705570024,1.22167211116331,1.22063673393149,1.2197369702434,1.21895304620596,1.21826870284658,1.21767056737239,1.21714760691786,1.21669067506006,1.21629214468234,1.21594561468292,1.21564567710843,1.21538773254661,1.21460734606554,1.21446184192854,1.21476778099236,1.2154154156858,1.21633257042368,1.21746769064853,1.21878108659873,1.22024015177281,1.22181672031375,1.22348569160131,1.22522440172113,1.22701244300159,1.22883168414547,1.23066634000858,1.23250298930902,1.23433051400869,1.2361399508326,1.23792427506535,1.23967814824063,1.24139766942061,1.2430801085373,1.2447236940112,1.24632741243894,1.24789084336432,1.2494140216283,1.25089732713539,1.25234139621102,1.25374705168972,1.2551152482069,1.25644702972986,1.25774349683216
90,1.24497440545217,1.29771812721974,1.26939695974291,1.26276285533416,1.25680461513082,1.25145618302254,1.24666641155476,1.24239546364101,1.23861071665473,1.23528197985962,1.23237705449443,1.22985922126818,1.2276874408691,1.22581869022753,1.22421098359143,1.2228257626766,1.22162920149746,1.22059253282482,1.21969175705959,1.21890705788194,1.21822213913996,1.21762359645016,1.21710037056215,1.21664329320972,1.21624471925687,1.21589823273937,1.21559841341871,1.2153406516977,1.2145618944388,1.2144187940659,1.21472758628789,1.21537834420114,1.2162987733296,1.21743722623513,1.21875393227209,1.22021621213635,1.2217958357796,1.22346765021096,1.22520895334889,1.22699931521326,1.22882059768574,1.23065702216187,1.23249518406345,1.23432398864709,1.23613449930571,1.23791971871834,1.23967433472497,1.24139447044086,1.24307741712284,1.24472142158742,1.2463254860218,1.24788920300954,1.24941261818661,1.25089612033623,1.25234035305166,1.25374614509923,1.25511445594805,1.25644633350235,1.2577428815431
91,1.24485491546139,1.29765934496129,1.26939332406313,1.26275761306387,1.25679727163203,1.25144628774828,1.2466535615541,1.24237931715291,1.23859101982327,1.23525860276218,1.23235002021955,1.22982870962485,1.22765375943783,1.22578222460935,1.2241721464312,1.22278495495201,1.22158678971118,1.22054883933538,1.21964705889928,1.21886159007237,1.21817609985736,1.21757715254712,1.21705366272027,1.21659644043923,1.21619782268769,1.21585137875209,1.21555167620284,1.21529409533015,1.21451695161967,1.21437623288935,1.21468785206525,1.21534170416155,1.2162653766019,1.21740712968677,1.21872711247139,1.220192573407,1.22177521904951,1.22344984452646,1.22519371026537,1.22698636448416,1.22880966261254,1.23064783279127,1.23248748719262,1.23431755428107,1.23612912393286,1.23791522597691,1.23967057428741,1.24139131575886,1.2430747627129,1.24471918012615,1.24632358556895,1.24788758448603,1.24941123315735,1.25089492911854,1.25233932312598,1.25374524979157,1.25511367334742,1.25644564557673,1.2577422734206
92,1.24473636633388,1.29760075444121,1.26938973760765,1.26275244630238,1.25679003533326,1.25143653599531,1.24664089501107,1.24236339643321,1.2385715918839,1.23523553663119,1.23232333605007,1.22979858283433,1.22762049248952,1.22574619794658,1.22413376802868,1.22274462172308,1.22154486477188,1.22050564225472,1.21960286442164,1.21881663133966,1.21813057349384,1.21753122411548,1.21700747182207,1.2165501051734,1.21615144340934,1.21580504117806,1.21550545394981,1.21524805197832,1.21447250646343,1.2143341476991,1.21464856814872,1.21530548597283,1.21623237127028,1.2173773926916,1.21870061956329,1.22016922869413,1.22175486386005,1.22343226899304,1.22517866758052,1.22697358655389,1.22879887524967,1.23063876875186,1.23247989602579,1.2343112086561,1.23612382281965,1.23791079525438,1.23966686560177,1.24138820426728,1.24307214438284,1.24471696885479,1.24632171043386,1.24788598725176,1.24940986608499,1.25089375309842,1.25233830610951,1.25374436549161,1.25511290017087,1.25644496575309,1.25774167229333
93,1.24461874236328,1.29754235428211,1.26938619904402,1.26274735309531,1.2567829035033,1.25142692416484,1.24662840739993,1.24234769600349,1.23855242641885,1.23521277416426,1.23229699388978,1.22976883211903,1.22758763067849,1.2257106004694,1.2240958382135,1.22270475253983,1.22150341600705,1.22046293073951,1.21955916265471,1.21877217061784,1.21808554891794,1.21748579998206,1.21696178667252,1.21650427621222,1.21610557023116,1.21575920884824,1.21545973552286,1.21520251054582,1.21442854818688,1.21429252814315,1.2146097246943,1.21526968035353,1.21619974865865,1.21734800720983,1.2186744461708,1.220146171292,1.22173476419511,1.22341491824447,1.22516382057149,1.22696097730877,1.22878823204842,1.23062982700844,1.23247240798592,1.2343049495971,1.23611859413859,1.23790642502034,1.23966320738902,1.2413851348981,1.24306956124093,1.24471478702816,1.24631985999299,1.2478844107839,1.24940851653012,1.25089259190556,1.25233730168918,1.25374349193384,1.25511213619249,1.25644429383845,1.25774107799587
94,1.24450202590495,1.29748414312271,1.26938270712313,1.26274233155876,1.25677586572866,1.25141744878486,1.24661609435244,1.2423322105738,1.23853351722859,1.23519030830461,1.23227098591206,1.22973944899106,1.22755516496862,1.22567542267808,1.2240583471677,1.22266533728606,1.22146243308877,1.22042069429587,1.2195159429796,1.2187281971966,1.2180410153557,1.21744086933225,1.21691659643573,1.21645894271483,1.21606019232123,1.2157138709516,1.2154145101422,1.21515746029314,1.21438506635285,1.21425136420242,1.21457131217552,1.21523427832307,1.21616750037306,1.21731896546441,1.21864858514986,1.22012339471245,1.22171491422381,1.22339778709466,1.22514916467516,1.22694853277529,1.22877772958179,1.23062100463057,1.23246502058537,1.23429877500483,1.2361134361262,1.2379021137981,1.23965959841505,1.24138210662095,1.24306701242685,1.24471263392738,1.24631803364475,1.24788285457803,1.24940718406876,1.2508914451826,1.25233630956289,1.25374262886203,1.25511138119415,1.25644362964654,1.25774049036851
95,1.24438620670244,1.29742611961754,1.26937926068409,1.26273737987606,1.25676893486225,1.25140810650439,1.24660395165085,1.24231693503422,1.23851485832215,1.23516813223027,1.23224530454818,1.22971042523983,1.2275230866169,1.22564065539874,1.22402128536321,1.22262636618502,1.2214219060191,1.22037892276452,1.21947319511555,1.21868470070628,1.21799696237547,1.21739642169485,1.21687189061972,1.21641409418432,1.21601529919122,1.21566901702002,1.21536976736987,1.21511289082125,1.21434205085557,1.21421064617665,1.21453332136991,1.21519927118854,1.21613561828927,1.21729025992983,1.21862302959967,1.22010089268473,1.22169530830756,1.22338087052985,1.22513469548117,1.22693624911389,1.22876736453913,1.23061229878791,1.23245773142196,1.23429268285245,1.23610834708003,1.2378978601622,1.23965603748872,1.24137911844132,1.24306449711024,1.24471050885859,1.24631623080848,1.24788131814726,1.24940586829163,1.25089031258457,1.25233532943897,1.25374177602874,1.25511063496526,1.25644297299741,1.25773990925695
96,1.24427126790642,1.29736828243668,1.26937585852104,1.2627324962947,1.256762100836,1.25139889408812,1.24659197522117,1.24230186444698,1.23849644390809,1.235146239344,1.23221994247626,1.22968175292024,1.22749138716098,1.2256062897503,1.22398464358532,1.2225878297516,1.2213818251162,1.22033760630678,1.2194309091057,1.21864167110357,1.21795337987365,1.21735244692771,1.21682765906204,1.21636972045336,1.21597088068204,1.21562463691387,1.21532549709551,1.21506879205749,1.21429949190682,1.21417036467101,1.21449574334627,1.21516465053253,1.21610409454171,1.21726188332146,1.21859777280023,1.22007865913922,1.22167594099184,1.22336416370112,1.22512040872525,1.22692412261314,1.22875713372102,1.23060370674581,1.23245053817516,1.23428667118232,1.23610332535597,1.23789366273619,1.23965252345984,1.24137616939897,1.24306201448938,1.24470841115184,1.24631445092353,1.24787980102142,1.24940456880354,1.25088919377832,1.25233436103571,1.25374093319499,1.25510989730236,1.25644232371722,1.25773933451209
97,1.24415719534487,1.29731063026553,1.2693724995278,1.26272767912345,1.2567553612825,1.25138980841121,1.24658016112691,1.24228699403901,1.23847826838588,1.23512462326365,1.23219489261075,1.22965342434144,1.22746005840738,1.22557231713228,1.22394841290923,1.22254971880595,1.22134218100118,1.22029673539123,1.21938907530366,1.21859909865795,1.21791025806104,1.21730893520409,1.21678389191612,1.21632581167051,1.21592692695018,1.21558072080852,1.21528168952279,1.21502515424205,1.21425738002274,1.21413051058347,1.21445856945259,1.21513040820176,1.2160729215127,1.21723382858554,1.21857280837369,1.22005668814748,1.22165680699831,1.22334766191738,1.22510630028295,1.22691214968419,1.2287470340344,1.2305952258611,1.23244343860245,1.23428073810296,1.23609836936566,1.23788952019039,1.23964905521746,1.24137325856641,1.24305956378991,1.24470634016006,1.24631269344836,1.24787830274641,1.24940328522269,1.25088808844198,1.25233340408093,1.25374010012985,1.25510916800882,1.25644168163795,1.25773876598982
98,1.24404397519729,1.29725316180448,1.26936918262272,1.26272292672961,1.25674871391532,1.25138084645449,1.24656850556307,1.24227231919478,1.23846032633773,1.23510327781304,1.23217014809252,1.22962543205621,1.22742909242038,1.22553872921343,1.22391258468808,1.22251202445329,1.22130296457973,1.22025630078106,1.21934768436079,1.21855697393889,1.21786758744993,1.21726587699968,1.21674057963829,1.21628235828735,1.21588342845479,1.21553725918135,1.21523833515653,1.21498196791521,1.21421570601134,1.21409107509272,1.21442179130449,1.21509653276883,1.2160420918222,1.21720608888913,1.21854812998675,1.22003497414612,1.22163790121745,1.22333136063866,1.2250923631131,1.22690032379575,1.22873706248805,1.23058685357813,1.23243643053603,1.23427488178613,1.23609347757404,1.23788543123991,1.23964563168805,1.24137038504748,1.2430571442636,1.244704295258,1.24631095785969,1.24787682288337,1.24940201718016,1.25088699626451,1.25233245831156,1.25373927661009,1.25510844689456,1.25644104659716,1.25773820355077
99,1.24393159398285,1.29719587576869,1.2693659067616,1.26271823753641,1.25674215652552,1.25137200529987,1.24655700485051,1.24225783544963,1.23844261252091,1.23508219701337,1.23214570227944,1.22959776885098,1.22739848151135,1.22550551791964,1.22387715054162,1.22247473807182,1.2212641670555,1.22021629352207,1.21930672721407,1.21851528780365,1.21782535884192,1.21722326308041,1.21669771297557,1.21623935104611,1.21584037594541,1.21549424279954,1.21519542479048,1.2149392239051,1.2141744609607,1.21405204964679,1.21438540077439,1.21506302358664,1.21601159831804,1.21717865761182,1.21852373157932,1.22001351154841,1.22161921864879,1.22331525243257,1.22507859942262,1.2268886476763,1.2287272131179,1.23057858742507,1.23242951187951,1.23426910046414,1.23608864849706,1.23788139464262,1.23964225183392,1.24136754797592,1.24305475518726,1.24470227584133,1.24630924365174,1.24787536100812,1.24940076431929,1.2508859169452,1.25233152347328,1.25373846241988,1.25510773377577,1.25644041843773,1.25773764706013
100,1.24382003143753,1.29713877088787,1.26936267093603,1.26271361002058,1.25673568697823,1.25136328212598,1.24654565543057,1.2422435384834,1.23842512186039,1.23506137507499,1.23212154873742,1.22957042773611,1.22736821822876,1.22547267542532,1.2238421023454,1.22243785130213,1.2212257798781,1.22017670493135,1.21926619507457,1.21847403138569,1.21778356331622,1.2171810844907,1.21665528295389,1.21619678096803,1.2157977604503,1.21545166270844,1.21515294949578,1.21489691331618,1.21413363622767,1.21401342595222,1.21434938998109,1.21502986974794,1.21598143406671,1.21715152833494,1.21849960726932,1.21999229501791,1.22160075462449,1.22329933902345,1.22506500245331,1.2268771150464,1.2287174892326,1.23057042501031,1.23242268060493,1.23426339242721,1.23608388069951,1.2378774091974,1.23963891465168,1.24136474651418,1.2430523958616,1.24470028132569,1.24630755033542,1.24787391671047,1.2493995262952,1.25088485019322,1.25233059932009,1.25373765735043,1.25510702847463,1.25643979700763,1.25773709638746
