p_bar,of_1,of_1_5,of_2,of_2_1,of_2_2,of_2_3,of_2_4,of_2_5,of_2_6,of_2_7,of_2_8,of_2_9,of_3,of_3_1,of_3_2,of_3_3,of_3_4,of_3_5,of_3_6,of_3_7,of_3_8,of_3_9,of_4,of_4_1,of_4_2,of_4_3,of_4_4,of_4_5,of_5,of_5_5,of_6,of_6_5,of_7,of_7_5,of_8,of_8_5,of_9,of_9_5,of_10,of_10_5,of_11,of_11_5,of_12,of_12_5,of_13,of_13_5,of_14,of_14_5,of_15,of_15_5,of_16,of_16_5,of_17,of_17_5,of_18,of_18_5,of_19,of_19_5,of_20
1,456.925131912853,456.372451788341,407.670371147735,399.112315839255,391.397313544841,384.422391489536,378.102324179706,372.363220467459,367.137323166365,362.361531181233,357.978369783581,353.937223015478,350.194752913,346.714453415891,343.465763483811,340.423103263871,337.564947427523,334.873056300454,332.331849420407,329.92790555143,327.649580142062,325.486685458918,323.43024381167,321.472307695648,319.605794704697,317.824351809722,316.122270393242,314.494388452405,307.31775682484,301.440444416775,296.55742010396,292.455917660809,288.981966760322,286.020933484274,283.485468827865,281.307679655619,279.433867794011,277.820859641954,276.433396166594,275.242225446493,274.22269682653,273.353699807039,272.616872460072,271.996010163959,271.476639856927,271.045720172599,270.691439877346,270.403105714407,270.171067769543,269.986681698923,269.842278476227,269.731134822399,269.647422217557,269.586151962078,269.543102164236,269.514737473688,269.498125278057,269.490852918816,269.490949484464
1.01325,456.917781631791,456.370997422384,407.654664491879,399.091802108572,391.37230614005,384.39333225171,378.069708414093,372.327567661991,367.099155094916,362.321344878055,357.936612958973,353.894280205373,350.150943466626,346.670033806302,343.420948005164,340.378054991095,337.519798622793,334.827912306689,332.28679427912,329.883006437141,327.604890916595,325.442249388132,323.38609563042,321.428475389759,319.562300838729,317.781214461326,316.079504104598,314.452004856458,307.27739159429,301.402167074206,296.521231485683,292.421794386854,288.949878809829,285.990850957398,283.45736391905,281.281526311929,279.409640292565,277.798530464921,276.412933720893,275.223591392637,274.205843820245,273.33856944413,272.603393859623,271.98409940392,271.466200427821,271.036644529016,270.683611957849,270.396404251163,270.165369947872,269.98186679448,269.838231088808,269.727747425276,269.64459691256,269.583801416079,269.541149837311,269.513117291129,269.49678091643,269.489736863031,269.490021983676
2,456.384625507997,456.279442380168,406.908692687961,398.100330444956,390.145848816054,382.950845253246,376.434362881983,370.524944079214,365.155945579841,360.263777569749,355.78889338817,351.677593710648,347.883108496805,344.365658121545,341.091827031478,338.033636076932,335.167625676155,332.474004700629,329.935966994922,327.53912037558,325.271036663326,323.12091611953,321.079296082247,319.137832892319,317.289124844541,315.526569501498,313.844250226308,312.236831066109,305.169023742468,299.405225605766,294.636352909366,290.648130662206,287.286098402718,284.435523185644,282.009075831889,279.938869036648,278.171115990889,276.662442905238,275.377254519117,274.285828179404,273.362923671901,272.586751324237,271.938225022173,271.400427123618,270.958243487419,270.598120929357,270.307917882423,270.07680573577,269.895211238017,269.754752931136,269.648177409865,269.569283943694,269.512829238075,269.474429771408,269.450455811114,269.437927475827,269.434416381776,269.437955908879,269.446961729997
3,455.870363062552,456.200240850927,406.524213434982,397.574534424,389.479424048683,382.150904761982,375.511861886512,369.493377808459,364.030505216962,359.06027205084,354.522581968182,350.362276291956,346.530670126894,342.98600168877,339.693033570676,336.622233166527,333.748850606028,331.052053576365,328.514202424144,326.120242357823,323.857225469937,321.713929997762,319.680558880975,317.748503043509,315.91013949258,314.1586943786,312.488107099124,310.892931639942,303.891206128353,298.197350037487,293.499420637812,289.582000983911,286.290193876961,283.509092831199,281.151266378043,279.1487218994,277.44751413481,276.004024698712,274.782337377126,273.7523358151,272.888325972488,272.168043049004,271.571938146921,271.082685652099,270.68485628746,270.364703923108,270.110030031064,269.910089490552,269.755506020564,269.638193233029,269.551258652122,269.488889712863,269.446240950078,269.419311324942,269.404825246219,269.400120704388,269.403047755018,269.411879037158,269.425232742173
4,455.379333927693,456.125752722861,406.277840041457,397.231519680874,389.037700987153,381.613380619218,374.884671886696,368.784964038467,363.25100032579,358.220728666273,353.63404970944,349.435012030801,345.573673899871,342.006870459972,338.698024211823,335.616423842595,332.736335826687,330.036126169939,327.497510171772,325.104910830524,322.844973025025,320.706147473945,318.678375362626,316.752835066561,314.921740133307,313.178179830956,311.515976920146,309.929597990582,302.975861047711,297.333312819558,292.687727064892,288.822744816297,285.58306183214,282.853579326467,280.546744724984,278.594419373622,276.942480976477,275.54707997123,274.372005210144,273.386804794959,272.565422225129,271.885232336,271.326359561062,270.871216423248,270.504201208924,270.211499592466,269.980951140756,269.80194535009,269.665317891881,269.563248579913,269.489140476684,269.437484955414,269.403731680984,269.384154340121,269.375724797682,269.375998271635,269.383011693158,269.395195942026,269.411301566122
5,454.909143434084,456.053653128749,406.101289157051,396.982538987117,388.713285438611,381.214500988655,374.415048856768,368.250363405372,362.658784616892,357.57926577002,352.951955695166,348.720467290483,344.833971691807,341.248235959673,337.925623804637,334.83447390097,331.948247137631,329.244647018376,326.704850655466,324.312859024109,322.054974061104,319.919367515923,317.895765372162,315.975170755936,314.149656062128,312.412193692335,310.756519396921,309.177023750748,302.261144839995,296.65940446418,292.055626968249,288.232639883765,285.034767951457,282.346719201191,280.080793361052,278.168714489965,276.556172107934,275.199096959711,274.061014537536,273.111181167482,272.323239437672,271.67427909706,271.144181673678,270.71518258779,270.371584922451,270.099567655541,269.887048051468,269.723563870408,269.60015587361,269.509235888805,269.444456288498,269.400554796199,269.37321378703,269.358918897199,269.35482958566,269.358663427441,269.36859542569,269.383172288554,269.401240717566
6,454.457791721746,455.983040591207,405.966143419414,396.790056262209,388.460148345335,380.900660913397,374.042831216929,367.823918963266,362.183732565447,357.062240556635,352.399987196117,348.140357639632,344.231874481974,340.629450587531,337.294580976517,334.194806531096,331.302903501221,328.596008155051,326.054837259065,323.663021996718,321.406565809279,319.273412789509,317.253090556675,315.336453632226,313.515452049766,311.782959217431,310.132630457932,308.558788089781,301.674263563084,296.106539233245,291.537739002134,287.749957597634,284.587175901056,281.933910175499,279.702314429784,277.823961199894,276.24437082741,274.919257142523,273.811908692022,272.891324937334,272.130892945635,271.507470453454,271.00075262107,270.592852256255,270.268023936558,270.01247385942,269.814214959499,269.662935363536,269.549863788911,269.467620096839,269.410069529959,269.372155776864,269.349752043044,269.339515103953,269.338754013608,269.345314514248,269.357479715266,269.373886412539,269.393455704624
7,454.023576415568,455.913462172014,405.85805062524,396.634884398138,388.254522128602,380.64395270818,373.736483698693,367.471010605902,361.788704137974,356.630527894871,351.937490484323,347.652891984199,343.724763609839,340.107333707405,336.761350961907,333.653671546075,330.756474798312,328.046398985058,325.503754924497,323.111846786646,320.856416013416,318.725194278499,316.707550036375,314.794193793568,312.976970102041,311.248664402303,309.602860522401,308.033822426697,301.176100787216,295.637623973936,291.098987709657,287.34161900072,284.20917372555,281.585985797194,279.384061782989,277.534822307913,275.983619338502,274.685968776659,273.604939978339,272.709303821202,271.972226585472,271.370373478306,270.883293791834,270.493015106892,270.18377373159,269.941822992341,269.755279434901,269.61397758341,269.509319758053,269.434111607608,269.382403935656,269.349316672197,269.330883941191,269.323905150694,269.325812850751,269.334557780364,269.348511061667,269.366382472416,269.38715312257
8,453.605031725238,455.844709530212,405.768856471436,396.505994908165,388.082614313505,380.428064157091,373.477466798949,367.171197159132,361.45168619178,356.26085954331,351.540231970353,347.233114395111,343.287167499251,339.656039558464,336.299847484041,333.184847306877,330.282678452977,327.569538463209,325.02537382679,322.633194440563,320.378505572588,318.248849726131,316.233440954766,314.32287651118,312.508893763975,310.784201736325,309.142319597728,307.577458519396,300.743175013529,295.230403382227,290.718346210124,286.987811861654,283.882157596278,281.285528740967,279.109788861009,277.286212178276,275.759984094585,274.486441120057,273.428443391987,272.554558351157,271.837759591516,271.254549991717,270.784363280365,270.409168645058,270.113204622222,269.882783747064,269.706129025939,269.57321546544,269.475605780429,269.406272954818,269.359431812057,269.330355807986,269.315217630396,269.310938359789,269.3150551078,269.325606968639,269.341038762704,269.36012113482,269.381885093948
9,453.20088424637,455.77662050561,405.693499658906,396.396496488686,387.935759233022,380.242676514886,373.253993255397,366.911426002397,361.158574568469,355.938288758278,351.192611860542,346.864933910546,342.902634143878,339.258873118752,335.893210946253,332.771363056441,329.864499469234,327.148406674247,324.602702613736,322.210128902624,319.955975138353,317.827610890914,315.81411149464,313.905959998857,312.09481212041,310.373295454953,308.734872915889,307.173707295916,300.360268727815,294.870461802584,290.382203994725,286.675728702491,283.59410373218,281.021296704557,278.869028290101,277.068429325318,275.564526830027,274.312480367134,273.274965699524,272.42036050131,271.721469210118,271.154656713075,270.699264418436,270.337223028702,270.052787657872,269.832337455045,269.664202010796,269.538490294725,269.446913595076,269.382596796818,269.339901372927,269.314236419633,269.301895891614,269.299906543756,269.30589573779,269.317978449489,269.334662537821,269.35477054237,269.377375905939
10,452.810019305195,455.709105226391,405.628653719362,396.301823143635,387.808169328079,380.08086811689,373.058120546009,366.682868983455,360.899800627334,355.652650386926,350.884000526319,346.537370033487,342.55992583514,338.90441201722,335.529895838216,332.401608090711,329.490284979119,326.771343686922,324.224098039091,321.831042581862,319.577267977858,317.449984116777,315.438138156253,313.532110051782,311.72346976952,310.004785441187,308.369457018816,306.811605334708,300.016947231153,294.547921336827,290.081240652274,286.396601060961,283.336794017556,280.785614225647,278.654641975366,276.874868027102,275.391166797058,274.158531195185,273.139462206136,272.302167404511,271.619299747875,271.067105672786,270.624852673697,270.27444811515,270.00017396421,269.788480462454,269.627802409772,269.50837620806,269.422050218821,269.362091216577,269.322990011233,269.300277934643,269.290356458198,269.290345428796,269.297951299796,269.311355267548,269.329120017731,269.350113102406,269.373444691574
11,452.431454668582,455.642096551249,405.572024203712,396.218802455798,387.695805458443,379.937782592338,372.884251914298,366.47928551891,360.668581343464,355.396722295158,350.606832482271,346.242596891325,342.25102500935,338.584502404866,335.201656144841,332.067276686847,329.151699416185,326.430009307283,323.88122993705,321.487629341577,319.23411320973,317.107742806429,315.0973459065,313.193206400156,311.386816715238,309.670682368952,308.038151754094,306.483304176775,299.705749239504,294.255712684009,289.808791719677,286.14416503198,283.10436144956,280.573005066262,278.461543513474,276.70082942807,275.235587015438,274.020650369999,273.018363894464,272.19677231228,271.528395074425,270.989376519783,270.558924944784,270.218936131139,269.953726372079,269.749819626697,269.595753628221,269.481885967577,269.400193821791,269.344071587464,269.308130612018,269.288011569244,269.280212275929,269.281935540362,269.290957987251,269.305519354015,269.324230655036,269.345999028539,269.369966885359
12,452.064319653303,455.575546034944,405.521961308872,396.14514801282,387.595743734787,379.809888902095,372.728306368635,366.296106857179,360.459937959501,355.165192323042,350.355533858758,345.974841446567,341.970011450794,338.293118923844,334.902394882759,331.762226821621,328.842582321368,326.118227603407,323.567931196144,321.173738836461,318.920385806281,316.794794131459,314.785679669223,312.883236210832,311.078883437375,309.36506527138,307.735090217986,306.182990074888,299.421142480708,293.988608143186,289.559925776853,285.913788632554,282.892471001081,280.379432824247,278.285987156174,276.542853175806,275.094612996506,273.89594988688,272.909055398931,272.101829947838,271.446671161021,270.919634482277,270.499881218801,270.16930483399,269.91226143986,269.715349946545,269.567208536253,269.45831000241,269.380751200934,269.328047165784,269.294917057156,269.277101864389,269.271186508566,269.274448443849,269.284727188965,269.300314787751,269.319865328273,269.342321160273,269.366853327418
13,451.70782952978,455.50942296479,405.477265175784,396.079179223744,387.505804444948,379.694544041713,372.587215451373,366.129891502135,360.270111077366,354.954041475982,350.125881154573,345.729724054311,341.712389743666,338.025683101519,334.627476641105,331.481786875374,328.558239648059,325.831305743107,323.279507431735,320.884688711628,318.631422122973,316.506498536469,314.498528321318,312.597620309268,310.79512555981,309.083432370094,307.455804137775,305.906235272385,299.158916181017,293.742622925563,289.330890760061,285.701949770503,282.697826854553,280.201827786584,278.125127896234,276.398318155927,274.965843444403,273.782243105688,272.80956485646,272.015575687851,271.372562728279,270.856504356694,270.446524776931,270.124522532088,269.874897604487,269.684324363629,269.54153851538,269.437122568939,269.363286546889,269.313655190904,269.283049386254,269.267301195651,269.263074884065,269.267715615239,269.279119763782,269.295626528855,269.31592874519,269.339000381577,269.364038158022
14,451.361305796194,455.443698738674,405.437011620361,396.019600407868,387.424322496266,379.589721458212,372.45861987148,365.977985038429,360.096194525895,354.760157186779,349.914598657773,345.503844067173,341.474666322344,337.778634458031,334.373294811976,331.222320625198,328.295018656638,325.565582341454,323.012299294276,320.616831144824,318.363588497849,316.239240813266,314.232298577635,312.33279014025,310.532001539308,308.822268347874,307.196808408705,305.64958905974,298.91578924426,293.514654638045,289.118765241872,285.505907640432,282.517871435138,280.037806456144,277.976758607806,276.265191989973,274.847418789398,273.677840747695,272.718369859156,271.936649170372,271.304865671346,270.798930328417,270.397938672322,270.083800292773,269.840962029354,269.656173592914,269.518265287811,269.417924211637,269.347466956122,269.300620629857,269.272300353425,269.258422074276,269.255722800181,269.261609539279,269.274030440324,269.291367538777,269.312348798792,269.335976812197,269.361471514339
15,451.024115640691,455.378352370954,405.400490548105,395.965410794353,387.349999436332,379.493835346851,372.340667945517,365.838298863463,359.935896741029,354.581080875061,349.719095352448,345.294508766516,341.254072616174,337.549149611984,334.136988043485,330.98094213334,328.050019447864,325.318151983328,322.76340783608,320.367268545502,318.113998273953,315.990148725496,313.984135440931,312.085910233515,310.286697286283,308.578782006124,306.95534138223,305.410309480199,298.689154869092,293.302239192655,288.921229836309,285.323487417785,282.350571706916,279.885480204172,277.839132015179,276.141867411957,274.737870159778,273.58141028891,272.634269255761,271.86398086544,271.242634771143,270.746085070053,270.353405689212,270.046522116997,269.809930240258,269.630454586529,269.497017141856,269.400404841097,269.333034911521,269.288730337381,269.262493938886,269.250319321366,269.249010558213,269.256031484109,269.269377692353,269.287470387174,269.309069598621,269.333204009548,269.359114694219
16,450.695694396732,455.313366898177,405.367140269578,395.915812475854,387.281804710409,379.405623014762,372.231881152584,365.70916129381,359.787379897848,354.414837517137,349.537287092471,345.099549987892,341.048377634454,337.334952033086,333.9162481174,330.755322510876,327.820901209966,325.086668890157,322.530485309802,320.133658110975,317.880319862618,315.756902148261,313.75173257629,311.854689929567,310.056939351552,308.350718354415,306.729164915909,305.186178624905,298.476907321311,293.103386692235,288.736412245621,285.152934388707,282.194289880965,279.743327297845,277.710841485985,276.027051832411,274.636017694576,273.49188260062,272.556306322008,271.79671510926,271.185115073257,270.697308882784,270.312354882167,270.012198485732,269.781386104128,269.606816327006,269.477499961106,269.384319377476,269.319787079017,269.277816159029,269.253491366109,269.242878531779,269.242843865329,269.250903691327,269.265097319843,269.283881975497,269.306047130685,269.330645394967,269.356937209338
17,450.375521910781,455.24872831457,405.336517893104,395.870182261564,387.218907807756,379.324063789722,372.131061214458,365.589214437995,359.649148297289,354.259817226777,349.36747291631,344.917196469323,340.855757419827,337.134179459258,333.709186010659,330.543555161635,327.605747071736,324.869211720408,322.311610534019,319.914087658314,317.660642795614,315.537599861731,313.533199956154,311.637251970706,309.840864530184,308.136229286357,306.516446855069,304.97538625399,298.277321039202,292.916464562373,288.562779181469,284.992812246699,282.047686136802,279.610103717176,277.590735956914,275.919690319826,274.540899361337,273.40838720807,272.483697948057,271.734157211059,271.131694630584,270.652067924732,270.274325010796,269.980434387649,269.75499431114,269.584976344543,269.459477339374,269.369471023979,269.307560315319,269.267743246015,269.245181392466,269.236008022384,269.237147164023,269.246163850339,269.261137868598,269.280559735153,269.3032460958,269.328271618238,269.354914582245
18,450.063139063876,455.184424836303,405.308257983415,395.82799678621,387.160622746433,379.248321697576,372.037224249369,365.477340968116,359.519968978404,354.114690922368,349.208246863908,344.745982772954,340.674701849449,336.945289198063,333.514236194286,330.344059470563,327.402967490307,324.664186903974,322.105189820159,319.706964008072,317.453379406032,315.330664275585,313.326969191638,311.432038503763,309.63692659084,307.933781078351,306.315666707407,304.776423135923,298.088964166907,292.740125042581,288.399059107766,284.84193042485,281.909650506158,279.484779542869,277.477868947523,275.81891101137,274.451720965626,273.33020616729,272.415800633781,271.675735622671,271.081870620828,270.609924114037,270.238938045995,269.950906755483,269.730480987798,269.564704195261,269.44275661927,269.355699538944,269.296221870011,269.258401931025,269.237473570064,269.229633249454,269.231859008069,269.241761264205,269.257457549576,269.277469088535,269.300637814378,269.326058825564,269.353026911535
19,449.758129771888,455.120446380667,405.282059902241,395.788829711896,387.10640353128,379.177704043178,371.949553083667,365.37261098211,359.398814020382,353.978348953173,349.058433746007,344.584682888862,340.503946650605,336.766989022887,333.330086774239,330.155510480453,327.211229696074,324.470258033511,321.90988645911,319.510952819155,317.257204803223,315.134771811054,313.131724354354,311.237742390478,309.443828113713,307.742086786698,306.125548624762,304.588025024946,297.910635370316,292.573231478648,288.244185819912,284.699291041366,281.77925316115,279.36649253698,277.371443322646,275.723983482811,274.367819303338,273.256740666513,272.352078342304,271.620974917378,271.035225427143,270.570514188912,270.205881028856,269.92334836129,269.707619885205,269.545809759553,269.42717901034,269.342872995014,269.285662559252,269.249702112333,269.230293685194,269.223693142456,269.226929150291,269.237654570636,269.254021963657,269.274581559627,269.298198653252,269.323987345378,269.351257769848
20,449.460088645376,455.056784189653,405.257680745053,395.752326015876,387.055775191413,379.111630901013,371.867362045909,365.274242702557,359.284817803921,353.849855584007,348.917041460584,344.432260913372,340.342422874926,336.598185786557,333.155627525914,329.976786567473,327.029405180218,324.286293312436,321.724568231649,319.324923748371,317.070989954104,314.948801066609,312.946350467666,311.053256061326,309.260469736808,307.560055910733,305.945011502651,304.409120650864,297.741316799648,292.414822961015,288.097256458542,284.564049469107,281.655707454874,279.25451372576,277.270787249651,275.634295809734,274.288635009705,273.1874861438,272.292079891086,271.569475376273,270.991408335005,270.533533431541,270.174891736514,269.897535594668,269.68622189836,269.528134247728,269.412612018873,269.330881352942,269.275791326664,269.241568617336,269.223579751177,269.218136600399,269.222315436253,269.233808945105,269.250802596036,269.271873564801,269.295909061179,269.322040925948,269.349593608449
21,449.168673566844,454.993430552739,405.234910594726,395.718187234654,387.008336990902,379.049612254301,371.790070531617,365.181572914507,359.177244816007,353.728414668234,348.783224999061,344.287833790005,340.189218706782,336.437946568301,332.989910591343,329.806929857627,326.856529967534,324.111325779409,321.548267681106,319.147910837145,316.893771998005,314.771791105123,312.769894510502,310.87763279268,309.085911729573,307.386756281462,305.773131199137,304.238794280411,297.580138474294,292.264078352502,287.957499740197,284.435484424844,281.538341978936,279.148221215085,277.175328037393,275.549322344723,274.21369206369,273.122013663921,272.235422161377,271.520898003629,270.950122302356,270.498724106431,270.145748670492,269.873279808203,269.666127667893,269.511544008008,269.398944212091,269.319632153913,269.266531727624,269.233938396346,269.217279840037,269.212920874951,269.217982662376,269.230195367191,269.247775379425,269.269325160327,269.293752463977,269.320205748304,269.348022864019
22,448.883542163451,454.930378599323,405.213573891561,395.686160295059,386.963765426621,378.991230602181,371.717182850218,365.094034389228,359.075465029887,353.613343368163,348.656258866287,344.150642741397,340.043550165745,336.285468854927,332.832120305608,329.64511583015,326.691774099793,323.944522761006,321.380151591355,318.979082067954,316.724721521244,314.602921105634,312.601535452394,310.710056950948,308.919344464532,307.221384775112,305.609111502058,304.076256947727,297.42635092174,292.120290410102,287.824251556902,284.312975113495,281.426579114555,279.047080330337,277.084573591395,275.468613144011,274.142582072578,273.059955602251,272.181777136868,271.474952540853,270.911113582151,270.465866300232,270.11826305392,269.850420400537,269.647201666349,269.495925475702,269.386080985261,269.309046952,269.257818937268,269.226758002302,269.211349939888,269.20800970213,269.2139009496,269.226789186531,269.244919938337,269.266919463433,269.291714890672,269.318470179462,269.346535818387
23,448.604401580849,454.867622140974,405.193520988876,395.656028941333,386.921767469959,378.936127544502,371.648272650839,365.011138410616,358.978934822748,353.50405176367,348.535515661596,344.020031068776,339.904738327858,336.14005734831,332.681549721541,329.490629663342,326.534417885295,323.78516208856,321.219497228026,318.81771567271,316.563118953195,314.441472305064,312.440560919997,310.549820822193,308.760065422084,307.063244506017,305.452261519426,303.920824049892,297.279303869417,291.982845625009,287.696934132512,284.195983372838,281.319918361413,278.950626301778,276.998098026096,275.391779116678,274.074952225788,273.000994556224,272.130861861356,271.431387954206,270.874163806223,270.434770975947,270.092272795272,269.828819618688,269.629327760695,269.481181421693,269.373941399643,269.299058672409,269.249597551808,269.219981769008,269.205752451597,269.203372228262,269.210044915888,269.223569502705,269.242219037708,269.264642235247,269.289784378715,269.316824249351,269.345124133118
24,448.330965267303,454.805155549904,405.174623409137,395.627607072076,386.882095323665,378.883993305711,371.582970737712,364.932461082154,358.887182002498,353.400026836878,348.42044924435,343.895426689607,339.77219139956,336.00110471318,332.537582123614,329.342847603527,326.383833188579,323.632613361043,321.065673614819,318.663181454938,316.408335967862,314.286819129251,312.28634642505,310.396306345823,308.607461065857,306.911726850099,305.301977858517,303.771897687537,297.138429452157,291.851208341376,287.575048430736,284.084039626285,281.217923196704,278.858458879915,276.915530301761,275.318481472692,274.010495492757,272.944854733811,272.08242997338,271.389991054823,270.839083775644,270.405274525466,270.067637756037,269.808358486037,269.612405739704,269.467228015361,269.362455727355,269.289609569139,269.241819900754,269.213570424774,269.200455056378,269.198981761983,269.206392551413,269.220518134723,269.239657623584,269.262480974382,269.287950684423,269.31525942997,269.34378068557
25,448.062972485703,454.742964246254,405.156770123605,395.600733500957,386.844533899093,378.834558461539,371.520955430375,364.857632477696,358.799793930518,353.300819752526,348.310581349087,343.776328251421,339.645390456698,335.868081023873,332.399676310388,329.201222128875,326.23946852866,323.486323019814,320.918126618534,318.514925911991,316.259820663268,314.138412061105,312.138350161973,310.248970565152,308.460992401032,306.766297121184,305.157730426215,303.628952595077,297.003228831399,291.724908104144,287.458151254192,283.976731713423,281.120210634344,278.770222417623,276.836545248477,275.248423533892,273.948943254457,272.891294905985,272.036268513576,271.350570975352,270.805708547643,270.377234464031,270.044236014637,269.788933591242,269.596348578971,269.453992514243,269.351563491479,269.280649577878,269.234444664098,269.207489930027,269.195429735401,269.194815270896,269.202924889969,269.217619442654,269.237222773546,269.260424977824,269.286204860215,269.313768252574,269.342499217816
26,447.800180957277,454.681061547337,405.139864604005,395.575267794609,386.808895411725,378.787587337886,371.46194485925,364.786327957821,358.71640800266,353.206035656404,348.205490846864,343.662293975416,339.523877980387,335.740516109201,332.267354759681,329.065270016669,326.100837091606,323.345802340804,320.776366948141,318.372460262932,316.117085635795,313.995765775283,311.996087143183,310.107333912701,308.320183349403,306.626483040676,305.019050998423,303.491524812081,296.873261430382,291.603529478623,287.345852936394,283.873695893391,281.026442819454,278.685604812945,276.760856317533,275.181344025537,273.890059118087,272.840103013272,271.992188140409,271.31296171244,270.773893508551,270.350525992367,270.021960885799,269.770454528257,269.581080261215,269.441411422276,269.34121194221,269.272135056672,269.227435840993,269.201710640776,269.190652098379,269.190852685256,269.199625402519,269.214859792617,269.234903218253,269.258464906838,269.284539144421,269.312344245104,269.341274314017
27,447.542365109393,454.619434316089,405.123822463084,395.5510869341,386.775015036681,378.742859559761,371.40569075023,364.718261154569,358.63670395043,353.11532541527,348.104805040633,343.552932615011,339.407248563463,335.61799405943,332.140194023935,328.934562657726,325.96750699899,323.210617685165,320.639960410092,318.23535072656,315.979698295251,313.858449502256,311.85912893097,309.970970698998,308.184611310104,306.491865375313,304.885523938775,303.359202488028,296.748136182256,291.486703783897,287.237807752506,283.774609548679,280.936320213363,278.604329490646,276.688209718756,275.117011689528,273.833633989366,272.79109160711,271.950022417233,271.277016902756,270.743511205329,270.325039225645,270.000718521112,269.752841838504,269.56653402737,269.429429015798,269.331354812574,269.264027744933,269.220761880863,269.196206583742,269.186100778022,269.187076423358,269.196479608191,269.212227238269,269.23268908078,269.256592573844,269.282946729264,269.310981728025,269.340101218668
28,447.289314530139,454.558078396374,405.108569549685,395.52808261339,386.742747385936,378.70021741005,371.351973367388,364.653178255612,358.560397560997,353.028378873076,348.008192554293,343.447896062343,339.295141306813,335.500144473304,332.017816872462,328.808718127894,325.839093341105,323.080382516958,320.508519929115,318.10321056008,315.84727293345,313.726079136304,311.727093483123,309.839499005053,308.053899426792,306.362070267263,304.756778595119,303.231618347137,296.627504378913,291.374102323061,287.133707547754,283.679185211578,280.849576008838,278.526150218862,276.618379627196,275.055219053749,273.779482094254,272.744094361339,271.909623652728,271.242606802567,270.714448767221,270.30067694068,269.980425959769,269.736025340041,269.55265095678,269.417996146225,269.321951317465,269.256293930362,269.214394993186,269.190954886409,269.181756960531,269.183471005345,269.193474756813,269.209711259863,269.230571662076,269.254800765845,269.281421615398,269.309675694346,269.338975737529
29,447.040832600944,454.496989876401,405.094040398019,395.506159035529,386.711963628707,378.659486043557,371.300597365512,364.590853310304,358.487235514319,352.944919301772,347.915357477075,343.346873257396,339.187233552739,335.386636065807,331.899885805603,328.68739465105,325.715251603665,322.954750816864,320.381698963827,317.975693489043,315.71946417849,313.598310722145,311.599638678493,309.712583459838,307.927710205699,306.236762904044,304.632483024131,303.108443470104,296.511053747193,291.26543080061,287.0332764865,283.587165643948,280.765971572468,278.450846836792,276.551164233985,274.995786061976,273.727437582975,272.698962787304,271.870860334113,271.209615875878,270.686605758245,270.27735267105,269.961009532709,269.71994276108,269.53937880731,269.407069263218,269.312965336408,269.248902679417,269.208310584172,269.185935311798,269.177604002171,269.18002273751,269.190599569057,269.207302550263,269.228543264544,269.253083098773,269.279958491419,269.308421709735,269.337894154608
30,446.796735281359,454.436165056794,405.080176955723,395.485231101122,386.682549120105,378.620520573893,371.251388363269,364.53108434683,358.416991107677,352.864698801929,347.82603450685,343.249585133277,339.083235682332,335.277171357695,331.786097673414,328.570285160758,325.595672208944,322.833411608227,320.259186034314,317.852488246528,315.595961553778,313.474835040624,311.47645693478,309.589916168555,307.805740210168,306.115642256148,304.512338774423,302.989382124662,296.398503545189,291.160424673211,286.93626667472,283.498319733739,280.685292549192,278.378221708063,276.486382469476,274.938546230996,273.677351857723,272.655563996024,271.833614662707,271.177940891658,270.659892585769,270.25498946491,269.942403521335,269.704538577967,269.526671013023,269.396609553048,269.304364674955,269.24182957631,269.202486717319,269.181129842816,269.173627073733,269.176719405347,269.18784396836,269.204992777764,269.22659697933,269.2514338974,269.278552634396,269.307215829883,269.336853163348
31,446.556850029694,454.3756004242,405.066927533146,395.465222909308,386.654401434775,378.583191352231,371.204190093273,364.473690138697,358.349460691246,352.787494464631,347.739984894871,343.155780393495,338.982886767393,335.17148223641,331.676179171772,328.457112760456,325.480075942149,322.716084380094,320.140700143316,317.733314003409,315.476484925286,313.355373078074,311.357270704641,309.471221332344,307.687715620789,305.998436673181,304.396076520729,302.87416743948,296.289600446585,291.058845271497,286.842454516238,283.412439082986,280.607345740513,278.308096756646,276.423871265615,274.883351323342,273.629091254503,272.613778534256,271.797780903199,271.147489129424,270.634228751841,270.233518085207,269.924549185378,269.689763254954,269.51448612182,269.386582552526,269.29612083489,269.23505004115,269.196904102698,269.176522520043,269.169813086526,269.173550278071,269.185199155316,269.202774722417,269.224726877338,269.249848067725,269.27719979714,269.306054499764,269.335849775493
32,446.321014836499,454.315292629325,405.054245929693,395.446066508681,386.627428725894,378.547381941825,371.158862016269,364.418507494266,358.284460678346,352.713105151079,347.656993038138,343.065231962233,338.885950913882,335.069326221892,331.569883053985,328.34762689746,325.368210110741,322.602515228975,320.025986923523,317.617916524163,315.360780668213,313.239672211319,311.241828682884,309.356249222088,307.573388496876,305.884900175682,304.283452387741,302.762557761424,296.184115079046,290.960476527046,286.751635511231,283.32933512343,280.531956389917,278.24031097437,276.363483255156,274.830067448604,273.582535121017,272.573498650029,271.763263744683,271.118177123765,270.609541904539,270.2128764361,269.907393617255,269.67557212969,269.502786693315,269.376957058101,269.288207911554,269.228542649783,269.191545060357,269.172098904331,269.166150143355,269.17050553996,269.18265701356,269.200641652818,269.222927355051,269.24832114495,269.275896280096,269.304934646078,269.3348814312
33,446.089077360526,454.255238468613,405.042090702961,395.427700850531,386.601548347455,378.512987414842,371.115277312347,364.365388972553,358.221825021281,352.641348767803,347.576863602379,342.977733983041,338.792214169062,334.970483307096,331.466984924635,328.241600126172,325.259845287502,322.492473598759,319.914815370812,317.506064904704,315.248618421942,313.127502978864,311.129902597486,309.244772992345,307.462531350879,305.774809314641,304.174244836768,302.654333570549,296.081839092598,290.865122203801,286.663630095679,283.248836675869,280.4589659126,278.174718312699,276.305084826199,274.778573279547,273.537572707356,272.534626826671,271.729976991101,271.089929445708,270.585766700275,270.193008467034,269.89088918969,269.661925067957,269.491539156399,269.367705156641,269.280602822731,269.222288370583,269.186393932862,269.167846083067,269.162627631543,269.167576463407,269.180210356352,269.198587639793,269.221193509056,269.246848989184,269.274638621285,269.303853364296,269.333945679431
34,445.860894152767,454.195434868718,405.030424553735,395.410070906566,386.576685691131,378.479912912259,371.073321180121,364.314200946631,358.161403071264,352.572059959042,347.499419071532,342.893099267403,338.701481891333,334.87475327038,331.367280511672,328.138825353458,325.154772540128,322.385749501781,319.806975069196,317.397548803815,315.139788324839,313.018656327422,311.021284470399,309.136585957554,307.354943444858,305.667960497482,304.068252014785,302.549294853256,295.982580310984,290.772603540905,286.578268831185,283.17078789382,280.388229959059,278.111185889889,276.248554468519,274.728758536294,273.494107706921,272.49707453769,271.697842447834,271.062677718051,270.562843949113,270.173863442145,269.874992812057,269.64878577662,269.480713160947,269.358801618754,269.273284687413,269.216269982877,269.181436548961,269.163752407096,269.159235976346,269.164755173101,269.177852697647,269.19660733028,269.219520910237,269.245427924996,269.273423760682,269.302808086805,269.33304036433
35,445.636329958218,454.135878873378,405.019213805779,395.393126921313,386.552773198828,378.448072419821,371.032889389315,364.264821953719,358.103057752348,352.505088133367,347.424497661743,342.811157114242,338.613576502074,334.781953377594,331.270583333517,328.039113482542,325.05280106131,322.282151142407,319.702273812456,317.292176068557,315.034098651179,312.912941261065,310.915784281691,309.031499275293,307.250435064006,305.564167699516,303.965289485687,302.447258854134,295.886169953508,290.682757235791,286.495398858124,283.095046456637,280.319616784804,278.049592455634,276.193781343041,274.680522691824,273.452048229477,272.460761184252,271.666788971754,271.036359774528,270.540719876218,270.155395299932,269.859665390238,269.636121347077,269.47028120161,269.350223589174,269.266234600341,269.210471899797,269.176660084354,269.159807295101,269.155966470669,269.162034492516,269.17557810811,269.194695812973,269.217905544147,269.244054618782,269.272248920529,269.301796501155,269.332163546339
36,445.415257085983,454.076567632174,405.008427963525,395.376823775437,386.529749521117,378.417387722604,370.993881338014,364.217141282757,358.046663996959,352.440295772516,347.351951527429,342.731751440955,338.528335554898,334.69191640805,331.176722694539,327.942291388225,324.953756131746,322.181502874311,319.600535560995,317.189770694569,314.931373777342,312.810182817201,310.813227956946,308.929339944814,307.148834433509,305.463260497293,303.865188280276,302.348058144054,295.792446842444,290.595433710288,286.414880192958,283.021482074448,280.25300578771,277.989827088608,276.140664148628,274.633773824354,273.411311669743,272.425613184324,271.636751656967,271.010918938877,270.519343683666,270.137562105745,269.84487135614,269.623901857311,269.460218282713,269.341950307505,269.259435388005,269.204879962433,269.172052887395,269.156000490564,269.152811364107,269.159408082689,269.173381405766,269.192848849903,269.216343741532,269.242726016796,269.271111549415,269.300816462971,269.331313452202
37,445.197554839823,454.017480644834,404.998039334243,395.361120441047,386.507558795326,378.387787507885,370.956221568041,364.171057759576,357.992107399134,352.377556974468,347.281645215959,342.654739164956,338.445610070045,334.604488951102,331.085541954976,327.848200168964,324.85747736148,322.083643436718,319.501598677386,317.090171064628,314.8314524263,312.710220317594,310.7134556279,308.829949080021,307.049983790634,305.365082367309,303.767793210375,302.251538948968,295.701265062807,290.510495613352,286.33658432023,282.949975160794,280.188286321953,277.931788037605,276.08910993795,274.588427826877,273.371822346728,272.391563188336,271.607671134111,270.986303404858,270.498674204728,270.120325580754,269.830578263298,269.612100026645,269.450501626186,269.333962862575,269.252871439999,269.199481317534,269.167604398616,269.152324795992,269.149763420479,269.156869963715,269.171257633781,269.191062317388,269.214832259036,269.241439442212,269.270009433443,269.299866137207,269.330488452663
38,444.983109002288,453.958649819031,404.988022703803,395.345979513546,386.486150024735,378.359206592082,370.919825336806,364.126478697708,357.939283050332,352.316756193047,347.213454329967,342.579988809638,338.365263090952,334.519529930065,330.99689703141,327.756693631738,324.763817165225,321.988424425088,319.405314396402,316.993228421055,314.734186144867,312.612905854283,310.616320127338,308.733180414248,306.953737900252,305.269489213871,303.672961408568,302.157559703504,295.612490294854,290.427816522699,286.260392973062,282.880415692847,280.125356619785,277.8753817567,276.039033321538,274.544407292516,273.333510871021,272.358549367475,271.579492964802,270.96246570069,270.478668684505,270.103650695482,269.816756437852,269.600690922791,269.441110427613,269.326243992543,269.246528474107,269.194264192003,269.163304928342,269.148771488988,269.146816120857,269.15441477524,269.169202377524,269.189332571864,269.213368014126,269.240192320154,269.268940411814,269.298943701381,269.329687107103
39,444.77181136624,453.900055720763,404.978355057321,395.331366807655,386.465476541938,378.331585251671,370.884619926601,364.083318988505,357.888094528922,352.257787143159,347.147264364818,342.507379287885,338.287168431367,334.436909317956,330.910655091902,327.667636973252,324.672639435187,321.895708959818,319.311545492993,316.898805535789,314.639437978148,312.518102969248,310.521685676126,308.638898995936,306.859962760339,305.176345887548,303.580561055491,302.065989789658,295.525998612373,290.347279814399,286.186197071508,282.812702219012,280.064122869154,277.8205220439,275.990355645752,274.501641005223,273.296313279315,272.326514979054,271.552167082701,270.939362224686,270.459289509792,270.087505317856,269.803378677388,269.589651698506,269.432025628624,269.318777886562,269.240393435314,269.189217834682,269.159145638461,269.145333309329,269.143963499962,269.152037611,269.167211594909,269.187656275641,269.211948243164,269.238982355093,269.267902571162,269.298047554648,269.328908035838
40,444.563559308822,453.841695839084,404.9690153374,395.317251007389,386.445495543204,378.304868642164,370.85053119851,364.041500309016,357.838453019757,352.200551846245,347.082969694338,342.436798841481,338.211209575768,334.356507015989,330.826693416216,327.580905627957,324.583818381523,321.805370522972,319.220165118311,316.806775548111,314.547081310894,312.425685501181,310.429426736525,308.546980049534,306.768534471235,305.085533816164,303.490470267762,301.976708434833,295.44167543573,290.268777675059,286.113895794974,282.746740991844,280.004498407412,277.767129294307,275.943004303875,274.460063273913,273.260170636187,272.295407579646,271.525647491095,270.916952841,270.440502079326,270.0718599073,269.790419987268,269.578961374339,269.423229738505,269.311550042033,269.234454348403,269.184332385687,269.155118424511,269.142003599673,269.141200087561,269.149733971249,269.165281577877,269.186030365843,269.210570409,269.237807438513,269.26689415289,269.29717622457,269.328150000765
41,444.358255403054,453.783560714795,404.959984234267,395.30360336168,386.426167683103,378.279006291313,370.817511783994,364.000950429971,357.790276544323,352.144959795078,347.020472682933,342.368144112055,338.137278722497,334.278211870425,330.744898396694,327.496384258014,324.497237515611,321.717291938179,319.131055778945,316.717020945338,314.456998851343,312.335536573882,310.339427006299,308.457307976204,306.679338243692,304.99693694726,303.402576122493,301.889603745282,295.359414618994,290.19221023548,286.043395768802,282.682445207833,279.946403014105,277.715129845604,275.896912137839,274.419613353545,273.225028478274,272.265178802887,271.499891588407,270.895200526449,270.422274495124,270.056687247548,269.77785735303,269.568600642514,269.414706667443,269.304547122886,269.228700204639,269.179598782843,269.151215838708,269.138776242465,269.13852085686,269.147499720619,269.163408918103,269.184452026519,269.209232178266,269.236665630528,269.265913538307,269.296328355107,269.327411861559
42,444.155807063293,453.725652940963,404.951244002741,395.290397418696,386.407456720128,378.253951655795,370.785497886238,363.961602608958,357.743489285264,352.090927220367,346.959682905472,342.301319324644,338.065275938418,334.201920809334,330.665164659019,327.413965864758,324.412788755531,321.631364473111,319.044108438695,316.629432665822,314.369081737025,312.247547706053,310.251578533469,308.369775474385,306.592267525939,304.91044956067,303.316773798779,301.804571855363,295.279117631998,290.117484808298,285.974610348659,282.619734338705,279.889762289089,277.66445540294,275.852016906316,274.380234972093,273.190836377247,272.235783882401,271.474860031311,270.874071060897,270.404577292137,270.041962213031,269.765669539821,269.558551697148,269.406441583658,269.297756840265,269.223120862675,269.175008679768,269.147431022524,269.135645604525,269.135921179098,269.145331050968,269.16159047657,269.182918663776,269.207931401249,269.235555143441,269.264959235237,269.295502695744,269.326692565291
43,443.956126220865,453.66798065109,404.942778302289,395.277608793267,386.389329206068,378.229661732058,370.75443691966,363.923395057217,357.698020991599,352.038376444828,346.900516459806,342.236235567741,337.995108414715,334.127538078058,330.587394289044,327.333551004649,324.330371636588,321.547487047214,318.959221725682,316.543909307097,314.283228745264,312.161618025309,310.165780934729,308.284282763311,306.507223232876,304.825973343676,303.232965819688,301.721516176517,295.200692854919,290.044515215022,285.90745898884,282.558533541267,279.834507103783,277.615042531291,275.808260819243,274.341875904634,273.15754751158,272.207181319978,271.450516379076,270.853532754902,270.387383200517,270.027661563452,269.753836916669,269.548798085246,269.398420788086,269.291167847818,269.217706961601,269.17055437399,269.143757647433,269.132606488387,269.133396783603,269.143224448621,269.159823356725,269.181427883699,269.206666093379,269.23447432645,269.264029865327,269.294698090934,269.325991139174
44,443.759129026921,453.610533166863,404.934572056587,395.265214962425,386.371754212767,378.206096713602,370.724280158856,363.886270468025,357.65380645436,351.987235312394,346.842895358982,342.172810156625,337.926689808156,334.054974566075,330.511496142531,327.255047094813,324.249892612355,321.465565530263,318.876301230264,316.460356424691,314.199345594102,312.07765357217,310.081940703302,308.200736895362,306.424113063462,304.743416713846,303.151061380955,301.640346731962,295.124054944018,289.973221188017,285.841866683043,282.498773135018,279.780573115646,277.566832206557,275.765590125191,274.30448759098,273.125118517578,272.179332568528,271.426826794048,270.833556209459,270.370666936047,270.013763762775,269.742341301731,269.539324575539,269.390631604087,269.284769649639,269.212449844474,269.166228743743,269.140189862814,269.129654089429,269.130943722538,269.14117666536,269.158104880581,269.17997747274,269.205434419398,269.233421652643,269.263124153354,269.293913471293,269.325306682527
45,443.564735579722,453.553308278795,404.926611329925,395.253195085391,386.354703091004,378.183219688312,370.694982376621,363.850175600627,357.610785040491,351.937436682404,346.786746992371,342.110966068623,337.859939656758,333.984147207552,330.437385239177,327.178367798282,324.171264433704,321.385512119509,318.795258881594,316.378685909417,314.117344321424,311.995566681883,309.999970594156,308.119051145338,306.342850894467,304.662694217635,303.070975754712,301.560979565967,295.049124270585,289.90352785074,285.777763467804,282.440388138436,279.72790033715,277.519769417168,275.72395474477,274.268024828338,273.093508855165,272.152201741347,271.40375981228,270.814114103339,270.354405014757,270.00024881927,269.731165825516,269.530117042623,269.383062280098,269.278552518973,269.207341490869,269.162025192174,269.13672224999,269.126783958057,269.12855833983,269.139184692928,269.156432567799,269.178565380436,269.204234678962,269.232395707058,269.262240917314,269.293147845316,269.324638360012
46,443.372869673979,453.496303826969,404.918883218239,395.241529844387,386.338149257217,378.160996370309,370.666501523012,363.815060910349,357.568900280755,351.888917980139,346.73200364654,342.050631440739,337.794782859832,333.914978448411,330.364982219291,327.103432472869,324.094405597986,321.307244784713,318.716012392445,316.298815432854,314.037142732042,311.915275433905,309.919789076566,308.039144466494,306.263356240481,304.583725994721,302.992627635748,301.483336217623,294.975826421209,289.83536523002,285.715083978917,282.383317856125,279.676432752238,277.473802809606,275.683307947753,274.232445427785,273.062680803231,272.125755481079,271.38128610637,270.79518095978,270.338575588516,269.987098143693,269.720294809769,269.521162364413,269.37570190348,269.272507426333,269.202374457193,269.15793759804,269.133349781574,269.123991966254,269.126237243691,269.137245740412,269.154804117039,269.177189704065,269.203065293966,269.23139517618,269.261379059671,269.292400292124,269.323985395534
47,443.183458570153,453.439517698302,404.911375752433,395.230201303553,386.322068004202,378.139394861818,370.638798440024,363.780874710859,357.528099501793,351.8416207963,346.678602078113,341.991739121733,337.731149214119,333.847395770772,330.294212859877,327.030165683602,324.019239852754,321.230686774562,318.638484763191,316.220667951604,313.958663903982,311.836703160322,309.841319845186,307.96094100481,306.185553771732,304.50643729968,302.915947129042,301.407343250929,294.904091751606,289.768667848485,285.653767063391,282.327505506786,279.626117974016,277.428884372334,275.643604630549,274.197709987101,273.032599136279,272.099962550671,271.359378399847,270.776733185182,270.323158261344,269.974294366791,269.709713583143,269.512448331056,269.368540324029,269.266625975719,269.197541823777,269.15396027197,269.130067785423,269.121274277939,269.123977282221,269.135357214178,269.153217389455,269.175848675029,269.20192479731,269.230418838647,269.260537559659,269.291669954993,269.323347066866
48,442.996426733258,453.382947824056,404.904077812785,395.219192783654,386.306436332794,378.118385441125,370.611836607228,363.747584738234,357.488333497824,351.795490529258,346.626483132049,341.934226271517,337.668972998966,333.781331267517,330.225007641622,326.958496763851,323.94569575685,321.155766170904,318.562603839728,316.14417126688,313.88183574623,311.759778005388,309.76449138195,307.884369664186,306.109372882418,304.430758073756,302.840862676536,301.332931834124,294.833854987139,289.703374343666,285.593755414289,282.272897910098,279.576906938527,277.384969152644,275.604806758668,274.163781641922,273.003230911493,272.074793799929,271.338011109117,270.758748548002,270.308134133642,269.961821490544,269.699408744462,269.503963534438,269.361568053117,269.260900313494,269.192837113624,269.150087885037,269.126871882717,269.118627290083,269.12177548441,269.133516658243,269.151670348052,269.174540597046,269.200811769845,269.229465556943,269.259715466355,269.290956035625,269.322722700826
49,442.811719652039,453.326592177665,404.896979052595,395.208488750394,386.291232801673,378.09794037322,370.585581914539,363.715145366057,357.449556236872,351.750476064373,346.575591399611,341.878034002197,337.608192604358,333.71672126077,330.157301360537,326.888359422266,323.873706283523,321.082415493115,318.488301912534,316.069257621795,313.806590603552,311.68443253246,309.68923656557,307.809363716176,306.034747303322,304.356622560588,302.767309079106,301.26003736218,294.765054864345,289.639427130105,285.5349952637,282.21944516089,279.528753630125,277.34201500335,275.566874602938,274.130625853913,272.974545277734,272.05022194131,271.317160346184,270.741206361808,270.293485370847,269.949664311178,269.689367425442,269.495697435332,269.354776359074,269.255323241748,269.188254412269,269.146315585246,269.123758094819,269.116047755298,269.11962920854,269.131721926351,269.150157872716,269.173260672316,269.199721677424,269.228530845009,269.258908463356,269.290254356974,269.32210826623
50,442.629267900088,453.27044877268,404.890069830192,395.198074714738,386.276437393163,378.07803374039,370.560002458652,363.683518877053,357.41172459723,351.706529487749,346.525874911234,341.823107055533,337.548750196738,333.653505959009,330.091032778851,326.819691389444,323.803208464388,321.010571340056,318.415515361085,315.995863347967,313.732864897271,311.610603365444,309.615492313792,307.735860449029,305.961614753373,304.283968960533,302.69522506054,301.188599117224,294.697633808562,289.576772095388,285.47743609433,282.167100388793,279.481614834628,277.299982354806,275.529772205191,274.098210220493,272.946513303852,272.026221396778,271.296803730769,270.72408724166,270.279195364356,269.937808732858,269.679577768751,269.487640040799,269.348156922395,269.249887865524,269.183788029327,269.142635315266,269.120719178887,269.113529086173,269.117532396177,269.129967390622,269.148684821335,269.172014067454,269.198659936524,269.227620489351,269.258122508352,269.289571015617,269.321509894009
51,442.449010629868,453.214515660917,404.8833411481,395.187937143493,386.262031392914,378.058641290266,370.535068360283,363.6526699183,357.374798130511,351.663605825362,346.477284860109,341.769393512602,337.490591417971,333.591629148184,330.026144310449,326.752434099437,323.734143068487,320.940174067758,318.344184330317,315.923928541604,313.660598805968,311.538230871649,309.543199269445,307.663800851303,305.889916625553,304.212739119069,302.624552958634,301.118559962429,294.631537643267,289.515358326347,285.421030382761,282.115819509175,279.435449916923,277.258834009645,275.49346577437,274.066504303495,272.919107824083,272.002768160075,271.276920265298,270.707373014408,270.265248544445,269.926241543909,269.670028660541,269.479782071605,269.341702045725,269.244584438497,269.179429305041,269.139049447335,269.117758322496,269.11107514338,269.115489459937,269.128257913237,269.147246285743,269.170796146748,269.197622139586,269.226730208453,269.257353466449,269.288901997116,269.320923718018
52,442.270889545285,453.158790930788,404.87678459851,395.178063379497,386.247997281925,378.03974029924,370.510751599792,363.622565310929,357.338738848186,351.621662811487,346.429775352866,341.716844531775,337.433665113684,333.531037912847,329.962581736857,326.686532402268,323.666454312558,320.871167498409,318.274252439229,315.853396772392,313.589735974239,311.467258870717,309.472301510063,307.59312932567,305.819597702484,304.142878245309,302.555238446099,301.049866065485,294.566715327532,289.455137861483,285.36573336755,282.065561007838,279.39022062019,277.218534957575,275.457923516695,274.035479474612,272.892301698451,271.979839671576,271.257490227857,270.691046617694,270.251630298907,269.914950349188,269.660709676653,269.472114826358,269.335401076925,269.239413698047,269.175180105477,269.135550652991,269.114868896067,269.108679870847,269.113494812617,269.126588289443,269.145840753734,269.169605660217,269.196607232577,269.225859121535,269.25660059831,269.288246677854,269.320349222611
53,442.094848757202,453.103272705755,404.870384223394,395.168441569434,386.234318639294,378.021309449387,370.487025868927,363.593173878339,357.303511028823,351.580660677551,346.383303183812,341.66541411187,337.377923087574,333.471682383933,329.900293950312,326.621934303697,323.600089598727,320.803498656972,318.205666517131,315.784214819943,313.520223249718,311.397634375872,309.402746290304,307.523793431866,305.750605902612,304.074334656451,302.487230277938,300.982466648277,294.503118718384,289.396065467069,285.311502834064,282.016285744737,279.345890884275,277.179052207793,275.42311548211,274.00510877566,272.86607407245,271.957414706067,271.238495071502,270.675092013099,270.238326898582,269.903923507433,269.651611029672,269.464626678185,269.329254017785,269.234366737642,269.171032477429,269.13213514899,269.112047794967,269.106340721282,269.111546361773,269.124956797517,269.14446679848,269.16844142614,269.19561425086,269.225006427323,269.255863236035,269.287604499045,269.319785923783
54,441.920834649184,453.047959142894,404.864148526899,395.15906059901,386.220980054637,378.003328717418,370.463866436961,363.564466290977,357.269081043738,351.54056196145,346.337827632742,341.615058877546,337.323319878781,333.413515510127,329.839232720819,326.558590729346,323.53499927675,320.737117532342,318.138376364424,315.716332434786,313.452010445432,311.329307351227,309.334483801354,307.455743648978,305.682892041769,304.00705955013,302.420480061623,300.916313759848,294.440702355272,289.338098434014,285.25829894793,281.967956776829,279.302426681076,277.140354637182,275.389013425158,273.975366792076,272.84040070665,271.935473270562,271.219917334061,270.659494107291,270.225325429133,269.893150072754,269.642720048283,269.457316785867,269.323251154858,269.229438302446,269.166982096654,269.128799384143,269.109292105165,269.10405530093,269.109642140168,269.123361817743,269.143123089926,269.167302344966,269.194642276665,269.224171360719,269.255140739153,269.286974922172,269.319233366637
55,441.748795752665,452.992848431599,404.858062805947,395.149910034406,386.207967048616,377.985779274258,370.441250029449,363.536414925687,357.235417198937,351.501331334585,346.293310276659,341.565737884525,337.269812559726,333.356492850253,329.7793524846,326.496455310435,323.471136427994,320.671976860377,318.072334535305,315.6497021212,313.385050121815,311.262230500678,309.267466960331,307.388933164852,305.616409626122,303.941006788113,302.354942052225,300.851360013216,294.379423264211,289.281196393319,285.206084040675,281.920539191567,279.259795865007,277.102412852437,275.355590678714,273.94622953804,272.815260228887,271.91399651172,271.201740556242,270.644238680341,270.212613729061,269.882616269681,269.6340349406,269.450174554514,269.317386502977,269.224623452459,269.163024827345,269.125539953797,269.106599027551,269.101821311195,269.107780257826,269.121801793074,269.141808331685,269.166187333949,269.19369040108,269.223353202328,269.25443250532,269.28635744065,269.318691123111
56,441.578682630703,452.93793879234,404.852120567847,395.140980069345,386.195266001651,377.968643394,370.419154718357,363.5089937381,357.202489591601,351.462935444729,346.249714823876,341.517412442523,337.217360552313,333.300572384438,329.720610151639,326.435484188789,323.408456668836,320.608031926417,318.00749613994,315.584278939578,313.319297390772,311.196359069749,309.201651213359,307.323317681064,305.5511146578,303.876132710478,302.290572956675,300.787566602514,294.319240779511,289.225321148121,285.154822485554,281.873999984667,279.21796803027,277.065199064713,275.322822039127,273.917674352135,272.790632455014,271.892966631803,271.183949207246,270.629312320595,270.200176878097,269.872319253916,269.625544161763,269.443193186607,269.311654405092,269.219917516408,269.159157038897,269.122353899575,269.103966150117,269.099636777243,269.105959092508,269.120275388266,269.140521445794,269.165095524746,269.192757926543,269.222551250216,269.253737942053,269.285751551587,269.31815876388
57,441.410447769614,452.88322847558,404.846315708357,395.132261477079,386.182864088564,377.951904371328,370.397559822192,363.482171201721,357.170269979562,351.425342773057,346.207006960083,341.47004595349,337.165925460397,333.245714341972,329.662964930218,326.375635839127,323.346917971468,320.545240385247,317.943818664125,315.520020326124,313.254709735385,311.131650666643,309.136994357539,307.258855235891,305.486965459254,303.812395959398,302.227331766432,300.72489085803,294.260116381186,289.170436520485,285.104480543402,281.828307882756,279.176914418377,277.028686967677,275.290683643526,273.889679802255,272.766498303238,271.87236681213,271.166528617114,270.614698946641,270.188010888837,269.862246473482,269.617240023489,269.436366268069,269.306049613838,269.215316174327,269.15537496956,269.119238110988,269.101390904316,269.097499591979,269.104176919642,269.118781190687,269.139261249725,269.164025921715,269.191844009368,269.221764928056,269.253056578221,269.285156869808,269.317635974102
58,441.244045477861,452.828715760664,404.840642482165,395.123745566841,386.17074921958,377.935546446317,370.376445815163,363.455937747541,357.138731662296,351.388523503728,346.165154208566,341.423603766317,337.115470916922,333.19188104423,329.606378166745,326.316870906729,323.286480500219,320.48356209664,317.88126180457,315.456885928252,313.191246845748,311.068065098715,309.073456378315,307.195506042674,305.423922512733,303.749757319884,302.165179597368,300.663294249993,294.202013546463,289.116508211608,285.055026231726,281.783433257383,279.136607747402,276.992851669254,275.259152954358,273.862225560796,272.742839715971,271.852181143359,271.14946491503,270.600393352874,270.176102161929,269.852389279431,269.609115266808,269.429687769642,269.300567068411,269.210815243039,269.151675245723,269.11618982823,269.098871035513,269.095407901165,269.102432208868,269.117317933394,269.138026698592,269.162977660592,269.190947932301,269.220993590543,269.252387864968,269.284572925439,269.317122348796
59,441.0794317916,452.774398954909,404.835095476105,395.115424144243,386.158909986554,377.919554736147,370.355794244317,363.430264697407,357.107849372399,351.352449404827,346.124125802529,341.37805303914,337.065962444169,333.139036760992,329.550813199309,326.259152059042,323.227106461869,320.422958974977,317.819787318187,315.394837454016,313.128870468717,311.005564222819,309.010999300596,307.133232341916,305.36194831344,303.688179574164,302.104079545541,300.602740210455,294.144897612194,289.0635036737,285.006429204962,281.739348001065,279.09702215906,276.957669529938,275.228208538074,273.835292493969,272.719639588494,271.832394561767,271.132741539522,270.58638087417,270.164441031488,269.842739495991,269.601163038438,269.423151964652,269.295202046862,269.206410832504,269.148054671293,269.113206425375,269.096404386016,269.093359934139,269.10072350568,269.115884419312,269.136816804689,269.161949923954,269.190069016513,269.220236671793,269.251731328615,269.283999320254,269.316617550931
60,440.916564386407,452.720276392635,404.829669584791,395.107289475203,386.14733561396,377.903915172573,370.335587654051,363.405131260236,357.077599176287,351.317093719457,346.083892568262,341.333362618634,337.017367325337,333.087147578892,329.496235223485,326.202443849703,323.168759968515,320.363394851428,317.759358884077,315.333838534065,313.067544270274,310.944111808217,308.949587052345,307.071998265704,305.301007234949,303.627627368172,302.043996554821,300.54319400267,294.088735657927,289.011391992833,284.95866064469,281.696025425303,279.058133103002,276.923118134822,275.197830087046,273.808862305917,272.696881668077,271.812992791033,271.116352847729,270.572650789723,270.153018348362,269.833287694809,269.59337684851,269.416753455666,269.289950081172,269.202099258075,269.144510216259,269.110285415862,269.093988916383,269.091354017464,269.099049435218,269.11447951662,269.135630633862,269.16094193838,269.189206619396,269.21949363548,269.251086519859,269.283435676153,269.316121262924
61,440.755402494607,452.666346434339,404.824359988375,395.099334253031,386.136015914142,377.888614444899,370.315809516761,363.380517737053,357.04795838334,351.282431065995,346.044426818047,341.289502926439,336.969654489294,333.036181280799,329.442611169291,326.146712593795,323.111406911733,320.304835347523,317.699941976805,315.273854595065,313.00723370917,310.883673410736,308.889185339425,307.01176971333,305.241065405708,303.568067089017,301.984897295498,300.48462260042,294.033496379833,288.960143781314,284.911693158933,281.653440166878,279.019917253754,276.889176188457,275.16799831645,273.782917688274,272.674550652791,271.793962243078,271.1002836871,270.559192938416,270.141825444831,269.824029921318,269.58575055761,269.410487132102,269.284806940766,269.197877032664,269.141039014543,269.107424447832,269.091622697653,269.089388568257,269.097408696865,269.113102154442,269.134467302024,269.159952971558,269.188360132233,269.218763974566,269.250453013925,269.28288163567,269.315633180423
62,440.595906827874,452.612607465886,404.819162132269,395.091551568369,386.124941246361,377.87363994782,370.296444169685,363.356405447162,357.018900044364,351.248437346546,346.005702251916,341.246445855526,336.92279439927,332.986107234936,329.389909588152,326.091926253263,323.055014846994,320.247247758971,317.641503750009,315.214852743292,312.947905920858,310.824216257104,308.829761530517,306.952514236952,305.182090595505,303.509466752368,301.926750052532,300.426994577508,293.979149991991,288.909731078779,284.865500689556,281.611566584867,278.982352429669,276.8558234451,275.138694897152,273.757442195268,272.652631867265,271.775286685868,271.08452286665,270.545997681142,270.130854101424,269.814957554105,269.578278347377,269.404348152328,269.279768619063,269.193740854413,269.137638352673,269.104621294817,269.089303903755,269.087462088037,269.095800059249,269.111751318707,269.133325971845,269.158982330254,269.187528978734,269.218047207091,269.249830406624,269.282336858272,269.315153015823
63,440.438039504663,452.559057897732,404.814071708588,395.083934881694,386.114102479368,377.858979733576,370.27747675677,363.332776660298,356.990414416591,351.215089662891,345.967693867284,341.20416467491,336.87675895669,332.936896292581,329.338100548876,326.038054331481,322.99955288728,320.190600948737,317.584012929268,315.156801657559,312.889529610624,310.765709138534,308.771284551252,306.894200936358,305.124052111011,303.451795898806,301.86952462285,300.370280005865,293.925668132141,288.860127261223,284.820058427126,281.570384738766,278.945417519949,276.823040641114,275.109902394007,273.732420187924,272.631111420344,271.756960742479,271.069059756863,270.53305586609,270.120096517511,269.806064005442,269.570954699714,269.398331925912,269.274831318275,269.189687594152,269.13430565944,269.101873847254,269.08703080455,269.085573156992,269.094222355566,269.110426048649,269.132205849913,269.158029356713,269.186712611851,269.217342876548,269.249218315114,269.28180102139,269.314680496019
64,440.281763982086,452.505696164241,404.809084639177,395.076477998085,386.103490956976,377.844622468017,370.258893175339,363.309614534811,356.962476776929,351.182366239114,345.930377875868,341.162633941945,336.831521408763,332.888520696087,329.287155541878,325.98506777609,322.944991605083,320.134865248545,317.527439713386,315.099671490534,312.832074955139,310.708122312639,308.713724786643,306.836800362014,305.06692069947,303.395025498282,301.813192220603,300.314450361753,293.873023768845,288.811306957121,284.775342732377,281.529871244536,278.909092416988,276.790809432714,275.081604209,273.707836782666,272.60997609586,271.738969351497,271.053884253282,270.520358796983,270.109545283565,269.797343020217,269.563774376862,269.392434096885,269.269991435443,269.185714283775,269.131038496313,269.099180104604,269.084801759385,269.083720428815,269.092674479387,269.109125432814,269.131106183401,269.157093427202,269.185910512789,269.216650549642,269.248616375912,269.281273818682,269.314215361556
65,440.12704499192,452.452520722994,404.804197060029,395.069175044112,386.093098466555,377.8305573903,370.240680027057,363.286903059597,356.935068638216,351.150246350352,345.893731627056,341.121829421489,336.787056264613,332.840953988989,329.23704739039,325.932938889428,322.891302941965,320.080012367983,317.471755683289,315.043433777672,312.775513511586,310.651427412908,308.657053990991,306.78028442554,305.010668459876,303.339127861964,301.757725389771,300.25947843913,293.82119112038,288.763245970062,284.731331063813,281.490005244179,278.873357953978,276.759112338571,275.053784528842,273.683677803878,272.589209808687,271.721301479399,271.038986742912,270.507898203781,270.099193355905,269.788788654289,269.556732403058,269.386650528331,269.26524554961,269.181818105635,269.127834548693,269.096538168197,269.082615211214,269.081902625693,269.091155380509,269.107848606191,269.130026257784,269.156173949531,269.185122188885,269.215969814831,269.248024243706,269.280754959043,269.313757365798
66,439.973848480524,452.39953005414,404.799405307003,395.062020446567,386.082917209987,377.816774275723,370.222824572741,363.264627001864,356.908172401536,351.118710257072,345.857733537224,341.081728011227,336.74333921755,332.794170938625,329.187750170673,325.88164124521,322.838460125061,320.026015310527,317.416933717912,314.988061353082,312.719818133717,310.595597365073,308.601245204716,306.724626317037,304.95526876082,303.284076560786,301.703097923403,300.205338269644,293.770145578808,288.715921207244,284.688001910792,281.45076499041,278.838195847286,276.727932686804,275.026428276566,273.659929740099,272.568807503072,271.703945276402,271.024358073277,270.495666215655,270.089034033415,269.780395254593,269.549824047712,269.380977288268,269.260590410012,269.177996382763,269.124691617827,269.093946234489,269.080469681066,269.080118533961,269.089664061416,269.106594747074,269.128965394235,269.155270361017,269.184347171962,269.215300280933,269.24744159019,269.280244165627,269.313306274149
67,439.822141552231,452.346722659815,404.794705902669,395.055008912933,386.07293977693,377.80326340156,370.205314690722,363.242771858274,356.881771301067,351.087739144364,345.822363024424,341.042307672724,336.700347073216,332.748147461418,329.139239133433,325.831149614324,322.786437589258,319.97284829589,317.362947916307,314.9335282717,312.664962894203,310.540606309757,308.546272677371,306.669800428581,304.90069616457,303.229846350094,301.6492847889,300.15200504853,293.719863637699,288.669310613344,284.645334731643,281.412135158726,278.803588643148,276.697254565977,274.999521066776,273.636579665503,272.548754313201,271.686893332726,271.009989523862,270.483655336112,270.079060936017,269.772157440774,269.543044809848,269.375410636568,269.256022925215,269.174246569816,269.12160761335,269.091402589044,269.078363763081,269.078366999934,269.088199573864,269.105363074282,269.127922947334,269.154382126595,269.183585016749,269.214641575846,269.246868103009,269.279741174974,269.312861863274
68,439.671892416088,452.294097063564,404.790087221973,395.048135413342,386.063159120209,377.790015515447,370.188138838408,363.221323809895,356.855849353134,351.057315065824,345.787600447965,341.003547367577,336.658057683168,332.702860554436,329.091490636379,325.781439889938,322.735210908083,319.920486687489,317.309773525574,314.879809737203,312.610923012677,310.486429530786,308.492111796333,306.615782283358,304.846926356696,303.176413099803,301.596262058779,300.099455066259,293.670322835963,288.623393109277,284.603309896353,281.374095763681,278.769519668336,276.667062779741,274.973049164261,273.613611900376,272.529039329438,271.670134762931,270.995872779694,270.471858419961,270.069267984846,269.764070088214,269.536390403747,269.369947012929,269.251540153058,269.170566244811,269.118580546447,269.088905600811,269.076296119852,269.076646926105,269.086761015748,269.104152844583,269.12689830297,269.153508737094,269.182835299444,269.213993345348,269.24630348475,269.279245736176,269.312423920439
69,439.523070335687,452.241651809772,404.785562523951,395.041395163965,386.053568533075,377.777021806277,370.171286016728,363.20026968067,356.830391309064,351.027420891563,345.753427052466,340.96542699828,336.616449883274,332.658288231985,329.04448207871,325.732489024943,322.684756723193,319.868906928422,317.257386873629,314.826882034695,312.557674789064,310.433043388759,308.43873902069,306.562548469969,304.793936080835,303.123753729716,301.544006846564,300.047665644573,293.62150168273,288.578148535376,284.561908633441,281.336629446887,278.735972984424,276.637342804785,274.946999441465,273.591021510013,272.509652100428,271.653660427424,270.981999906926,270.460268652036,270.059649383878,269.756128312392,269.529856745705,269.364583025745,269.247139291402,269.166953101388,269.115608523506,269.086453716947,269.074265478142,269.074957267616,269.085347528211,269.102963350344,269.12589087637,269.152649668755,269.18209757572,269.213355251982,269.245747452015,269.278757610099,269.311992242834
70,439.375638329579,452.189385463161,404.781120742633,395.034783611692,386.044161628171,377.764273877199,370.154745737269,363.179596898815,356.805382611479,350.99804026008,345.719824915988,340.927927353406,336.575503436591,332.614409466749,328.998191840987,325.684274969994,322.635052686139,319.818086474961,317.205765308939,314.774722470943,312.50519554102,310.380425259347,308.38613181987,306.510076581394,304.7417030781,303.071846149379,301.49249724711,299.99661507772,293.57337961239,288.533557598705,284.521112980618,281.29971960084,278.702933345379,276.608080751857,274.921359361279,273.568793860212,272.490582756173,271.637461555376,270.968363330201,270.44887952748,270.050199602952,269.748327454357,269.523439941776,269.359315441841,269.242817669556,269.163404941773,269.112689740256,269.084045457995,269.072270624922,269.073297029023,269.083958292973,269.101793896861,269.124900088427,269.151804552921,269.181371558752,269.212726949173,269.24519973457,269.278276568646,269.311566636957
71,439.229581968131,452.137296608286,404.776759035461,395.028296419917,386.034932318114,377.751763720697,370.138507991796,363.159293461123,356.780809353623,350.969157533562,345.686776901855,340.891030056654,336.535198980285,332.571204135143,328.952599229352,325.636776616845,322.586077400089,319.768003742694,317.154887139691,314.723309312399,312.453463549137,310.328553475968,308.334268616586,306.458345158333,304.690206030779,303.020669202258,301.441712281277,299.946282577501,293.525936929343,288.48960182403,284.480905738982,281.263350326286,278.670386158102,276.579263329195,274.896116913035,273.546918210787,272.471821724408,271.621529904093,270.954955772374,270.437684833481,270.040913362014,269.740663067329,269.517136276399,269.354141176928,269.238572740347,269.159919670152,269.109822476354,269.081679413413,269.070310403708,269.07166525128,269.082592518833,269.100643890656,269.123925460671,269.150972888167,269.180656831741,269.212108204601,269.244660074617,269.277802394196,269.311146918164
72,439.084866318982,452.085383849084,404.772474694735,395.021921409942,386.025874797473,377.739483695444,370.12256322401,363.139347899833,356.75665824255,350.940757756374,345.654266613946,340.854717519557,336.495517976326,332.528652966443,328.907684423559,325.589973745699,322.537810366702,319.718638051853,317.104731582756,314.672621735579,312.402457998814,310.277407276444,308.283128733761,306.407333636429,304.639424510008,302.970202613752,301.391631844392,299.896648222221,293.47915475958,288.446263505157,284.44127043036,281.227506392598,278.638317445807,276.550877810317,274.871260605458,273.525384282616,272.453359902634,271.605857424978,270.941770411768,270.426678592955,270.031785562877,269.733130838366,269.510942128218,269.349057210284,269.234401998457,269.156495218324,269.107005030439,269.079354186899,269.068383706068,269.070061053214,269.081249488266,269.099512686016,269.12296645861,269.150154263605,269.179953012855,269.211498650673,269.244128225898,269.277334878797,269.310732909956
73,438.941464416436,452.033645808378,404.768265139483,395.015670506581,386.01698352609,377.727426504821,370.106902303305,363.119749251822,356.732916562832,350.912826616491,345.622278355043,340.818972897416,336.456442665578,332.486737495537,328.863428428666,325.543846976106,322.490231936505,319.669969577523,317.05527871285,314.622639775277,312.352158933912,310.226966752772,308.23269234511,306.357022297153,304.589338926912,302.920426942816,301.342236658273,299.847692909132,293.433015005543,288.403525676126,284.40219125765,281.192173200831,278.606713813881,276.522912000222,274.846775927882,273.504182231933,272.435188576092,271.590436484636,270.928800557156,270.415855226804,270.022811519222,269.725726876865,269.504854297439,269.344060928156,269.230303316612,269.153129856667,269.104235994479,269.077068642826,269.066489491153,269.068483554482,269.079928476501,269.098399702296,269.122022581774,269.149348260504,269.179259791556,269.210898032338,269.243603953168,269.276873823762,269.310324443668
74,438.799350137686,451.982081127482,404.764127907867,395.009532123354,386.008253213563,377.715585177002,370.091516500419,363.100487029979,356.709572145031,350.885350409536,345.590797088121,340.783780048307,336.417956025031,332.445440018784,328.819813029986,325.498377721272,322.443323262793,319.621979303191,317.006509415992,314.573344278344,312.302547209223,310.177212807268,308.182940429063,306.307392222007,304.539930487196,302.871323536813,301.293508226492,299.799398310112,293.387500304217,288.361372048763,284.363653067781,281.157336749347,278.575562418084,276.495354208079,274.822659275842,273.483302626352,272.417299396496,271.575259771466,270.916039883576,270.405209231005,270.013986520219,269.71844717919,269.498869403968,269.339149494492,269.226274329171,269.149821629359,269.101513752128,269.074821408296,269.064626744487,269.066931931756,269.078628796714,269.097304371467,269.121093380258,269.148554508382,269.178576848062,269.210306082018,269.243087031499,269.276419039078,269.309921357947
75,438.658498167141,451.930688465762,404.760060650222,395.00350266766,385.999678804859,377.703953046416,370.076397464715,363.081551196579,356.686613335116,350.858316005364,345.559808400192,340.749123494829,336.380041727924,332.404743552932,328.776820751035,325.453548145383,322.397066258529,319.574648977425,316.958405346123,314.524716860201,312.253604447108,310.128127105233,308.133854725749,306.258425249787,304.491181148667,302.822874489425,301.245428792605,299.751746830284,293.342593987649,288.319786993146,284.325641313607,281.122983601722,278.544850934927,276.468193219404,274.798897088484,273.462736422472,272.399684362056,271.560320282301,270.903482318553,270.394735407674,270.005306157374,269.711288040861,269.492984360002,269.334320352382,269.222312932273,269.146568787859,269.098836872992,269.072611356495,269.062794505448,269.06540539178,269.077349806262,269.096226165406,269.120178411758,269.147772640179,269.17790387654,269.209722543776,269.242577245691,269.275970342914,269.309523498359
76,438.518883962667,451.879466500234,404.756061122539,394.997578706592,385.991255466922,377.692523736493,370.061537203105,363.062932138404,356.664028966242,350.831710816799,345.52929846863,340.714988388433,336.342684106514,332.364631796727,328.734434814352,325.409341123798,322.351443556119,319.527961073415,316.910948884468,314.476739864284,312.205312997027,310.079692037725,308.085417696833,306.210103936637,304.443073581601,302.775062601317,301.197981301183,299.704721569393,293.298280046479,288.278755498009,284.288142037836,281.089100849831,278.514567533919,276.441418270688,274.775479657083,273.442474945029,272.382335798814,271.545611299112,270.891122046958,270.384428775117,269.996766205624,269.704245910946,269.487196204478,269.329571049456,269.2184170962,269.143369686641,269.096204006941,269.070437365791,269.060991852207,269.063903182803,269.076090884402,269.09516457241,269.11927725311,269.147002304696,269.177240584322,269.209147172648,269.242074389744,269.275527561165,269.309130716992
77,438.380483723611,451.828413925197,404.752127180393,394.991756957943,385.982978576202,377.681291143603,370.046928060354,363.044620643654,356.641808332411,350.805522770177,345.499254029725,340.68136047609,336.305868117304,332.325089095031,328.692639104789,325.365740205789,322.306438469807,319.481898751151,316.86412310164,314.429396324098,312.157655897625,310.031890682955,308.037612488003,306.16241151877,304.395591131701,302.727871343373,301.151149361331,299.658306285669,293.254543095619,288.238263138501,284.251141815239,281.055676117232,278.484700851743,276.415019025616,274.752397660509,273.422509867318,272.36524634364,271.531126379165,270.878953491999,270.374284556829,269.988362614426,269.697317385275,269.48150209845,269.324899230648,269.214584886857,269.140222728453,269.093613842784,269.068298361287,269.059217905906,269.062424582278,269.074851437002,269.094119102683,269.118389499258,269.146243165698,269.176586691175,269.208579734025,269.241578266324,269.275090527022,269.308742872112
78,438.243274360483,451.777529451849,404.748256773332,394.986034281608,385.974843707034,377.670248270941,370.032562700683,363.026607880278,356.619941163856,350.779740279661,345.469662349242,340.648226069129,336.269579308543,332.286100405317,328.651418135252,325.322729579762,322.262034960512,319.436445822029,316.817911722145,314.382669927712,312.110616841346,309.98470677077,307.990422893779,306.1153318775,304.348717785383,302.68128482227,301.104917212598,299.612485362026,293.211368342183,288.198296046052,284.214627746018,281.022697479986,278.455239968036,276.388985552845,274.729642145008,273.402833192978,272.348408927112,271.516859338939,270.866971302789,270.364298170959,269.980091499117,269.6904991995,269.475899320029,269.320302642411,269.210814442899,269.13712638298,269.091065126166,269.066193315217,269.057471823434,269.060968898275,269.073630838358,269.093089241988,269.117514726821,269.145494865828,269.175941892532,269.208019966509,269.241088686309,269.274659080574,269.308359827794
79,438.10723346618,451.726811807936,404.74444793962,394.980407671937,385.966846620865,377.659391820174,370.018434090671,363.008885375802,356.598417604066,350.754352219383,345.440511194942,340.615572014081,336.233803789758,332.247651266217,328.610757014569,325.280294040607,322.218217602873,319.391586715707,316.772299091152,314.336544984511,312.064180141226,309.938124649946,307.943833324643,306.068849506568,304.302438137315,302.635287748258,301.059269692983,299.567243774403,293.168741555469,288.158840880138,284.178587422782,280.990153478821,278.426174382723,276.363304791726,274.707204505254,273.38343723889,272.331816758919,271.502804240619,270.855170342624,270.354465220306,269.971949132506,269.683788222414,269.470385258272,269.315779058878,269.207103920195,269.134079129795,269.088556607297,269.064121202702,269.055752765214,269.059535442911,269.072428694446,269.092074656472,269.116652649513,269.144757180963,269.175306017654,269.207467742552,269.240605446475,269.274233046669,269.307981432052
80,437.972339288694,451.676259737401,404.740698801345,394.974874250258,385.9589832559,377.648715268274,370.004535483184,362.991444998441,356.577228188242,350.729347901191,345.411788810828,340.583385665389,336.19852820326,332.209727768144,328.570641417404,325.23841895917,322.174971554379,319.347306449062,316.72727014335,314.291006394086,312.018330699166,309.892129256903,307.897828776177,306.022949481447,304.256737359975,302.589865404961,301.01419220903,299.522567062069,293.126649038782,288.119884801791,284.143008905891,280.958033094058,278.397493994798,276.337974531027,274.685076466628,273.36431461913,272.315463313296,271.488955379512,270.843545677945,270.344781482829,269.963931936913,269.677181448931,269.464957380887,269.311326564851,269.203451762957,269.131079705036,269.086087257378,269.062081183276,269.054060041594,269.058123644882,269.071244358435,269.091074827358,269.115802854331,269.144029760413,269.174678763614,269.206922798338,269.240128425746,269.273812330928,269.307607612171
81,437.838570705215,451.625872000058,404.737007559867,394.969431258068,385.95124971804,377.638213463114,369.990860402431,362.974278939428,356.556357029388,350.704711789234,345.383483892983,340.551654859787,336.16373969743,332.172316525695,328.53105755608,325.197090253582,322.13228252643,319.303590597041,316.682810373707,314.246039616915,311.97305397949,309.846706086717,307.852394800135,305.97761743061,304.211601175069,302.545003621011,300.969670707688,299.478441299786,293.085077603046,288.081415448791,284.107880700229,280.926325714717,278.369189082426,276.312982477014,274.663250068584,273.345458230015,272.299342315643,271.475307272102,270.832092567987,270.335242902715,269.956036476448,269.670675994063,269.459613354922,269.306943052635,269.199856215161,269.128126653405,269.083655875741,269.060072269031,269.052392840311,269.056732845056,269.070077355473,269.090089355386,269.114965002233,269.143312321972,269.174059895461,269.206384937417,269.239657422279,269.273396755657,269.307238211752
82,437.705907197438,451.575647371284,404.733372491539,394.964076050595,385.94364227174,377.627881459877,369.977402629865,362.957379696453,356.53580881493,350.680444433447,345.35558556639,340.520367892318,336.129425901628,332.13540465177,328.491992154056,325.156294362368,322.090136757136,319.260425265301,316.638905810055,314.20163064698,311.928335976969,309.801841165012,307.807517477258,305.93283950849,304.16701582672,302.500688743462,300.925691649941,299.434853071682,293.044014542001,288.043418896105,284.073191733484,280.895021121535,278.341250284231,276.288320123095,274.641717649072,273.326861235978,272.283447729919,271.461854644983,270.820806455009,270.325845581927,269.948259449903,269.664269081805,269.454350819033,269.302626619889,269.196315711352,269.125218690892,269.081261410273,269.058093600362,269.050750462465,269.055362466794,269.068927205761,269.089117844847,269.114138766072,269.142604594174,269.173449187033,269.205853969627,269.239192276058,269.27298619006,269.30687311957
83,437.574328828186,451.525584641688,404.729791943724,394.958806090835,385.936157331824,377.617714510315,369.964156191099,362.940740058163,356.515568503457,350.656531162848,345.328083366201,340.489513493784,336.095574902634,332.098979733237,328.453432421076,325.116018219183,322.048520985814,319.217797064553,316.595542987316,314.157765986059,311.884163194584,309.757521025928,307.76318339176,305.88860237014,304.122968056278,302.456907612773,300.882241986017,299.391789446659,293.003447608902,288.00588768372,284.038931335622,280.864109467928,278.313668581779,276.263979275936,274.620471829878,273.308517056399,272.267773746832,271.448592424346,270.809682955168,270.31658577227,269.940597682108,269.657958061382,269.449167559478,269.298375435191,269.192828743339,269.122354578894,269.078902848132,269.056144348007,269.049132225054,269.054011948922,269.06779344793,269.088159915407,269.113323831274,269.141906315361,269.172846420128,269.205329714978,269.238732835597,269.272580501768,269.306512224366
84,437.443816219106,451.475682616834,404.726264331063,394.953618943936,385.928791455762,377.607708052706,369.951115343515,362.924353089557,356.495628007849,350.632962829122,345.300967213642,340.45908080956,336.062175222535,332.063029808125,328.415366029805,325.076249229046,322.007422428948,319.175693086354,316.552708923267,314.114432619273,311.840522618267,309.713732681863,307.719379606439,305.844893147328,304.079445078585,302.413647539276,300.839309132074,299.349237955295,292.963364994602,287.968808744269,284.005089219749,280.833581262152,278.286435283052,276.239952040311,274.599505502881,273.290419353157,272.252314772735,271.4355157262,270.798717849862,270.307459867972,269.933048125827,269.651740362685,269.444061446255,269.294187735962,269.18939385922,269.119533126566,269.076579211857,269.054223710047,269.04753747089,269.052680752172,269.066675638528,269.087215201398,269.112519895038,269.141217235617,269.172251386435,269.204811996084,269.238278952311,269.272179566999,269.306155420061
85,437.314350529486,451.425940116918,404.72278813199,394.948512271941,385.921541336367,377.597857702462,369.938274564739,362.908212118378,356.475979543771,350.609730622724,345.274227400322,340.429059379704,336.029215797914,332.027543344089,328.377781093805,325.036975246006,321.966828757621,319.134100880413,316.51039109573,314.071617992465,311.797401694138,309.67046360547,307.676093643982,305.801699426101,304.036434559725,302.370896281091,300.796880948254,299.307186568124,292.923755306945,287.932171402892,283.971655463927,280.803427350467,278.259542006963,276.216230804914,274.578811817088,273.272562018974,272.237065419213,271.422619847105,270.787907077707,270.298464398409,269.925607840923,269.645613523605,269.43903042973,269.290061826301,269.186009662503,269.116753186144,269.07428956045,269.05233091564,269.045965568224,269.051368358078,269.065573351006,269.086283351007,269.111726667106,269.140537112226,269.171663883547,269.204300644814,269.237830484132,269.271783265099,269.305802603976
86,437.185913436022,451.376355976533,404.719361885447,394.943483828872,385.914403795002,377.588159243332,369.925628541734,362.892310722222,356.456615614975,350.586826056553,345.247854569708,340.399439120205,335.996685960251,331.992509218217,328.340666146852,324.998184552081,321.92672807625,319.093008433167,316.468577421097,314.029309990631,311.754788307056,309.62770170691,307.633313459053,305.759009225646,303.993924595968,302.328642023244,300.754945718017,299.26562367513,292.884607551347,287.895965357969,283.938620489081,280.773638901305,278.232980668719,276.192808228947,274.558384166487,273.25493916642,272.222020493228,271.409900255505,270.777246726818,270.289596022591,269.91827400107,269.639575174158,269.434072537346,269.285996074249,269.182674808593,269.114013653579,269.072032988987,269.050465223471,269.044415909504,269.050074267924,269.064486175622,269.08536402634,269.110943866894,269.139865712814,269.171083717636,269.20379549832,269.237387293886,269.271391479897,269.305453677214
87,437.058487113626,451.326929044364,404.715984187829,394.93852987779,385.907375775184,377.578608619065,369.913172160613,362.876642716471,356.437528999528,350.564240950672,345.221839700553,340.37021030494,335.964575417488,331.957916697931,328.304010123423,324.959865837465,321.887108902537,319.052404147621,316.427256234131,313.987496917691,311.712670760409,309.585435313668,307.591027423395,305.716810977707,303.951903694018,302.286873358035,300.713492128674,299.224538066471,292.845911112485,287.860180663966,283.905975065447,280.744207382322,278.2067399412,276.169677229523,274.538216141697,273.237545117583,272.207174987938,271.397352583559,270.766733028006,270.280851521059,269.911043884182,269.633623032302,269.429185870058,269.281988908682,269.17938800362,269.111313466585,269.069808626813,269.048625920347,269.042887910142,269.048798002149,269.063413717454,269.08445690152,269.110171225133,269.139202813491,269.170510701714,269.203296399828,269.236949249456,269.271004099503,269.305108544494
88,436.932054217023,451.277658182935,404.712653690099,394.933651505101,385.900454336567,377.569201925632,369.900900497014,362.861202142944,356.418712736782,350.541967417839,345.196174091207,340.341363550811,335.932874236643,331.923755423074,328.267802340319,324.922008181813,321.847960148588,319.012276824319,316.386416268827,313.946167477398,311.671037757052,309.543653151578,307.549224305288,305.675093510579,303.910360751479,302.245579266538,300.672509253021,299.18391891428,292.807655737042,287.824807714849,283.873710259331,280.715124582555,278.180819280174,276.146830955719,274.51830168489,273.220374394341,272.192524050942,271.384972619421,270.756362347437,270.272227791661,269.903914867551,269.627754899818,269.424368598878,269.278038816877,269.176148001983,269.108651602607,269.067614496969,269.046812319777,269.041381007632,269.047539098801,269.06235559662,269.083561663239,269.109408482314,269.138548198541,269.169944655727,269.202803198321,269.236516223573,269.2706210161,269.304767113983
89,436.806597863327,451.22854226836,404.709369095062,394.928845130316,385.893636649292,377.559935403894,369.888808807037,362.845983259176,356.400160115162,350.519997849935,345.170849344919,340.312889799178,335.901572827389,331.890015388923,328.232032479296,324.884601036602,321.809271103078,318.972615643411,316.346046640458,313.905310755314,311.629878381329,309.502344326894,307.507893251935,305.633846026617,303.869285043005,302.204749100119,300.631986531989,299.14375575547,292.769831517431,287.789837230249,283.841817448097,280.68638253683,278.155207963184,276.124262842292,274.498634791711,273.203421675284,272.178063076934,271.372756300053,270.746131180803,270.263721843506,269.896884423185,269.621968658367,269.419618961726,269.274144341704,269.172953604037,269.106027076912,269.065452075027,269.045023760813,269.039894660126,269.046297113208,269.061311447322,269.082678009609,269.108655388471,269.137901660177,269.169385406191,269.202315748294,269.236088093579,269.270242125742,269.304429297128
90,436.682101615301,451.179580190082,404.706129154847,394.924108831827,385.886919988662,377.550805432694,369.876892518855,362.830980528353,356.381864660608,350.498324905113,345.145857355878,340.284780303217,335.870661926259,331.856686930216,328.196690570715,324.847634208519,321.771031414418,318.933410147684,316.306136828542,313.864916201818,311.589182082066,309.461498309364,307.467023772278,305.593058089199,303.828666197197,302.164372568306,300.591913757359,299.104038475543,292.732428876406,287.755260238512,283.810288297895,280.657973562232,278.129898940993,276.101966483022,274.479209737719,273.186681952723,272.163787532317,271.360699704295,270.736036147167,270.255330791784,269.88995011341,269.616262265789,269.414935260258,269.270304078994,269.169803653894,269.103438940814,269.063319439916,269.043259606653,269.038428345745,269.045071616983,269.060280917082,269.081805649774,269.107911702761,269.137262998163,269.168832785908,269.201833909472,269.235664741205,269.269867328197,269.304095008505
91,436.558549465459,451.130770850648,404.702932668504,394.919440759514,385.880301730145,377.541808522345,369.865147224479,362.816188609777,356.363820125714,350.476941495691,345.121190296112,340.257026613332,335.840132583527,331.823760706047,328.161766978049,324.811097843697,321.733231074858,318.894650226583,316.266676660788,313.824973615997,311.548938656538,309.421104916223,307.426605721323,305.552719605735,303.788494185966,302.124439715642,300.552281060548,299.064757292468,292.695438552518,287.721068064966,283.77911475093,280.629890230859,278.104885420528,276.079935717824,274.46002098291,273.170150202005,272.149693078791,271.34879904649,270.726073983308,270.247051852921,269.883109586707,269.610633752601,269.410315856906,269.266516675053,269.166697037378,269.100886279919,269.061215842396,269.041519243638,269.036981561543,269.043862197252,269.05926366619,269.080944303384,269.107177193003,269.136632019461,269.168286633662,269.20135754658,269.235246052372,269.269496526752,269.303764165682
92,436.435925820824,451.082113165453,404.699778479696,394.914839131322,385.873779344647,377.532941308528,369.853568672339,362.801602349939,356.34602047942,350.455840776757,345.09684060307,340.229620563967,335.809976147041,331.791227685098,328.127252383279,324.774982412859,321.695860405439,318.856326101066,316.227656297914,313.785473130465,311.50913823527,309.381154297068,307.386629285029,305.512820812734,303.748759308086,302.084940912921,300.513078890524,299.025902745715,292.658851586389,287.687252318426,283.748289013474,280.602125359701,278.080160832545,276.058164589836,274.441063172367,273.153821685444,272.135775507882,271.337050670363,270.716241538411,270.23888233996,269.876360573772,269.605081218614,269.405759172047,269.262780824332,269.163632680086,269.098368212581,269.059140560109,269.039802080141,269.035553822605,269.042668455962,269.058259367103,269.080093700122,269.106451635309,269.136008537869,269.16774679394,269.200886529109,269.234831916997,269.269129628069,269.303436689086
93,436.314215488411,451.033606062533,404.696665474799,394.910302230103,385.867350394093,377.524200546476,369.842152760097,362.787216773992,356.328459897331,350.435016135338,345.072800967904,340.202554261158,335.78018425069,331.759079134244,328.093137772726,324.739278697259,321.658910041796,318.818428309246,316.189066219259,313.746405196996,311.469771267703,309.34163691955,307.347084966024,305.473352261605,303.709452175149,302.045866841328,300.474298005949,298.987465676251,292.622659307695,287.653804878955,283.717803544446,280.574671998522,278.055718822108,276.036647336268,274.422331129932,273.137691796835,272.122030771886,271.325451043256,270.706535769048,270.23081965821,269.869700883807,269.599602829804,269.401263681376,269.259095267201,269.160609545538,269.095883888354,269.057092896322,269.038107545515,269.034144661241,269.041490009156,269.057267703886,269.079253579215,269.10573481367,269.135392373756,269.167213116663,269.200420731087,269.234422228823,269.268766542025,269.303112501853
94,436.193399309608,450.985248482348,404.693592580631,394.90582840055,385.861004749547,377.515583105545,369.830895527899,362.773027077817,356.311132752549,350.414461180184,345.049064324363,340.175820070695,335.750748801807,331.727306602288,328.059414425415,324.703977775057,321.622370920679,318.780947692902,316.150897209201,313.707760572877,311.430828508589,309.302543555806,307.307963570159,305.434304805291,303.670563698224,302.007208479253,300.435929460208,298.949437218944,292.586853322859,287.620717886333,283.687651044647,280.547523421174,278.031553239844,276.01537838171,274.403819842858,273.121756079217,272.108454949235,271.313996750704,270.696953734401,270.222861301155,269.863128400974,269.594196815312,269.396827913387,269.255458787878,269.157626633474,269.093432486597,269.055072178737,269.036435089167,269.032753626182,269.040326486383,269.056288371676,269.07842368902,269.105026519623,269.134783353711,269.166685456963,269.199960030895,269.23401688521,269.268407181567,269.302791529741
95,436.073471504368,450.937039377538,404.690558762546,394.901416046368,385.854755532275,377.50708596403,369.819793152012,362.759028620388,356.294033606983,350.394169732155,345.025623838332,340.149410606974,335.721661969404,331.695901910476,328.026073898251,324.66907101009,321.586234267198,318.743875384583,316.113140344263,313.669530308036,311.392301005095,309.263865269649,307.2692561937,305.395669585534,303.632085075284,301.968957089821,300.397964588956,298.911808788171,292.5514255034,287.587983729068,283.657824446537,280.520673115785,278.007658132899,275.994352330161,274.38552446741,273.106010223806,272.095044247167,271.302684491287,270.68749259179,270.215004846551,269.856641081103,269.588861464659,269.392450447014,269.251870212447,269.154682978209,269.091013215103,269.053077758408,269.034784179639,269.031380281843,269.039177530034,269.055321076175,269.077603786596,269.104326551891,269.134181310301,269.166163674919,269.199504311059,269.233615787034,269.268051462586,269.302473700984
96,435.954413696332,450.88897771273,404.687563023055,394.897063627589,385.848592939136,377.498706204326,369.808841938799,362.745216916681,356.277157203155,350.374135815008,345.002472897869,340.12331872244,335.692916173071,331.664857140281,327.993108016113,324.634550037589,321.550491582765,318.707202795467,316.075786980894,313.631705732834,311.354180084624,309.225593404365,307.230954211243,305.357438020873,303.594007779237,301.931104208947,300.36039499836,298.874572066355,292.516367974856,287.555595034029,283.628316904537,280.494114775731,277.984027736948,275.97356395746,274.367440289384,273.090450059615,272.081794996223,271.291511071739,270.678149592406,270.207247952768,269.85023694854,269.583595125056,269.388129909415,269.248328407003,269.151777647081,269.088625308842,269.051109008681,269.033154303737,269.030024207617,269.038042794795,269.054365533191,269.076793637316,269.103634716069,269.133586081783,269.165647635365,269.199053458058,269.233218838472,269.267699303764,269.302158946196
97,435.836212159404,450.84106246435,404.684604399702,394.892769658011,385.842514856349,377.490441008296,369.798038319001,362.731587630867,356.260498456434,350.354353646821,344.979605103809,340.097537497517,335.664504072465,331.634164622546,327.960508860187,324.60040675467,321.515134633607,318.670921603833,316.038828743907,313.594278446424,311.316457343235,309.187719571211,307.193049264201,305.31960179518,303.556323546579,301.893641634164,300.323212553991,298.83771899297,292.481673106324,287.523544656592,283.599121785871,280.467842291189,277.960656468382,275.953008204162,274.349562823544,273.075071517989,272.068703645011,271.280473402357,270.668922077279,270.199588355291,269.843914093162,269.578396198903,269.383864973821,269.244832275897,269.148909739015,269.086268028744,269.049165324211,269.031544965739,269.028684997209,269.036921947093,269.053421468168,269.075993014506,269.102950824317,269.13299751186,269.165137207657,269.198607362168,269.23282594689,269.267350626485,269.301847198278
98,435.718853503781,450.793292620397,404.681681963689,394.888532702826,385.836519242365,377.482287652924,369.787378842357,362.718136569917,356.244052447649,350.334817631706,344.957014260834,340.072060231145,335.636418557386,331.603816927174,327.928268757402,324.566633309037,321.480155439368,318.63502374408,316.002257515466,313.557240305808,311.27912463464,309.150235638438,307.155533249923,305.282152846861,303.519024366637,301.85656141392,300.286409370226,298.801241754027,292.447333500496,287.49182567129,283.570232661813,280.441846206693,277.937538916815,275.932680168424,274.331887628228,273.05987076093,272.055766755256,271.269568492614,270.659804636981,270.192021050115,269.837670667572,269.573263141399,269.379654357576,269.241380760047,269.146078383121,269.08394066058,269.047246120025,269.029955686615,269.027362258009,269.035814664579,269.052488615789,269.07520169909,269.102274695083,269.132415449436,269.164632265486,269.198165917287,269.2324370227,269.267005354691,269.301538392298
99,435.60232466477,450.745667180251,404.678794818352,394.884351376307,385.830604124707,377.474243506206,369.776860172496,362.704859677516,356.227814416148,350.315522352087,344.934694369005,340.046880431745,335.608652738296,331.573806853327,327.89638027041,324.533222088764,321.445546265133,318.599501396354,315.966065424692,313.52058341536,311.2421740598,309.113133720912,307.11839831134,305.245083358556,303.482102471358,301.819855837427,300.249977800188,298.765132772115,292.413341984234,287.460431362946,283.541643299424,280.416127805815,277.914669838063,275.912575100067,274.314410446644,273.044843956148,272.042980968668,271.258790589186,270.650800424076,270.184549514388,269.831502091208,269.568194458286,269.375496820208,269.237972835386,269.1432827374,269.081642513862,269.045350830631,269.028386003306,269.026055610489,269.034720635643,269.051566719546,269.074419479259,269.101606152807,269.131839748411,269.164132686698,269.197729020781,269.232051979224,269.266663414788,269.301232465418
100,435.486602925017,450.698185154515,404.675942097729,394.880224339702,385.824767596945,377.466306023206,369.766479082079,362.691753028309,356.211779753164,350.296462561294,344.912639615749,340.021991808668,335.581199937365,331.544127420192,327.864836188055,324.500165712639,321.411299607832,318.564346976687,315.930244837703,313.484300116935,311.205597956995,309.076406170216,307.081636827136,305.208385747355,303.445550325595,301.783517425064,300.213910426228,298.729384696956,292.379691599563,287.429355218239,283.513347653697,280.390678032658,277.892044147391,275.892688393006,274.297127147162,273.029987434199,272.030343126675,271.248142542006,270.641904220411,270.177168912076,269.8254121918,269.563188703708,269.371391161657,269.234607511354,269.140521987506,269.079372920842,269.043478909193,269.02683546803,269.024764687646,269.03363955894,269.050655531385,269.073646150165,269.100945027693,269.131270267441,269.163638353106,269.197296573335,269.231670732579,269.266324735525,269.300929356791
