p_bar,of_1,of_1_5,of_2,of_2_1,of_2_2,of_2_3,of_2_4,of_2_5,of_2_6,of_2_7,of_2_8,of_2_9,of_3,of_3_1,of_3_2,of_3_3,of_3_4,of_3_5,of_3_6,of_3_7,of_3_8,of_3_9,of_4,of_4_1,of_4_2,of_4_3,of_4_4,of_4_5,of_5,of_5_5,of_6,of_6_5,of_7,of_7_5,of_8,of_8_5,of_9,of_9_5,of_10,of_10_5,of_11,of_11_5,of_12,of_12_5,of_13,of_13_5,of_14,of_14_5,of_15,of_15_5,of_16,of_16_5,of_17,of_17_5,of_18,of_18_5,of_19,of_19_5,of_20
1,1475.11945580299,1861.94233037546,2542.56112813406,2640.59932312209,2723.51099876655,2792.77560845414,2849.70635492016,2895.647952771,2932.07004768949,2960.50388831899,2982.40977376401,2999.07290865705,3011.56103548376,3020.72994459986,3027.25240129455,3031.65303733475,3034.34057446791,3035.63451068944,3035.78605888044,3034.99413026082,3033.41750597767,3031.18383951024,3028.39655080193,3025.14009236619,3021.48387159051,3017.48528966127,3013.19213532922,3008.64440047067,2983.10039400729,2954.57360274004,2924.36839273398,2893.12998199113,2861.18641699903,2828.70291016248,2795.75784090815,2762.38297161479,2728.58653988373,2694.36719429988,2659.72330823567,2624.65936052295,2589.19093363095,2553.34802177055,2517.17735075337,2480.74311203886,2444.12677760341,2407.42495858208,2370.74597531358,2334.20572885004,2297.92251669161,2262.01202583499,2226.58284073652,2191.73241379918,2157.54511253183,2124.09044779958,2091.42292001979,2059.58260625838,2028.59635322825,1998.47933129802,1969.23674365422
1.01325,1475.16603232378,1861.96235589175,2543.02198424526,2641.21068869416,2724.26859939377,2793.67049966067,2850.72643614531,2896.77858269404,2933.29499658959,2961.80676584795,2983.77534953485,3000.48789268749,3013.01430562279,3022.21240524797,3028.75675998504,3033.17340253473,3035.87222670752,3037.17364645473,3037.32959655085,3036.53955728311,3034.96276066962,3032.72721835617,3029.93663642203,3026.67569811154,3023.01399759815,3019.00908802254,3014.70888292348,3010.1534769834,2984.56434748341,2955.98524288598,2925.72354795353,2894.42591249306,2862.42110877855,2829.87474760761,2796.86546052528,2763.42521072911,2729.56244297631,2695.27605613597,2660.56473232861,2625.43334782303,2589.89796074149,2553.98912036788,2517.75416830975,2481.25794261132,2444.58255494921,2407.82520443454,2371.09470332905,2334.50731497536,2298.18154611524,2262.2331349739,2226.77056984683,2191.89108454924,2157.67873485284,2124.20266141957,2091.51696641397,2059.66132603284,2028.66220238907,1998.53440996565,1969.2828316916
2,1478.53321348016,1863.01207279947,2564.91040205455,2670.77072986186,2761.453300686,2838.14759104471,2901.96164263035,2954.07052833848,2995.82367406851,3028.71138757773,3054.23305227781,3073.76612531372,3088.49158014237,3099.37677729042,3107.19314232792,3112.54756050223,3115.91528470773,3117.66872303404,3118.1009971718,3117.44408644898,3115.88289935405,3113.56592152279,3110.61324399593,3107.12269252867,3103.17450136638,3098.8349030141,3094.15892060312,3089.19246274385,3061.1633965226,3029.73532312654,2996.38720064125,2961.84761034725,2926.48764279035,2890.49708886278,2853.9708413362,2816.95473786526,2779.47160483654,2741.53748264813,2703.17199317308,2664.40526870462,2625.28296145855,2585.8687196341,2546.24508407265,2506.51213639206,2466.7849536397,2427.18891440808,2387.85437923755,2348.91068505905,2310.4809464053,2272.67720295474,2235.59714688603,2199.32190494356,2163.91575492607,2129.4262497426,2095.8855251648,2063.31202065168,2031.7124388839,2001.0837430888,1971.41505443572
3,1481.76761231174,1863.72207529083,2576.18896098638,2686.45346182153,2781.68033884208,2862.85733123957,2930.93934246721,2986.96850730101,3032.18755190771,3068.02730509547,3095.98351732189,3117.47331148197,3133.7399304449,3145.81834723999,3154.5428943182,3160.57455168968,3164.43305063725,3166.52666645047,3167.17695687147,3166.63851112954,3165.11417233098,3162.76667694778,3159.72751274723,3156.10367402931,3151.98278090424,3147.43709746403,3142.52655722521,3137.30115732525,3107.71113960559,3074.43893111903,3039.08236695296,3002.42744814738,2964.87590758324,2926.63604468965,2887.81622323755,2848.47442288289,2808.64650888345,2768.36335353858,2727.66208770918,2686.59312389752,2645.22425959312,2603.64266765033,2561.95416019657,2520.28024479365,2478.75399712305,2437.51399997953,2396.69815463237,2356.43771589708,2316.85201831124,2278.04512907985,2240.10305561564,2203.09367966401,2167.06676331563,2132.05542688564,2098.07804565792,2065.14040428597,2033.23788596037,2002.35754469268,1972.47997128351
4,1484.84693482732,1864.3146231781,2583.41251101231,2696.68475722224,2795.09392177493,2879.47780689759,2950.67101649704,3009.60799850892,3057.43908253151,3095.53491971205,3125.37336196201,3148.39002376917,3165.86826831896,3178.890849705,3188.33858573336,3194.91338759767,3199.16929477139,3201.54232302704,3202.37630107927,3201.9434761002,3200.46076702184,3198.10210423278,3195.00792457992,3191.29240405545,3187.04899184051,3182.35467641665,3177.273230275,3171.85783817138,3141.10967523845,3106.45792579854,3069.59366140893,3031.34827692147,2992.1481869371,2952.21718585183,2911.6754468148,2870.59181570534,2829.01376194017,2786.98542677332,2744.55886111694,2701.80122078837,2658.79807802564,2615.65451944356,2572.49318242221,2529.45004023325,2486.6691945427,2444.29604737759,2402.47084863763,2361.32296192709,2320.96619596856,2281.49637429119,2242.98950997132,2205.50259880992,2169.07441258901,2133.72752215298,2099.47055769144,2066.30056220375,2034.20525343278,2003.16508111096,1973.1550231273
5,1487.78820954475,1864.85081306526,2588.58552328636,2704.11018144781,2804.94779574256,2891.81914438859,2965.46105809126,3026.71784059251,3076.65918893983,3116.59825588693,3147.9889615051,3172.27437564228,3190.76555586126,3204.58153981936,3214.63994253592,3221.67583885083,3226.27137001613,3228.88554611164,3229.88067703848,3229.54380108307,3228.10358195848,3225.74327600032,3222.61082513207,3218.82642065416,3214.48837161676,3209.67760414156,3204.46114090189,3198.89482070104,3167.2182999804,3131.45371893339,3093.36998011533,3053.83679321405,3013.30166021617,2972.0019916245,2930.06852202289,2887.58013579402,2844.59485769255,2801.16869597275,2757.366907812,2713.27096858478,2668.98121432086,2624.61707032898,2580.31403376001,2536.21846294496,2492.48162227583,2449.25243728444,2406.67106051591,2364.86348067344,2323.93776761205,2283.98191071456,2245.06332081648,2207.22999447791,2170.51191468605,2134.92342641,2100.46570976122,2067.12922882727,2034.8960044067,2003.74162719288,1973.63697868208
6,1490.60523956105,1865.35437262352,2592.54239164475,2709.84923388154,2812.63742836555,2901.53338116788,2977.19235942991,3040.38157244294,3092.09925725867,3133.60451969194,3166.32483145918,3191.70407474867,3211.0731161455,3225.57966888312,3236.17171440002,3243.6122511765,3248.50737749102,3251.33585371947,3252.47595207807,3252.22748139021,3250.82927024055,3248.4727506365,3245.31230517842,3241.47336728555,3237.05846406504,3232.1519483073,3226.82364260146,3221.13167472991,3188.67664685465,3151.97389069191,3112.85996066065,3072.23796379695,3030.57407550621,2988.11796045049,2945.01009844983,2901.33860924315,2857.1713621532,2812.57511345383,2767.62695918687,2722.42091600582,2677.06990283905,2631.70517639468,2586.47240719229,2541.52568214415,2497.02103227836,2453.10899017259,2409.92832781333,2367.60112478601,2326.22965209696,2285.89488086278,2246.65666353716,2208.55537454854,2171.61372053526,2135.83935511249,2101.22748178699,2067.76334512613,2035.42448613891,2004.18270233709,1974.00569390805
7,1493.30961586843,1865.83659421806,2595.70440483697,2714.47413153575,2818.88386176096,2909.48167609559,2986.85342793814,3051.69924550776,3104.95354321434,3147.82480599446,3181.71290658767,3208.05836794934,3228.20636856817,3243.32809267304,3254.39712159355,3262.20061385752,3267.36561097665,3270.38826060523,3271.66094908519,3271.49480748986,3270.13770593259,3267.78827691339,3264.60673944513,3260.72310942544,3256.24368695262,3251.25587183441,3245.83197609409,3240.0321730963,3206.90454462453,3169.38760752995,3129.37809727256,3087.80898262317,3045.16328901305,3001.70196951835,2957.57457074183,2912.87783134128,2867.68876951766,2822.08408692342,2776.15160709457,2729.99648027504,2683.7425598723,2637.53107091133,2591.51592236122,2545.85708201446,2500.71375260273,2456.23687543593,2412.56312680576,2369.8104649538,2328.07560942125,2287.43313475437,2247.93621609899,2209.61864439519,2172.49694705949,2136.57316959892,2101.83755912329,2068.27106771301,2035.84757693233,2004.53580130634,1974.30086942529
8,1495.91124609691,1866.30389797695,2598.31137818065,2718.31443257195,2824.10556927645,2916.16746518713,2995.0256744185,3061.32123678009,3115.93097463329,3160.01596511682,3194.94820791764,3222.16204211422,3243.01304316981,3258.69176203876,3270.19397572522,3278.32820046684,3283.73993455114,3286.94097440758,3288.33640374694,3288.24756549527,3286.93049724779,3284.59035844873,3281.39257525063,3277.47142655025,3272.93654218714,3267.87810116713,3262.37066732881,3256.4762641925,3222.75514491443,3184.51696267113,3143.71293426791,3101.3031485609,3057.78619678508,3013.43339345699,2968.4028345836,2922.7994174302,2876.70870650939,2830.21670585103,2783.42098738408,2736.43675254372,2689.3974556423,2642.45286882143,2595.76368124957,2549.49439593883,2503.8062728278,2458.84987603476,2414.75937764486,2371.64858093067,2329.60894839892,2288.70920768974,2248.99657249631,2210.49905742356,2173.22783950879,2137.18015945807,2102.34205236824,2068.69084685468,2036.19735178109,2004.82770447127,1974.54488968106
9,1498.41869730973,1866.75990070464,2600.51183548482,2721.5756211592,2828.56592989446,2921.90946643176,3002.07913142245,3069.6632680776,3125.48632584085,3170.66491166128,3206.54332060215,3234.54774985258,3256.04120685995,3272.23055057204,3284.13097551556,3292.56993341291,3298.20980629494,3301.57644794111,3303.08654283126,3303.0707628651,3301.79261822638,3299.46324528735,3296.25285879637,3292.29956757867,3287.71617523391,3282.59532099367,3277.01365503824,3271.03489600166,3236.78176683577,3197.89479124146,3156.37514724711,3113.20791437278,3068.90604940094,3023.75065933086,2977.90790194081,2931.49040945379,2884.59182941176,2837.3067599952,2789.74195441947,2742.02157808269,2694.28768174722,2646.69743086508,2599.41717005713,2552.61492369138,2506.45320211821,2461.08165988713,2416.63173341426,2373.21312701525,2330.91234442276,2289.79274526427,2249.89617107558,2211.24550378977,2173.84721699078,2137.69436306063,2102.76933062965,2069.04632825496,2036.49353045644,2005.07487266744,1974.75151303692
10,1500.83944314737,1867.20708874692,2602.4034908401,2724.3940091517,2832.44059040038,2926.92157395454,3008.26330519677,3077.00676188361,3133.92845397932,3180.10318254749,3216.84795478424,3245.57944022616,3267.66578480468,3284.32769746701,3296.59756634439,3305.31994886171,3311.1725421074,3314.69416272462,3316.31214911563,3316.36578055526,3315.12547189303,3312.8078870062,3309.58767134023,3305.60649706851,3300.98002590525,3295.80329954892,3290.15481110326,3284.09987096873,3249.36395537371,3209.88639771005,3167.71459485449,3123.85687164152,3078.8396285647,3032.95322084165,2986.3714744005,2939.2143882146,2891.58327205984,2843.58083793291,2795.3222427081,2746.93996234606,2698.58371886362,2650.41714583212,2602.61134469494,2555.3370770966,2508.75750396456,2463.02100183377,2418.256147175,2374.56864662852,2332.04041890179,2290.72960562219,2250.67343487515,2211.89009072399,2174.38186104892,2138.13809734086,2103.13798438082,2069.35300181799,2036.74902844262,2005.28808636852,1974.92975015342
11,1503.18005140288,1867.64705150469,2604.05374672034,2726.86417977454,2835.85225692031,2931.35392207569,3013.75401138018,3083.55080890182,3141.47650616798,3188.56657437047,3226.11128848658,3255.51679848017,3278.15457464838,3295.25717562863,3307.87234921228,3316.86021754191,3322.91252016529,3326.58015376104,3328.30024545381,3328.42011146989,3327.21659701379,3324.91151818855,3321.68365235734,3317.6779955923,3313.01289528414,3307.78557647326,3302.07630921561,3295.95186951515,3260.77356775697,3220.75322740849,3177.98153330671,3133.48847163291,3087.81314164716,3041.25465536085,2993.99422208998,2946.15887378394,2897.857166242,2849.19946526801,2800.30884488601,2751.32534648716,2702.40565516546,2653.71909180538,2605.44079196297,2557.74363546503,2510.79097866174,2464.72965816082,2419.68533952893,2375.75985204008,2333.03070309543,2291.55145524734,2251.35486363922,2212.45494025169,2174.85021021806,2138.52671823429,2103.46080024227,2069.62151875794,2036.97272541389,2005.47475699271,1975.08579586558
12,1505.44633061848,1868.08104965408,2605.51087002113,2729.0544725318,2838.88977511838,2935.31571218052,3018.67980046092,3089.4412647184,3148.29147129729,3196.22868779823,3234.51708791531,3264.55158833641,3287.70552447065,3305.2216470446,3318.16152435564,3327.39954137002,3333.64045845096,3337.44630042866,3339.26351351204,3339.44681449988,3338.27910739798,3335.98704164406,3332.75327268854,3328.72591712718,3324.02584398959,3318.75230337358,3312.98730878112,3306.79893706029,3271.21200581381,3230.68900134611,3187.36120255855,3142.27908828075,3095.9937637386,3048.81272022391,3000.92419692959,2952.46197773949,2903.54157579431,2854.28060666711,2804.80949598703,2755.27534802913,2705.841134245,2656.68123951095,2607.97422563402,2559.89459367303,2512.60554405623,2466.25219868593,2420.9572855581,2376.81889431162,2333.91030754595,2292.28100125982,2251.95943971902,2212.9558856258,2175.26545287762,2138.87120401386,2103.74691658816,2069.85948970076,2037.17096546535,2005.64017946844,1975.22407607463
13,1507.6434800945,1868.50969244989,2606.81048603056,2731.01532329099,2841.61939108968,2938.88870845939,3023.13711624836,3094.7880660141,3154.49500197483,3203.22097526238,3242.20472582553,3272.82942597496,3296.46908483366,3314.37525182416,3327.62200497609,3337.09687656799,3343.51674358661,3347.45407190925,3349.36397673297,3349.60822124225,3348.47539156872,3346.19669559302,3342.95844809044,3338.91171082167,3334.17973328049,3328.86369884692,3323.04720180229,3316.79961178908,3280.83271500214,3239.84116316133,3195.99458356109,3150.36286470759,3103.50850546974,3055.7471308916,3007.27363367034,2958.22832660191,2908.73338262077,2858.91330473163,2808.90543232379,2758.86341901265,2708.95599830286,2659.36204610811,2610.26305761835,2561.83475047018,2514.23989490717,2467.62176668853,2422.10017609747,2377.76960452453,2334.69939037484,2292.93503444004,2252.50118730232,2213.40461653643,2175.63732117024,2139.17965321319,2104.00307342011,2070.07252753407,2037.34842767925,2005.78825969834,1975.34785647344
14,1509.77605561107,1868.93372565022,2607.97957111407,2732.78525683636,2844.09171942603,2942.13562255162,3027.20022242834,3099.67605445212,3160.18120563651,3209.64532169915,3249.28238934634,3280.4634753008,3304.56227855289,3322.8379612541,3336.3759813354,3346.0760504848,3352.66637579011,3356.72923974907,3358.72790285114,3359.03088780438,3357.9320611829,3355.66698223812,3352.42543420223,3348.36127138052,3343.60000018997,3338.24463743354,3332.38025002126,3326.07751264323,3289.75531265733,3248.32462783071,3203.99147576261,3157.84420930122,3110.45624799902,3062.15093616237,3013.12968102329,2963.53905410217,2913.50761945483,2863.16644125823,2812.65938180713,2762.14620131534,2711.80090544835,2661.80640059704,2612.34668851009,2563.59837010687,2515.7235691208,2468.86362626821,2423.13546601792,2378.63009365694,2335.41310861223,2293.52628520831,2252.99072904381,2213.80997992772,2175.97317500072,2139.4581860559,2104.23436082868,2070.26486816344,2037.50864051931,2005.92194048526,1975.45959491747
15,1511.84823367746,1869.35363311015,2609.03898802418,2734.39416573634,2846.34623596976,2945.10553991074,3030.92742707939,3104.17202140574,3165.42433464373,3215.58226302381,3255.83571860023,3287.54341422384,3312.07791828962,3330.70498572816,3344.52047034576,3354.43541505726,3361.18866544508,3365.37177080062,3367.45573498437,3367.81540857464,3366.74976326656,3364.49846758729,3361.25460503591,3357.17468765695,3352.38637042726,3346.99441535779,3341.08531464908,3334.73091523527,3298.07487032628,3256.23069485422,3211.43907236139,3164.80598549377,3116.91532530378,3068.09787473895,3018.56133700841,2968.45832899963,2917.92356047866,2867.09435611413,2816.12072777469,2765.16822851587,2714.41562897264,2664.04948497637,2614.2559443343,2565.21221409318,2517.07959936606,2469.99744591616,2424.07983599367,2379.41442671731,2336.06326631511,2294.06462491857,2253.43629855568,2214.17883198672,2176.27871869511,2139.71154776434,2104.44472786322,2070.43980102595,2037.65434754312,2006.04351379004,1975.56120967993
16,1513.86375449451,1869.76979498841,2610.00511091742,2735.86569222575,2848.4142762919,2947.83755392876,3034.36530407072,3108.32945102819,3170.28397407412,3221.09653863331,3261.9336501149,3294.14150493924,3319.0908512777,3338.05315176352,3352.13379138528,3362.25439434964,3369.16383131595,3373.46242992744,3375.62855283861,3376.04304301017,3375.00983978926,3372.77243269339,3369.52708933923,3365.43285978205,3360.61945102606,3355.1932920411,3349.24223638669,3342.83922346424,3305.86821268261,3263.63311478548,3218.4077745179,3171.31506128829,3122.9489356454,3073.64736600316,3023.62415215369,2973.03775910674,2922.0288171191,2870.74065174071,2819.3291198835,2767.96513514573,2716.83194165728,2666.11935901139,2616.01537096954,2566.69755387514,2518.3262646912,2471.03881203292,2424.94648704524,2380.13372129269,2336.65918388739,2294.55783913394,2253.84438368425,2214.51657045205,2176.5584392856,2139.94346762631,2104.63727511998,2070.59990602881,2037.78769780682,2006.15477221943,1975.65419835021
17,1515.82602372864,1870.18251555858,2610.89120546006,2737.2188198221,2850.32109657361,2950.36327181249,3037.55161177787,3112.19180708893,3174.80864325305,3226.2409521999,3267.63248395926,3300.31682270522,3325.66231237158,3344.94534928241,3359.28008397988,3369.59805374271,3376.65760606176,3381.06740969565,3383.31284157445,3383.78049789835,3382.77897798781,3380.55551849053,3377.30940559185,3373.20212008662,3368.36533457362,3362.90707487309,3356.91649866969,3350.46761639392,3313.19831514512,3270.59230042241,3224.95524779778,3177.42617944592,3128.6087856831,3078.8479901527,3028.36347516027,2977.31946852419,2925.86221840585,2874.14083102228,2822.31672596963,2770.5658533318,2719.07559823095,2668.03872851742,2617.64479572807,2568.07155784686,2519.47829728106,2472.00027023852,2425.74603244009,2380.79690667496,2337.20834093346,2295.01217346031,2254.22018695201,2214.82752277076,2176.81593393871,2140.15693571267,2104.81448931921,2070.74725323981,2037.91041676148,2006.25715621319,1975.73976554013
18,1517.73807924577,1870.59204239754,2611.70788463103,2738.46900944816,2852.08737069219,2952.70858632682,3040.51736212924,3115.79486798876,3179.03835890619,3231.05912268038,3272.97878561358,3306.11827505445,3331.84303371517,3351.43371028671,3366.01253792672,3376.5203676989,3383.72453067216,3388.24164253948,3390.56378396814,3391.08306015152,3390.11250460863,3387.903049724,3384.65677877768,3380.53754008078,3375.67889387932,3370.19039962923,3364.16246754228,3357.67013670144,3320.11745019165,3277.15844358747,3231.12932244425,3183.18472319454,3133.93771614312,3083.73996979581,3032.81691108534,2981.33827202759,2929.45581798849,2877.32417860184,2825.11007145379,2772.99419213386,2721.16776836527,2669.82623636688,2619.16048122048,2569.34827122698,2520.54773352442,2472.89205896453,2426.48712433273,2381.41125648208,2337.71682662505,2295.43270989654,2254.56794182124,2215.11521201948,2177.05413420408,2140.35439305329,2104.97838728481,2070.88352104797,2038.02390295866,2006.35183293381,1975.81888697528
19,1519.60274686177,1870.99857994285,2612.46384288301,2739.62899863334,2853.73006460574,2954.89495638995,3043.28831962358,3119.16842189253,3183.00649899951,3235.5874876978,3278.01150069334,3311.58680432579,3337.67551493019,3357.56192986054,3372.37575261549,3383.06660715421,3390.41036154048,3395.03122151719,3397.42768917792,3397.99715734004,3397.05695107674,3394.86146496158,3391.61556528961,3387.48534822847,3382.60619095731,3377.08912922681,3371.02577897814,3364.49216951506,3326.66948737883,3283.37359709109,3236.97011188763,3188.62873598081,3138.97161857682,3088.3569817764,3037.01583861513,2985.12324248966,2932.83638484293,2880.31512031349,2827.73125184012,2775.26995502791,2723.12603132642,2671.49733635241,2620.57588378419,2570.53930968073,2521.54451464935,2473.72262126635,2427.17689027747,2381.98275343354,2338.18964131533,2295.82361263682,2254.89110568731,2215.38250202283,2177.27540728123,2140.53779216987,2105.13063154974,2071.01009475441,2038.12931282865,2006.4397699283,1975.89237431181
20,1521.42260114311,1871.4022992733,2613.16649083417,2740.7093947227,2855.2634571551,2956.94035049909,3045.88610825384,3122.33752097807,3186.74118402773,3239.85679005019,3282.76352597927,3316.75702464189,3343.19571088181,3363.36699319259,3378.40749317592,3389.27511702812,3396.75386355429,3401.47520282548,3403.94380165325,3404.5621380513,3403.65166936951,3401.47012671449,3398.225059271,3394.08473097642,3389.18627144836,3383.64214044139,3377.5451169549,3370.97218547412,3332.89160588573,3289.27340793775,3242.51158957859,3193.79042183358,3143.74086051056,3092.72749876783,3040.98679668562,2988.69900658364,2936.02649781506,2883.13423951169,2830.19886783626,2777.40979610683,2724.96515581624,2673.06499878133,2621.90228644277,2571.65440012115,2522.47695668725,2474.49901738556,2427.82128478848,2382.51639675603,2338.63096613109,2296.18837050234,2255.19258685165,2215.6318171751,2177.48177654982,2140.7088257612,2105.27258718647,2071.12810544457,2038.2275832552,2006.52174263895,1975.96086844054
21,1523.19997310799,1871.80334529657,2613.82186169406,2741.71911554379,2856.69955420721,2958.85995381078,3048.32904299644,3125.32342526728,3190.26631803168,3243.89319940486,3287.26289590983,3321.65845933489,3348.43430848114,3368.88048203283,3384.14001929843,3395.17866146816,3402.78816663876,3407.60697114136,3410.14567080767,3410.81164360622,3409.9303335428,3407.76265776439,3404.51886074245,3400.36919687801,3395.45252375056,3389.88267720429,3383.75356020157,3377.14308030926,3338.81559179481,3294.88834420119,3247.78278231496,3198.69728596446,3148.27136299622,3096.87581432479,3044.75240905216,2992.08646458135,2939.04537243769,2885.79903482508,2832.52871423342,2779.42783912446,2726.697649435,2674.54019261084,2623.14921786408,2572.70174623797,2523.35206520512,2475.22718621022,2428.4253127754,2383.0163826337,2339.04430573827,2296.52990203993,2255.47481068184,2215.86517047092,2177.67491166486,2140.86887843866,2105.40542126076,2071.23852848232,2038.319531931,2006.59843924554,1976.02495129826
22,1524.93700189909,1872.20184211889,2614.43511380095,2742.66572296051,2858.04855635368,2960.66670619602,3050.6327638249,3128.14432361958,3193.60238502694,3247.71917145883,3291.53369221009,3326.31649021789,3353.41770656843,3374.12957796448,3389.60110603265,3400.80545752784,3408.54180877508,3413.45528825443,3416.06220403724,3416.77466346318,3415.92196266171,3413.76813202604,3410.52592731242,3406.36762525461,3401.43372381658,3395.83939091062,3389.67961745958,3383.03320457763,3344.4688348112,3300.2446527243,3252.80868697313,3203.37300355633,3152.58542797125,3100.82281502377,3048.33211653348,2995.30358721406,2941.9094955952,2888.32450450481,2834.73431512364,2781.33609218151,2728.33419823888,2675.93227879962,2624.32480081867,2573.68833379781,2524.17579963205,2475.91217559863,2428.99322437707,2383.48627219213,2339.43263276108,2296.85068188907,2255.73983354517,2216.08427368609,2177.85623520331,2141.0191333966,2105.53011928566,2071.3421863921,2038.40583422101,2006.67042232569,1976.08509200678
23,1526.63574879988,1872.59789711694,2615.01064413678,2743.55567898618,2859.31920731472,2962.37171731847,3052.81072581389,3130.81589203177,3196.76706655111,3251.3541149153,3295.59675070021,3330.75309565683,3358.16877818008,3379.13784311274,3394.81483834112,3406.17997990953,3414.03954799459,3419.04511017741,3421.71848648822,3422.47635598485,3421.65174275215,3419.51169226457,3416.27139340093,3412.10508296521,3407.15484907987,3401.53715084449,3395.34803396739,3388.66716582939,3349.87510477765,3305.36510576976,3257.61094759429,3207.83810049607,3156.70238110934,3104.58654837439,3051.74274466086,2998.36591426866,2944.63310848997,2890.723598843,2836.82733876738,2783.14507332114,2729.88399915017,2677.24930481294,2625.43601064079,2574.62015544834,2524.95326720661,2476.55830780561,2429.52865627305,2383.92911079047,2339.79848824076,2297.15282491883,2255.98941280766,2216.29057188888,2178.02694081457,2141.16057491472,2105.64749119974,2071.43974373931,2038.48707185645,2006.73817835384,1976.14169839115
24,1528.29802430861,1872.99160406697,2615.5522276563,2744.39454468195,2860.5190475587,2963.98459082837,3054.87458266999,3133.35173124236,3199.77572643059,3254.81491553586,3299.47021695959,3334.98743141915,3362.70747074685,3383.92577679045,3399.80223709262,3411.32359511797,3419.30300235878,3424.39823107064,3427.13642756196,3427.93869639884,3427.14167445108,3425.01533122455,3421.77718117171,3417.60346879296,3412.63772020788,3406.99768317102,3400.78042733901,3394.06646108786,3355.05516374817,3310.26958917056,3262.20856219573,3212.11048860164,3160.63907902405,3108.18286773925,3054.9989531696,3001.28697849653,2947.22860800904,2893.00756929249,2838.81785047162,2784.86380817384,2731.35502120519,2678.49823622884,2626.4888785777,2575.50238758044,2525.68887544768,2477.1693098393,2430.03474121503,2384.34751962342,2340.14405742186,2297.43814813623,2256.22505658679,2216.48532956702,2178.1880824914,2141.29408359669,2105.75827528367,2071.53182236084,2038.56373299902,2006.80211154829,1976.19510477813
25,1529.92553551523,1873.3830453624,2616.06312664171,2745.18713676199,2861.65462267547,2965.5136804219,3056.83449022907,3135.76371357201,3202.64179545047,3258.11635258583,3303.16998862713,3339.0362927206,3367.05128367902,3388.51153699325,3404.58175767044,3416.25506667095,3424.3511598933,3429.53379639109,3432.33527605137,3433.18099291511,3432.41108947051,3430.29837452114,3427.06265464996,3422.88202651426,3417.9015125684,3412.24008019073,3405.99579433089,3399.24998080812,3360.0272538447,3314.97557099671,3266.61811568776,3216.20589084816,3164.41031183068,3111.62556182413,3058.11358968053,3004.0786299958,2949.70683866046,2895.18625963625,2840.71481283057,2786.5001374679,2732.75421227783,2679.68513982054,2627.48865235293,2576.33952980807,2526.38645222358,2477.74841594995,2430.51419705864,2384.74377217944,2340.47123580529,2297.70822838934,2256.44807500921,2216.6696301358,2178.3405583833,2141.42040410997,2105.86308921761,2071.61893490299,2038.63625628058,2006.86259078711,1976.24562276442
26,1531.51986691414,1873.77229474133,2616.54617730884,2745.93765188084,2862.73164769213,2966.96629421577,3058.69934907596,3138.06226061676,3205.37707976587,3261.27143290835,3306.7100700557,3342.9144857663,3371.21565275206,3392.9109883457,3409.16969109579,3420.99096161457,3429.2007889655,3434.46871590569,3437.33203479929,3438.22030222215,3437.47706626612,3435.37789596455,3432.14482718109,3427.95775846676,3422.96316817519,3417.28121052025,3411.01091901629,3404.23441499943,3364.80748968688,3319.4984787287,3270.85428223672,3220.13818428838,3168.02912756658,3114.92682511467,3061.09797627647,3006.75130521928,2952.07734448752,2897.26832255973,2842.52594503964,2788.06098201819,2734.08766433112,2680.81532976066,2628.43992430032,2577.13551623456,2527.04934156616,2478.298449552,2430.96939419675,2385.11984980752,2340.78167403358,2297.96443762384,2256.65960673783,2216.84441799654,2178.48515172418,2141.54018630683,2105.9624726223,2071.70152993296,2038.7050150377,2006.91992719552,1976.29351195764
27,1533.08249215911,1874.1594176634,2617.00385913425,2746.64976636623,2863.75513917659,2968.34890243265,3060.47700031305,3140.25656764872,3207.99201042418,3264.29166157113,3310.10286014881,3346.63512879695,3375.21426150804,3397.13825094622,3413.5804897362,3425.54598062079,3433.86677156689,3439.21799915157,3442.14179752398,3443.07176701706,3442.3547677314,3440.26905493324,3437.03883495885,3432.84576122043,3427.8377301403,3422.13605209592,3415.84070415836,3409.03458266158,3369.41017787102,3323.852005577,3274.93008263812,3223.91967804207,3171.50709513351,3118.0974644234,3063.96214099359,3009.31424186757,2954.34856788109,2899.26140775197,2844.25811073017,2789.55244187428,2735.36074675836,2681.89348548077,2629.34673450264,2577.89380484631,2527.68048043476,2478.82188855825,2431.40241180463,2385.47748957645,2341.07681868485,2298.20797784562,2256.86064923021,2217.01052039791,2178.62254864345,2141.65399959918,2106.05689850813,2071.78000088289,2038.77033700109,2006.97439422001,1976.33900089999
28,1534.61478442025,1874.54447324765,2617.43835082728,2747.32671692674,2864.72952236527,2969.66710177346,3062.17438487608,3142.3547865016,3210.49584697007,3267.18726289888,3313.35938752026,3350.20989849658,3379.05929635777,3401.2059052136,3417.82703367537,3429.93322836051,3438.36237626119,3443.79503019737,3446.778024721,3447.74889250163,3447.05771784029,3444.9853728134,3441.75817905978,3437.55946451257,3432.53861683897,3426.81796515093,3420.49844284513,3413.66370200887,3373.84807742768,3328.04836139938,3278.85712392497,3227.56134096872,3174.85452001632,3121.14710129147,3066.71500711823,3011.77561750198,2956.52800897518,2901.17230008271,2845.91740152055,2790.97992486893,2736.57821490196,2682.9237474981,2630.21265460595,2578.61745014454,2528.28246112643,2479.32091861505,2431.81508275658,2385.81822203853,2341.35794385988,2298.43990742724,2257.05208056526,2217.16866548371,2178.75335303743,2141.76234516182,2106.14678324075,2071.85469413234,2038.83251078654,2007.02623276608,1976.38229104542
29,1536.11802555114,1874.92751509138,2617.85157589361,2747.97136647845,2865.65871873686,2970.92597435092,3063.79767425564,3144.36417579722,3212.89684488752,3269.96736242136,3316.48950422075,3353.64923302868,3382.76165684754,3405.12520749175,3421.92085114027,3434.16443621699,3442.69948352681,3448.21179443359,3451.25277141319,3452.26377463628,3451.59803003214,3449.53896120358,3446.31495321328,3442.11100214973,3437.07784820456,3431.33891753669,3424.99604270331,3418.13361345544,3378.13261646505,3332.09847951994,3282.64579668572,3231.07298903009,3178.08061914569,3124.08433882481,3069.36454916172,3014.14284269439,2958.62236477678,2903.00706087048,2847.50923933052,2792.34824745386,2737.74430146315,2683.90980045605,2631.04085644111,2579.30916254174,2528.85758224253,2479.79747649406,2432.20903031838,2386.14349485466,2341.6261770003,2298.6611626359,2257.23467734355,2217.31949714559,2178.8780988731,2141.86566611607,2106.23249495543,2071.92591594983,2038.8917916085,2007.07565588579,1976.42356058577
30,1537.59341416338,1875.30859207588,2618.24524000907,2748.58625832356,2866.54621813546,2972.13001481123,3065.35237842982,3146.29122524405,3215.20239430066,3272.64013773067,3319.5020464792,3356.96250059868,3386.33113029596,3408.90626941419,3425.87230089414,3438.25014830734,3446.88877266475,3452.47906716384,3455.57687650043,3456.62728991976,3455.98659710834,3453.94071167012,3450.72003320165,3446.51118686142,3441.46623390818,3435.7096720876,3429.34421234056,3422.45496504034,3382.27407073855,3336.01218929764,3286.30543998993,3234.46344199219,3181.19367318846,3126.91690020174,3071.91792228397,3016.42246050771,2960.63763521446,2904.77111282931,2849.03848429752,2793.66171159586,2738.86277859302,2684.85491633442,2631.83417064923,2579.97136038203,2529.4078949389,2480.25329137729,2432.58570519622,2386.45433397259,2341.88252927403,2298.8725796611,2257.4091351043,2217.4635945284,2178.99726943141,2141.96436710452,2106.3143740256,2071.9939382931,2038.94840609363,2007.12285277191,1976.46296776452
31,1539.04207292003,1875.68774902832,2618.62086189198,2749.17366083112,2867.39513857875,2973.28324545858,3066.84343575127,3148.14175918576,3217.41913564539,3275.21294442595,3322.40496896689,3360.15814032782,3389.77653780358,3412.55820784175,3429.69072530025,3442.19987602885,3450.93987913509,3456.6065711289,3459.76012127237,3460.84925429042,3460.23325017681,3458.20045457821,3454.98323539656,3450.76980995425,3445.71353087572,3439.9399434567,3433.55261740729,3426.63736763629,3386.28171403333,3339.7983597162,3289.84447816255,3237.74065320691,3184.20114524897,3129.65174443433,3074.38157043169,3018.62039281739,2962.57921737838,2906.46933067511,2850.5094971838,2794.92418366824,2739.93704075325,2685.76204923209,2632.59512390968,2580.6061956935,2529.93521695038,2480.68988744967,2432.94637680829,2386.75188535245,2342.12786861504,2299.07488934748,2257.57605431322,2217.60144866018,2179.11126383215,2142.05876985773,2106.39267669889,2072.05900986334,2039.00256364877,2007.16800070332,1976.50066364667
32,1540.46505493222,1876.0650272698,2618.97979897414,2749.73560484985,2868.20827617476,2974.38927900159,3068.27528814365,3149.92102338688,3219.5530567168,3277.69242175006,3325.20545768852,3363.2437807178,3393.10585708523,3416.08927103958,3433.38457901659,3446.02222885253,3454.86152590468,3460.60310982992,3463.811362652,3464.93855659576,3464.34689253196,3462.32709289496,3459.11345033602,3454.89573942501,3449.82857595408,3444.03853020764,3437.63001203638,3430.68952566994,3390.16394451974,3343.4650208476,3293.27050858241,3240.91181968704,3187.10978638271,3132.29516371697,3076.76131721553,3020.7419884419,2964.45198306843,2908.10611176005,2851.92620910598,2796.13914300885,2740.97013623618,2686.63384317545,2633.32599699026,2581.21561662961,2530.44120156957,2481.10866020727,2433.29222004463,2387.03713440981,2342.36302016981,2299.26876482558,2257.73599711326,2217.73353046262,2179.22047853132,2142.14921046263,2106.4676905029,2072.12133124364,2039.05442571438,2007.21122795538,1976.53674816577
33,1541.8633495363,1876.44046507171,2619.32326887683,2750.27391494771,2868.98814703161,2975.45137132111,3069.65194444174,3151.63375822669,3221.60957462808,3280.08458216205,3327.91002517683,3366.2263398484,3396.3263264028,3419.50694547187,3436.96153794972,3449.72502486849,3458.66163539206,3464.47667964199,3467.73864661882,3468.90327245854,3468.33561294131,3466.32871532975,3463.11875556708,3458.89703236742,3453.81936076211,3448.01342670836,3441.58435018315,3434.61934785071,3393.92839179315,3347.01946651574,3296.59051157876,3243.98347523956,3189.92572317984,3134.85286577021,3079.06244276112,3022.79209438133,2966.26031055245,2909.6854358277,2853.29217538271,2797.30973419651,2741.96481858686,2687.4726857107,2634.0288403428,2581.80136949879,2530.92732472526,2481.51084928095,2433.62426898215,2387.31094125116,2342.58869728785,2299.45480245768,2257.88945732946,2217.86024860069,2179.32525165264,2142.23596869227,2106.53964695779,2072.18111011148,2039.10416978218,2007.25268677458,1976.57135407212
34,1543.2378874643,1876.81409803826,2619.65236747997,2750.79023577674,2869.737022632,2976.47246609119,3070.97703402846,3153.28426074237,3223.5936053151,3282.39488702554,3330.52459192944,3369.11211058451,3399.444532982,3422.8180466798,3440.42859199144,3453.31538489856,3462.34742456409,3468.23456576038,3471.54930407423,3472.7507602412,3472.20678239437,3470.2126931588,3467.0065124636,3462.78103179242,3457.69327656462,3451.87191842598,3445.42288044841,3438.43404147269,3397.58197459279,3350.46834172679,3299.81076687444,3246.96156839129,3192.65453260423,3137.33004386862,3081.28974903431,3024.77511635224,2968.00827468792,2911.21091579053,2854.6106213896,2798.43880795783,2742.92358217192,2688.28073817941,2634.70550964658,2582.36503419503,2531.39492183281,2481.89757646587,2433.94346187179,2387.5740873158,2342.80554904003,2299.6335404,2258.03688070772,2217.98197214498,2179.42588870108,2142.31929761008,2106.60875581842,2072.23852044213,2039.15194023397,2007.29249995782,1976.60458424913
35,1544.58954549321,1877.18595942904,2619.96808420933,2751.28605441224,2870.45695991952,2977.45523270937,3072.25385248796,3154.87643750417,3225.50962285823,3284.62831147434,3333.05455539149,3371.9068334629,3402.46648861115,3426.02879700665,3443.7921243512,3456.79981302068,3465.92548631906,3471.88342418393,3475.25003338157,3476.48774384097,3475.96713656675,3473.98576253004,3470.78344825085,3466.55444810297,3461.4569738986,3455.62066351339,3449.15222725391,3442.14019314937,3401.13111175215,3353.81771748788,3302.9370355653,3249.85153216608,3195.30130435668,3139.73143689027,3083.44761678444,3026.69507048761,2969.69949383553,2912.68584107211,2855.88448170613,2799.52895615576,2743.84869326199,2689.05996291639,2635.35768859136,2582.90804347587,2531.8452033432,2482.2698582479,2434.25064819577,2387.82727990946,2343.01416280901,2299.80547101947,2258.1786769081,2218.09904304152,2179.52267647915,2142.39943880726,2106.67520798576,2072.29372102196,2039.19786936236,2007.33077498085,1976.63652762022
36,1545.91915063493,1877.55608043229,2620.27131503234,2751.7627193773,2871.14982682697,2978.40209869697,3073.48540215507,3156.41384989167,3227.36171032018,3286.78939998458,3335.50484950533,3374.615758963,3405.39769458823,3429.14489238975,3447.05797974345,3460.18426579241,3469.40185945879,3475.42935220454,3478.84697116951,3480.12038368158,3479.62284697829,3477.65409555067,3474.45572698889,3470.22343009672,3465.11658020357,3459.26576287034,3452.77846058959,3445.74383814677,3404.58159095239,3357.07315513454,3305.97459381015,3252.65834030929,3197.87069843308,3142.0613798558,3085.54004835905,3028.5556300868,2971.33730367397,2914.11321476652,2857.11643368525,2800.58254182352,2744.74217836371,2689.81214651111,2635.98690907755,2583.4317001102,2532.27926928483,2482.62861794741,2434.54660006397,2388.07116219444,2343.21507321137,2299.97095988563,2258.31519576719,2218.21174413269,2179.61584084622,2142.47656997156,2106.73918188957,2072.34686209608,2039.24208442159,2007.36762137088,1976.66726802762
37,1547.22748392146,1877.92454258193,2620.56287356066,2752.2214569198,2871.81732430096,2979.3152775026,3074.67441972608,3157.89975303944,3229.15360351719,3288.88231426281,3337.87999597418,3377.24370193134,3408.24319776632,3432.17156001411,3450.23152325783,3463.47421202521,3472.78208911711,3478.87794928822,3482.34575350524,3483.65433804448,3483.17958236348,3481.22336178572,3478.02901100421,3473.79362614873,3468.67772425405,3462.81282091334,3456.3071564091,3449.25052049759,3407.93875848239,3360.23976188635,3308.92828585839,3255.38655821439,3200.36698991782,3144.32384978372,3087.57071786843,3030.36015304024,2972.92476097329,2915.49578563776,2858.30892634279,2801.60172499814,2745.60599915614,2690.5389198535,2636.59456860275,2583.93719193266,2532.69812217149,2482.97469674766,2434.83201768342,2388.30631557215,2343.40876123805,2300.1305436655,2258.44678215824,2218.32036613071,2179.70562882078,2142.55090302909,2106.80081966795,2072.39805662343,2039.2846735591,2007.40310598143,1976.69688585147
38,1548.51528383146,1878.29127185156,2620.84350057679,2752.66338500106,2872.46100517315,2980.19679245808,3075.82341403066,3159.33712948166,3230.88872886785,3290.91087468687,3340.18414865133,3379.79508794052,3411.00763917929,3435.11360828774,3453.31769139923,3466.67468461608,3476.07127916518,3482.23436987897,3485.75156895591,3487.09481627288,3486.64256194028,3484.69878132932,3481.50851383724,3477.27023702902,3472.14558882362,3466.26699798393,3459.74344885567,3452.66534489403,3411.20753628492,3363.32223902716,3311.8025699479,3258.04038636837,3202.79411103058,3146.52250292005,3089.54299994338,3032.11173343846,2974.46466606116,2916.83607805791,2859.46420532623,2802.58848503647,2746.44184539129,2691.24177543609,2637.18194528833,2584.4256044222,2533.10267742131,2483.30886204965,2435.10754362487,2388.5332755046,2343.59567246238,2300.28452606885,2258.57373867503,2218.42515916119,2179.79224711011,2142.62260878942,2106.86027644045,2072.44743764208,2039.32575217373,2007.43733026736,1976.72543967977
39,1549.78324939865,1878.65634409164,2621.11387224336,2753.08952536833,2873.08229049072,2981.04849755139,3076.93468529883,3160.72871833385,3232.57023625136,3292.8785963105,3342.42113212863,3382.27399405974,3413.6952960401,3437.97547033377,3456.32103651536,3469.790325671,3479.27413783932,3485.50336937769,3489.06920479487,3490.44662510548,3490.01660177317,3488.08517122837,3484.8990465984,3480.65806213282,3475.52495673007,3469.63301734862,3463.09207584566,3455.99302203384,3414.39246602591,3366.32492385651,3314.60155826496,3260.62369819458,3205.1556867061,3148.66070853282,3091.46000305333,3033.81321668774,2975.95960317707,2918.136405596,2860.58433691899,2803.54463996691,2747.25130240852,2691.92208234078,2637.7502108105,2584.89793245567,2533.49377392078,2483.63181723858,2435.37376431287,2388.75252957039,2343.77621129086,2300.43324199586,2258.69634242988,2218.5263524637,2179.87588538506,2142.69184425516,2106.91768224202,2072.49511290929,2039.36540959202,2007.47036827456,1976.75300152312
40,1551.03204303742,1879.01978422551,2621.37460720609,2753.50081401428,2873.68248368478,2981.87209538276,3078.01038752249,3162.07704070109,3234.20102764296,3294.7887202639,3344.59447541067,3384.68418434083,3416.31011910004,3440.76124198292,3459.24576561381,3472.82542593569,3482.39501761707,3488.68934432844,3492.30308738917,3493.71420917602,3493.30615532069,3491.38698599481,3488.20505840919,3483.96153980901,3478.82025102256,3472.91535981385,3466.3574188916,3459.23790822175,3417.49774736651,3369.25182635415,3317.32905186287,3263.1400731216,3207.45506571227,3150.74157808949,3093.3245967644,3035.46722702641,2977.41195214926,2919.39891047139,2861.67121606852,2804.4718633361,2748.0358286285,2692.5810992572,2638.30044180355,2585.35508951558,2533.8721814136,2483.94420724539,2435.63121767491,2388.96452493862,2343.95074858372,2300.57699858185,2258.81484761411,2218.62415640106,2179.95671781124,2142.75875373419,2106.97315675994,2072.54118180093,2039.40372841493,2007.50228872654,1976.77962864764
41,1552.26229311608,1879.38158973169,2621.62627276153,2753.89811027337,2874.26278290887,2982.66915292174,3079.05239307768,3163.3844218808,3235.78378215832,3296.64424123658,3346.70744140494,3387.02914090971,3418.8557646122,3443.47471511138,3462.09577439797,3475.78395937475,3485.43795019056,3491.79636766687,3495.45731762667,3496.90168654146,3496.5153489988,3494.60835315267,3491.43067188961,3487.18478275245,3482.03557024732,3476.11806817004,3469.54353803921,3462.40404011177,3420.52727113228,3372.10666133796,3319.98857128345,3265.59282558007,3209.69534795994,3152.76799083017,3095.13943528261,3037.07619136391,2978.82391228447,2920.62556653847,2862.72660204353,2805.37169892736,2748.79676856035,2693.21998586878,2638.83362961081,2585.797916309,2534.23860799461,2484.24662511831,2435.88039821017,2389.16967258306,2344.11962513389,2300.71607804722,2258.92948781176,2218.71876431612,2180.0349045144,2142.82346996823,2107.02681017808,2072.58573590004,2039.44078487824,2007.53315517882,1976.80537397056
42,1553.47459630472,1879.74185986636,2621.86939023373,2754.28220476077,2874.82429182173,2983.44111523853,3080.06253811558,3164.65301082712,3237.32097803256,3298.44793161375,3348.76305283588,3389.31209129961,3421.33562292264,3446.11940679446,3464.87467727684,3478.66961359826,3488.40667724355,3494.82821974159,3498.53570209682,3500.01287995264,3499.64801348501,3497.75310452889,3494.57971439712,3490.33160915835,3485.17471949035,3479.24493105127,3472.65420262085,3465.49516528992,3423.48464959174,3374.89287676465,3322.5833835009,3267.98503051149,3211.87940851948,3154.74261623114,3096.90697853905,3038.64235792029,2980.19751998099,2921.81820097941,2863.75211796893,2806.24557366571,2749.53536418656,2693.83981279251,2639.35068893452,2586.22718815359,2534.59370639015,2484.53961732311,2436.12176143242,2389.36835098418,2344.2831547348,2300.85074022625,2259.04047807289,2218.81035421919,2180.11059294185,2142.8861152179,2107.07874398412,2072.62885959441,2039.47664926685,2007.56302626971,1976.8302866386
43,1554.66951972108,1880.10054198344,2622.10443967557,2754.65382632461,2875.36802904238,2984.18931757103,3081.04248668077,3165.88479729607,3238.81491197602,3300.20236274227,3350.76411508984,3391.53603255767,3423.75284353853,3448.69858541288,3467.585833496,3481.48581672058,3491.30467762213,3497.78841570323,3501.54178062189,3503.05134446626,3502.70771136069,3500.82480388467,3497.65574561242,3493.40557023393,3488.24123779052,3482.29947219899,3475.69291841324,3468.51476927718,3426.3732419466,3377.61367871546,3325.11652570525,3270.31954588052,3214.00991881073,3156.6679338441,3098.62951055627,3040.16781323335,2981.53466711805,2922.97850743631,2864.74926681393,2807.09480896793,2750.25276497837,2694.44157033005,2639.85246540013,2586.64362146162,2534.93807947071,2484.82368839563,2436.35572777254,2389.5609093851,2344.44162688495,2300.98122480436,2259.14801675179,2218.89909029486,2180.18391909123,2142.94680225764,2107.12905185176,2072.67063080546,2039.51138651539,2007.59195621379,1976.85441195607
44,1555.84760289536,1880.45768083937,2622.33186398315,2755.01364815376,2875.89493646622,2984.91499595268,3081.99378080001,3167.08162692618,3240.26771624637,3301.90992372489,3352.713236416,3393.70375257108,3426.11035734078,3451.21529333088,3470.23237106038,3484.23576118376,3494.13519139515,3500.68022975973,3504.4788506398,3506.0203919003,3505.6977615943,3503.82677138942,3500.66208197355,3496.40997456692,3491.23842242102,3485.28497463813,3478.66295169171,3471.46609945557,3429.1961776195,3380.27205366621,3327.59082636061,3272.59903260324,3216.08936535604,3158.54625083433,3100.30915575161,3041.65449758019,2982.83710205908,2924.10805923719,2865.71944451946,2807.9206307576,2750.95003672561,2695.02617617526,2640.33974221943,2587.04787944905,2535.27228510286,2485.09930503679,2436.5826860141,2389.74767066013,2344.59530917243,2301.10775329485,2259.25228715277,2218.98512426425,2180.25500863676,2143.00563530615,2107.17782032401,2072.71112152264,2039.54505661524,2007.61999509876,1976.87779182295
45,1557.00935957181,1880.81329639292,2622.5520725781,2755.36229315969,2876.40588660343,2985.61929659959,3082.91785191341,3168.24521464059,3241.68137381794,3303.57283807911,3354.61284584187,3395.81784898799,3428.41089629225,3453.6723672789,3472.81720708295,3486.92242468224,3496.90124126993,3503.50671671896,3507.34998886121,3508.9231125567,3508.62126128936,3506.7621053611,3503.60181838114,3499.34790977277,3494.16935045919,3488.20450215319,3481.56735060011,3474.35218631238,3431.95637677218,3382.87078748529,3330.00892390453,3274.82597223947,3218.12006642529,3160.37971754669,3101.94789343724,3043.10421657762,2984.10646390779,2925.20832179226,2866.66394911157,2808.72417832833,2751.62816934645,2695.59448222737,2640.81324607772,2587.44057717695,2535.59684043255,2485.3668997266,2436.80299632515,2389.92893384634,2344.74444938356,2301.2305307895,2259.35345896986,2219.06859657246,2180.32397790664,2143.06271082888,2107.22512951263,2072.75039838822,2039.57771510532,2007.64718929885,1976.9004650369
46,1558.15527936378,1881.16740785052,2622.7654445213,2755.70033873354,2876.90168907139,2986.30328422631,3083.81603101088,3169.37715651047,3243.0577318054,3305.1931785443,3356.4652091058,3397.88074605139,3430.65701097623,3456.07245643579,3475.34306642134,3489.54858931034,3499.60565139922,3506.27073121757,3510.15807055892,3511.76239456975,3511.48110505613,3509.63370163146,3506.47784753265,3502.22226177742,3497.03689800057,3491.06091841902,3484.40892415297,3477.17586236997,3434.65656858199,3385.4124840744,3332.37328349387,3277.00268274348,3220.10418685054,3162.17034135901,3103.54757051107,3044.51865608575,2985.34427581598,2926.28065490668,2867.58399115355,2809.50651548706,2752.28808381434,2696.14728063076,2641.27365234966,2587.82228601647,2535.91222567667,2485.62687392241,2437.01699294102,2390.10497638408,2344.88927736571,2301.34974750502,2259.45168957374,2219.14963745618,2180.39093476903,2143.11811827404,2107.27105370141,2072.78852319718,2039.60941348595,2007.67358181754,1976.92246757707
47,1559.28582927593,1881.52003372575,2622.97233142561,2756.02832096159,2877.38309635548,2986.96794943159,3084.68955764469,3170.4789410304,3244.39851344635,3306.77288027821,3358.272442864,3399.89470961592,3432.85108624824,3458.41803856822,3477.81249818683,3492.11685806865,3502.25106476789,3508.97494466186,3512.90578683511,3514.54094125505,3514.28000231208,3512.44427084123,3509.29287719019,3505.0357320393,3499.84375731946,3493.85690408667,3487.19041865705,3479.93977909062,3437.29930756248,3387.8995800807,3334.68621142809,3279.13133275452,3222.0437512468,3163.91999902664,3105.10986278005,3045.89939033034,2986.55196022041,2927.32633482362,2868.48069417491,2810.26862238137,2752.93064119926,2696.68531370259,2641.72159627823,2588.19353761337,2536.2188874889,2485.87960089664,2437.2249865437,2390.27605610348,2345.03000668165,2301.46558015676,2259.54712515044,2219.22836788741,2180.45597941416,2143.17194072087,2107.31566188433,2072.82555334418,2039.64019959078,2007.69921259709,1976.94383286204
48,1560.40142272479,1881.87119189192,2623.17305994743,2756.3467383711,2877.85080893438,2987.61421527687,3085.53958796377,3171.55195573123,3245.70532879523,3308.31375264776,3360.03652739078,3401.86186057754,3434.99535523702,3460.71143447246,3480.22789051974,3494.62966998654,3504.83995807402,3511.62186089164,3515.59565984839,3517.26128625407,3517.02049280434,3515.19635396654,3512.04944568774,3507.79085296938,3502.59245223416,3496.59497208202,3489.91429486239,3482.64642201267,3439.88698817899,3390.33435918157,3336.94986924565,3281.21395309804,3223.94065584016,3165.63044775688,3106.63648609898,3047.24789215353,2987.73084741404,2928.34655122819,2869.35511496629,2811.01142900256,2753.55663474024,2697.20925742966,2642.15764646589,2588.55483009144,2536.51724513629,2486.12543183274,2437.42727019827,2390.44241691912,2345.16683999198,2301.57819780858,2259.63990750476,2219.30490750493,2180.51921358563,2143.2242655828,2107.35903011484,2072.86154222214,2039.6701179186,2007.72411879562,1976.96459198129
49,1561.50254951595,1882.22089962935,2623.36793402943,2756.65605526785,2878.30547985058,2988.24294315869,3086.36720189314,3172.59749979185,3246.97968429513,3309.81748980762,3361.75931795968,3403.78418691294,3437.0919119002,3462.95482092799,3482.59148384512,3497.08931360223,3507.37465548897,3514.21382969714,3518.23005700467,3519.92580800685,3519.70496035705,3517.89233602232,3514.74993557676,3510.49000177126,3505.28535189777,3499.27748133661,3492.58289962832,3485.29812433543,3442.42185796171,3392.7189646325,3339.16628500294,3283.25245002596,3225.79667907532,3167.30333510008,3108.12890500581,3048.5655414704,2988.88218324198,2929.34241783945,2870.20823890239,2811.73579750484,2754.16681894765,2697.71976423078,2642.58236413894,2588.90661852819,2536.80767804166,2486.3646810444,2437.62410315437,2390.60427216158,2345.29995264962,2301.68774218156,2259.73014895757,2219.37934350461,2180.58070316751,2143.2751399192,2107.40118887333,2072.89654681398,2039.69921820017,2007.74834443039,1976.98477426153
50,1562.58958527444,1882.56917366739,2623.55723689955,2756.95670470582,2878.74771879675,2988.85493806465,3087.17340956571,3173.61678883763,3248.22299136558,3311.28568010243,3363.44255506614,3405.66355449772,3439.14272230974,3465.15024234333,3484.90538279226,3499.49793908628,3509.85734092688,3516.75305925953,3520.81120310889,3522.53674174193,3522.33564566044,3520.53445892553,3517.39658657136,3513.13541289151,3507.92468320446,3501.90664914005,3495.19843889065,3487.89707914038,3444.90602930365,3395.05541056034,3341.33736423633,3285.24861370192,3227.61349115152,3168.94020786118,3109.58854070395,3049.85363286834,2990.00713602374,2930.3149786343,2871.04098919232,2812.44253627234,2754.76189362069,2698.21743421015,2642.99625916377,2589.24934119173,2537.09055632349,2486.59765992747,2437.81574616282,2390.7618394991,2345.42952513374,2301.79436465961,2259.81797812704,2219.45178631383,2180.64054329781,2143.3246478153,2107.44221390167,2072.93059547879,2039.72751845045,2007.77189829228,1977.00440602272
51,1563.66291955722,1882.91603022228,2623.7412328589,2757.24909119975,2879.17809577746,2989.45095328743,3087.95915709599,3174.61096241613,3249.43657412491,3312.71981472923,3365.08787362988,3407.50171684884,3441.14963481804,3467.29962124924,3487.17156693642,3501.85756916889,3512.29006910956,3519.2416273213,3523.34119169254,3525.09619091325,3524.91465729978,3523.12483244559,3519.99150634101,3515.72918924498,3510.51254197476,3504.48456227676,3497.76298874247,3490.44535040923,3447.34149009615,3397.34559213049,3343.46489963122,3287.20412795932,3229.39266261261,3170.54252012043,3111.01672874648,3051.11338244987,2991.10680279072,2931.2652134448,2871.85423209941,2813.13240308161,2755.34251496074,2698.70283013505,2643.39980993036,2589.5834016006,2537.36621788218,2486.82465042164,2438.00243326822,2390.9153116539,2345.55571747072,2301.89819761856,2259.90350420736,2219.52232595656,2180.69880911961,2143.37285129215,2107.48215504993,2072.96374267274,2039.75506754458,2007.7948250859,1977.02351286894
52,1564.72292533345,1883.26148503118,2623.92016888366,2757.53359304556,2879.59714439767,2990.03169466288,3088.72533177569,3175.58109011311,3250.62167634895,3314.12129532957,3366.69681129697,3409.30032391689,3443.11438923534,3469.4047677732,3489.39190049951,3504.17010900947,3514.67477555679,3521.68149126476,3525.82199514788,3527.60613736446,3527.44398203013,3525.66544458388,3522.53668095967,3518.27331239035,3513.05090312119,3507.0131870881,3500.27850544547,3492.94488297892,3449.73011333751,3399.59129474773,3345.55057975762,3289.12057848991,3231.1356721031,3172.11164047269,3112.41472574766,3052.34593400656,2992.18217044732,2932.19404307082,2872.64878124858,2813.80610943621,2755.90929889559,2699.17648013385,2643.79346534011,2589.90917838254,2537.63498104022,2487.04591617387,2438.18438361747,2391.06487176623,2345.67868117893,2301.99936628557,2259.98683065799,2219.59104791565,2180.75557054072,2143.41980797863,2107.52106378742,2072.99603204977,2039.78190279081,2007.81715698329,1977.04211843644
53,1565.76995993415,1883.60555338284,2624.09429344304,2757.81056452608,2880.00536482205,2990.59782438765,3089.47276675798,3176.5281770718,3251.77946775505,3315.49144096886,3368.27081598044,3411.0609300372,3445.03862513134,3471.46738821203,3491.56814112859,3506.43735512928,3517.01328563225,3524.07449723571,3528.25547390318,3530.06845053481,3529.92549401429,3528.15817047738,3525.03398382705,3520.76965155224,3515.54162951957,3509.49437864788,3502.74683449362,3495.39751155396,3452.07366583109,3401.79420237493,3347.59599732489,3290.9994603476,3232.84391338443,3173.64885857523,3113.7837154512,3053.55236460062,2993.23429811734,2933.10233384393,2873.42540179939,2814.46432415955,2756.46282416412,2699.63888025861,2644.17764696911,2590.2270281327,2537.89714232431,2487.26170655619,2438.36180445291,2391.21069107431,2345.79855791325,2302.09798762754,2260.06805407918,2219.65803197531,2180.81089477667,2143.46557387639,2107.55898293102,2073.02749829988,2039.80805206743,2007.83891611906,1977.06024486622
54,1566.8043659337,1883.94825014546,2624.26378894504,2758.08033783407,2880.40322643459,2991.14996446519,3090.20224528948,3177.453168983,3252.91104968772,3316.83149442841,3369.81125249931,3412.78500113442,3446.92388935974,3473.4890928032,3493.70194785524,3508.66100351143,3519.3073227464,3526.42238841901,3530.64338474633,3532.48489580981,3532.36096309952,3530.60478131154,3527.48518446701,3523.21997224379,3517.98648081036,3511.92988871647,3505.16971889632,3497.80496888164,3454.37381607509,3403.9559050805,3349.6026547731,3292.84218470083,3234.51870169509,3175.15539108139,3115.12481422837,3054.73368962036,2994.26405679194,2933.99090180136,2874.18481416231,2815.10767667007,2757.00363516939,2700.09049695703,2644.55275214683,2590.53728312065,2538.15298254882,2487.47225507152,2438.53488976609,2391.35293029302,2345.91548060982,2302.19417182452,2260.14726563279,2219.72335362338,2180.86484312435,2143.5101994697,2107.59595535601,2073.05817709003,2039.83354510106,2007.8601273172,1977.07791292908
55,1567.82647196935,1884.28958979181,2624.42887519161,2758.34322482249,2880.7911702928,2991.68869982258,3090.91450454147,3178.35695660577,3254.01746027299,3318.14262791259,3371.31940901358,3414.473921263,3448.77164289071,3475.47140278331,3495.79488832597,3510.84265696008,3521.55851580981,3528.726812558,3532.98738838809,3534.85714211129,3534.75206257322,3533.00695143714,3529.89195571302,3525.62594358266,3520.38712051719,3514.32137381226,3507.54880636075,3500.16885168322,3456.63214143209,3406.07790589622,3351.57197354296,3294.65008533063,3236.1612795265,3176.63238702806,3116.43907606838,3055.89086736774,2995.27230953364,2934.86051646199,2874.92769737369,2815.7367599668,2757.53224458208,2700.53177050121,2644.91915158426,2590.840258546,2538.40276500466,2487.67778122223,2438.70383005905,2391.49174877833,2346.02958234074,2302.28802959849,2260.22455757014,2219.7870898791,2180.91748202772,2143.55374251514,2107.63203200514,2073.08810191887,2039.85840981124,2007.88081389284,1977.09514213349
56,1568.83659350381,1884.6295864221,2624.58974289218,2758.59951858732,2881.16961123835,2992.2145811349,3091.61023908389,3179.24037987016,3255.09967909931,3319.42594823592,3372.79650243005,3416.12899855537,3450.58326702669,3477.41575681056,3497.84844538221,3512.98383179833,3523.76840601723,3530.98932879974,3535.28905634783,3537.1867688028,3537.10037594482,3535.36626547496,3532.2558807789,3527.98914527173,3522.74512306411,3516.67040157198,3509.88565662834,3502.49079278523,3458.85013465627,3408.16162706001,3353.50529779739,3296.42442263636,3237.77282231129,3178.08093273608,3117.72749711641,3057.02480322875,2996.25987142666,2935.71190425781,2875.65469216361,2816.3521333415,2758.04913705231,2700.96311223868,2645.27719753209,2591.13625033813,2538.64673979942,2487.87849392428,2438.86877466509,2391.62726609361,2346.14095850254,2302.37963761601,2260.29999175427,2219.8492905079,2180.96884680339,2143.5962256641,2107.66722427933,2073.11731060795,2039.88267958928,2007.90100577761,1977.11195975833
57,1569.83503353569,1884.96825378499,2624.74657134398,2758.84949490186,2881.53893993399,2992.72812737842,3092.29010404172,3180.1042669998,3256.15863147649,3320.68250154291,3374.24368356973,3417.75147068735,3452.36006906707,3479.32351681905,3499.86402305887,3515.08596397502,3525.93845303383,3533.21141393709,3537.5498772329,3539.4752719992,3539.40740331122,3537.68422461428,3534.57845954838,3530.31107388636,3525.06198003162,3518.97845715174,3512.18174720705,3504.77222019912,3461.02920984588,3410.20841570946,3355.40390053807,3298.16639157905,3239.35444118355,3179.50205676917,3118.99102098609,3058.13635347133,2997.22751303661,2936.54575165672,2876.36640374707,2816.95432629989,2758.55476604845,2701.38491365132,2645.62722115829,2591.4255380383,2538.88513430408,2488.07458134509,2439.02990335975,2391.75963496642,2346.24973883037,2302.46910423017,2260.3736578263,2219.91002941225,2181.01900267007,2143.63770753669,2107.70158595087,2073.14581698939,2039.90636127176,2007.92070353646,1977.12836065717
58,1570.82208326185,1885.30560529652,2624.89952929907,2759.0934135187,2881.89952464486,2993.22982820703,3092.95471796775,3180.94929759596,3257.19519231695,3321.9132776142,3375.66204182699,3419.34250962007,3454.10328747883,3481.19597336357,3501.84295206212,3517.15041464192,3528.07004064514,3535.39446811028,3539.77126247453,3541.72407031547,3541.67456711822,3539.96225237354,3536.86111432693,3532.59314861111,3527.33910587918,3521.24694892694,3514.43847922776,3507.01452680768,3463.17070788098,3412.21954907635,3357.26898853355,3299.87712399271,3240.90719106114,3180.89673169061,3120.23053733425,3059.22633122508,2998.17596356548,2937.3627080095,2877.06340436778,2817.54383503689,2759.0495637737,2701.79754329899,2645.9695352025,2591.70838325234,2539.11817397085,2488.26623252547,2439.18736577825,2391.88897795712,2346.35602315998,2302.55651220912,2260.44562502191,2219.96936491266,2181.06799768347,2143.6782277145,2107.73514959595,2073.17366002446,2039.92949062081,2007.93994064642,1977.14437679344
59,1571.79802269598,1885.6416540576,2625.048775751,2759.33151935343,2882.25171287634,2993.72014600052,3093.60466545369,3181.7762143462,3258.21018967883,3323.11921379838,3377.05260942733,3420.90322646373,3455.81409662445,3483.03435050786,3503.78649477957,3519.17847525555,3530.16448192593,3537.53982002326,3541.9545515759,3543.93451013667,3543.90321743444,3542.20169987408,3539.10519510863,3534.83671649325,3529.57784317752,3523.47721369663,3516.65718261288,3509.21903472211,3465.2759015274,3414.19623925288,3359.10170683013,3301.55769364565,3242.4320713844,3182.26588206282,3121.44689401696,3060.29549852459,2999.10591373322,2938.16338814891,2877.74623718853,2818.12113310715,2759.53393769199,2702.20134958772,2646.30443466395,2591.98503601015,2539.34606602402,2488.45361960008,2439.34130445362,2392.01541332074,2346.45990969198,2302.64194266368,2260.51596027236,2220.02735224147,2181.11587743333,2143.71782383913,2107.76794629874,2073.20086537808,2039.95208881177,2007.95873455201,1977.16002274226
60,1572.76312124634,1885.97641287005,2625.1944606517,2759.56404356291,2882.59583286648,2994.1995178591,3094.24049955412,3182.58568800909,3259.20440800546,3324.30119860907,3378.41636532392,3422.43467535441,3457.4936111482,3484.83981030169,3505.69584987,3521.17137225128,3532.22302397634,3539.64873172362,3544.10101692125,3546.10787044432,3546.09463678533,3544.40385067409,3541.31198440356,3537.04305725796,3531.77946740677,3525.67052145963,3518.83912082938,3511.38699996184,3467.34599943425,3416.13963754267,3360.90314288695,3303.20912012576,3243.93003113018,3183.61038403956,3122.6408936372,3061.3445879037,3000.01802082151,2938.948374767,2878.41541217062,2818.68666758504,2760.00827348435,2702.59661938938,2646.63219924611,2592.25573110628,2539.56900677729,2488.636906115,2439.4918551959,2392.1390534547,2346.56149130656,2302.72547228822,2260.58472689752,2220.08404369201,2181.16268513251,2143.75653164692,2107.80000563548,2073.22745762731,2039.97417623081,2007.97710216893,1977.17531181006
61,1573.7176382564,1886.30989425132,2625.33672556398,2759.79120452885,2882.93219494907,2994.66835735681,3094.86274391708,3183.37835416477,3260.17859109146,3325.46007502043,3379.7542387692,3423.93785732679,3459.14288969548,3486.61345688801,3507.57215647431,3523.13027133221,3534.24685226776,3541.722402989,3546.21186818941,3548.24536724595,3548.25004459017,3546.56992520549,3543.48270166857,3539.21338772789,3533.94519136062,3527.82807980043,3520.98549524356,3513.51961681569,3469.38215119663,3418.05083846378,3362.67433037139,3304.83237241265,3245.40197191756,3184.93107010847,3123.81329838034,3062.37429080114,3000.91290036143,2939.71822378594,2879.07141733383,2819.24086220353,2760.47293652729,2702.98374976695,2646.95309333867,2592.52069096708,2539.78718227178,2488.81624692926,2439.63914646634,2392.2600046707,2346.66085586035,2302.80717364149,2260.65198482167,2220.13948877762,2181.20846172616,2143.79438506316,2107.83135573217,2073.25345987075,2039.99577200266,2007.99505932881,1977.1902578189
62,1574.66182351078,1886.64211044802,2625.47570425809,2760.01320875635,2883.26109279967,2995.12705616205,3095.47189482995,3184.15481559011,3261.13344436487,3326.59664349126,3381.06711259359,3425.41372379857,3460.76293899077,3488.3563402759,3509.41649808457,3525.05628141016,3536.23709463681,3543.76197535854,3548.28825641031,3550.34815764656,3550.37060124024,3548.70108485222,3545.61850737991,3541.3488658855,3536.07616919437,3529.95103791815,3523.09744913712,3515.61802182243,3471.38545073313,3419.93088342471,3364.41625264764,3306.42832529707,3246.84875117158,3186.22873172488,3124.96483266338,3063.38526421147,3001.79114656358,2940.47345372659,2879.71471435835,2819.78411892395,2760.92827330913,2703.36299443116,2647.26736753903,2592.78012632963,2540.00076869221,2488.99178866828,2439.78329987882,2392.37836760623,2346.75808652035,2302.88711541463,2260.7177907847,2220.19373440424,2181.25324602319,2143.83141614813,2107.86202315955,2073.27889440502,2040.01689472174,2008.0126215716,1977.20487354181
63,1575.59591770953,1886.97307344844,2625.61152325628,2760.23025169624,2883.58280457683,2995.57598552191,3096.06842304268,3184.91564443234,3262.06963913674,3327.71166474327,3382.3558262192,3426.86317977454,3462.35471684059,3490.06945986963,3511.22990610379,3526.95045823229,3538.19482496073,3545.76853584299,3550.33127769832,3552.41734359607,3552.45741185264,3550.79843570411,3547.72050678202,3543.45059461239,3538.17350015125,3532.04049033777,3525.17607139662,3517.68329744081,3473.35693965055,3421.78076410771,3366.12984598709,3307.99794935779,3248.27118493212,3187.50412195287,3126.09618557208,3064.37813290725,3002.65332028725,2941.21456449033,2880.34574175722,2820.3168193861,2761.37461265556,2703.73463409089,2647.57525950824,2593.03423699141,2540.20993303442,2489.1636702813,2439.92443066266,2392.49423760556,2346.85326207564,2302.96536268679,2260.78219854832,2220.2468249838,2181.29707476662,2143.86765542917,2107.89203326976,2073.30378224088,2040.03756188007,2008.02980348338,1977.21917116013
64,1576.52015291281,1887.30279499415,2625.74430233211,2760.44251849872,2883.8975939686,2996.01549762575,3096.65277545539,3185.66138423956,3262.98781227498,3328.80586231777,3383.62117843414,3428.28708679708,3463.91913536369,3491.75376740833,3513.01336312598,3528.81380772269,3540.12106654453,3547.74312034399,3552.34197669317,3554.45397534301,3554.51152972995,3552.86303201672,3549.78975334272,3545.51962513589,3540.23823199683,3534.09748032941,3527.22239991571,3519.7164754324,3475.29761078736,3423.60142558685,3367.81600252723,3309.542034099,3249.67005046623,3188.7579578981,3127.20801310611,3065.35349148858,3003.499955161,2941.94203369466,2880.96491638132,2820.83932623038,2761.81226690301,2704.09893527883,2647.87699482857,2593.28321253869,2540.41483371881,2489.33202355462,2440.06264808899,2392.60770507332,2346.94645722827,2303.04197714742,2260.84525907116,2220.29880267055,2181.3399828504,2143.90313180295,2107.92141004947,2073.32814332385,2040.05779009265,2008.04661892969,1977.23316226513
65,1577.4347529584,1887.63128659077,2625.87415496772,2760.65018470447,2884.20571115363,2996.44592685699,3097.22537666936,3186.39255176084,3263.88857006673,3329.87992493111,3384.86392994972,3429.68626566654,3465.45706380748,3493.41017035307,3514.76780601741,3530.64728906567,3542.0167952462,3549.68671680935,3554.32134973527,3556.45905462214,3556.53395955333,3554.89587940461,3551.82725194222,3547.55696021002,3542.27136418893,3536.12300306442,3529.2374247353,3521.71853998374,3477.20841114291,3425.39376920507,3369.47557300138,3311.0613764402,3251.04608867948,3189.99092295122,3128.30094024991,3066.31190627424,3004.3315609521,2942.65631097265,2881.57263480363,2821.35198432095,2762.24153296339,2704.45615127288,2648.17278779268,2593.52723301623,2540.6156211546,2489.49697358383,2440.19805586421,2392.71885579578,2347.03774285662,2303.11701734268,2260.90702071941,2220.34970744149,2181.38200336133,2143.93787269344,2107.95017626684,2073.35199659056,2040.07759513889,2008.0630810839,1977.24685787529
66,1578.33993385394,1887.95855951781,2626.00118877416,2760.85341688036,2884.50739368502,2996.86759094629,3097.78663041613,3187.10963867729,3264.77248973288,3330.93450864756,3386.08480576025,3431.06149895301,3466.96933118886,3495.0395342735,3516.49412846346,3532.45181762675,3543.88294236445,3551.60026814842,3556.27034779976,3558.43353759966,3558.52566033307,3556.89793779211,3553.83396182001,3549.56355705505,3544.27385080704,3538.11800853197,3531.22209094527,3523.69043059145,3479.0902446598,3427.15865523286,3371.10936926088,3312.55670120286,3252.40000634289,3191.20366885975,3129.37556288494,3067.25391704966,3005.14861854806,2943.35778609322,2882.16927459624,2821.85512187171,2762.66269330652,2704.80652294505,2648.46284212995,2593.76646954389,2540.81243825928,2489.65863920882,2440.33075249093,2392.82777124897,2347.12718627298,2303.19053885905,2260.96752941031,2220.39957725603,2181.42316771731,2143.97190414264,2107.97835354429,2073.37536002682,2040.09699200818,2008.07920246248,1977.26026846218
67,1579.2359041457,1888.28462483804,2626.12550587747,2761.05237320279,2884.80286730386,2997.28079203341,3098.33692087516,3187.81311316164,3265.64012122951,3331.97023888657,3387.28449732411,3432.41353331766,3468.45672872684,3496.64268546907,3518.193183978,3534.22826726176,3545.72039738307,3553.48467492923,3558.18987921107,3560.37833759828,3560.48754813848,3558.87012414355,3555.81079930153,3551.54033007738,3546.24660326252,3540.08340423773,3533.1773013694,3525.63304473583,3480.94397494863,3428.89690532752,3372.71816660813,3314.02880503955,3253.73247815231,3192.39681764345,3130.4324495575,3068.18004121036,3005.95159116884,2944.04694852369,2882.7551955089,2822.34905148463,2763.07601686602,2705.15027954382,2648.74735167603,2594.00108488483,2541.00542093727,2489.81713341449,2440.46083160454,2392.93452886979,2347.21485144567,2303.26259451996,2261.02682877692,2220.44844818465,2181.46350577274,2144.00525089709,2108.00596242942,2073.39825072527,2040.11599494646,2008.09499496199,1977.27340397988
68,1580.12286526561,1888.60949340616,2626.24721557252,2761.24720399814,2885.09234668981,2997.685817647,3098.87661388987,3188.50342132394,3266.4919889123,3332.98771227885,3388.46366458125,3433.74308166176,3469.92001209459,3498.22041330097,3519.8657879671,3535.97747331518,3547.53001011442,3555.34079795285,3560.08081215719,3562.2943276214,3562.42049862671,3560.8133149923,3557.75864032386,3553.48815338905,3548.19049280948,3542.02005770363,3535.10391905347,3527.54724033593,3482.77042701503,3430.6093048112,3374.30270595712,3315.47834653256,3255.04414863494,3193.57096336736,3131.47214311515,3069.09076586679,3006.74091933878,2944.72414935575,2883.33074055843,2822.83407110976,2763.48175987632,2705.48763941675,2649.02650099116,2594.23123397,2541.19469852203,2489.97256370119,2440.58838227962,2393.03920231437,2347.30079921378,2303.33323456131,2261.08496031285,2220.49635452816,2181.50304591696,2144.03793648897,2108.03302246175,2073.42068494024,2040.13461750146,2008.11046989663,1977.28627389561
69,1581.00101185813,1888.93317587671,2626.36638582318,2761.4380522379,2885.37603615318,2998.08294160993,3099.40605809214,3189.18098855563,3267.32859307726,3333.98749838529,3389.62293782201,3435.05082511735,3471.35990350664,3499.77347235387,3521.51272004938,3537.70023444536,3549.31259356368,3557.16946022411,3561.94397706983,3564.18234275026,3564.32534938792,3562.72834878631,3559.67832277834,3555.40786314445,3550.10635287333,3543.92879878642,3537.00276956774,3529.43383807268,3484.57039056016,3432.29660478318,3375.86369583658,3316.90598893341,3256.33563391644,3194.72667378493,3132.49516249424,3069.98656092997,3007.51702602546,2945.3897616014,2883.8962370365,2823.31046493263,2763.88016664626,2705.81881067824,2649.30046593099,2594.45706438253,2541.38039418373,2490.12503242596,2440.71348931529,2393.14186169446,2347.38508748314,2303.40250679343,2261.14196350631,2220.54332892863,2181.54181516593,2144.06999195342,2108.05956219313,2073.44267813984,2040.15287256567,2008.12563803309,1977.2988872186
70,1581.87051279063,1889.25568271176,2626.48311626318,2761.62505399766,2885.65413027518,2998.47242487603,3099.92558594276,3189.84622076686,3268.15041138843,3334.97014128976,3390.76291942035,3436.33741489395,3472.77709365563,3501.30258444205,3523.13472611516,3539.39731485947,3551.06892560771,3558.97144970205,3563.78016856754,3566.04318204779,3566.20290219144,3564.61602806575,3561.57064868538,3557.30025970988,3551.9949812128,3545.8104218304,3538.87464315571,3531.29362349589,3486.34462121977,3433.95952408076,3377.40181424967,3318.31236681201,3257.60752336077,3195.86449186241,3133.50200292464,3070.86787663182,3008.28030744595,2946.04414443289,2884.45199744349,2823.77850419654,2764.27147027559,2706.14399182759,2649.56941417511,2594.67871680555,2541.56262530657,2490.27463711842,2440.83623349854,2393.24257379614,2347.46777140748,2303.47045675128,2261.1978759643,2220.5894062537,2181.57984368802,2144.10141784245,2108.08557537262,2073.46425178867,2040.1707724234,2008.14050963189,1977.3112525359
71,1582.73158819717,1889.57702418783,2626.59749036819,2761.8083388814,2885.92681449972,2998.85451630544,3100.43551469531,3190.49950553723,3268.95790020382,3335.93616107771,3391.88418544248,3437.60347399357,3474.17224351094,3502.80844047339,3524.7325202397,3541.06944626367,3552.79975111653,3560.74752082071,3565.5901478565,3567.87761108761,3568.05392470541,3566.47712148711,3563.4363862161,3559.16610968017,3553.85714192959,3547.66568766778,3540.72029671942,3533.12734901004,3488.09384270634,3435.59875110181,3378.9177104017,3319.69808768424,3258.86038109348,3196.98493721568,3134.493139261,3071.73514199667,3009.03115165344,2946.68763126021,2884.99832322948,2824.23844796452,2764.65589331855,2706.46337232138,2649.83350571617,2594.89632543724,2541.74150383796,2490.42147077322,2440.95669184779,2393.34140228219,2347.54890355637,2303.53712938044,2261.25273539677,2220.63460700094,2181.61714527195,2144.13224794469,2108.11109100431,2073.4853997229,2040.18832875662,2008.15509444526,1977.32337800414
72,1583.58439527473,1889.89721040262,2626.70958765234,2761.98804720961,2886.19426568211,2999.2294533826,3100.9361472904,3191.14121318309,3269.75149579448,3336.88605520942,3392.98728714219,3438.84959880492,3475.54598599143,3504.29170218269,3526.30678646311,3542.71732967751,3554.50578378687,3562.4983965003,3567.37464428715,3569.68636336199,3569.87915289058,3568.31236570659,3565.27627157322,3561.00614775499,3555.69356733807,3549.49532548134,3542.54045567335,3534.93573571583,3489.81874858396,3437.21494571281,3380.4120063076,3321.06373352591,3260.09474741827,3198.08850733336,3135.46902564828,3072.58876763917,3009.76992612158,2947.32055258461,2885.53549266591,2824.69054683761,2765.0336527148,2706.77713869924,2650.09289996403,2595.11002574944,2541.91714429452,2490.56562972493,2441.07494505092,2393.4384144815,2347.62853479775,2303.60256232308,2261.30657145045,2220.67896538135,2181.65374884161,2144.16249946657,2108.13613296199,2073.50615552644,2040.20555273719,2008.16940180642,1977.33527143614
73,1584.42910442868,1890.21625128114,2626.81948390754,2762.16426367331,2886.45665259735,2999.59746288282,3101.42777318533,3191.77169774884,3270.53161550443,3337.82029979721,3394.07275235171,3440.07636058696,3476.8989275224,3505.75300374558,3527.85818044753,3544.3416371237,3556.1877078661,3564.22476987694,3569.13435719997,3571.47014224293,3571.67929236518,3570.12246719399,3567.09101074317,3562.82107848663,3557.50495970721,3551.30003453782,3544.33581566965,3536.71947512555,3491.52000392405,3438.80873988873,3381.88529828861,3322.40986218219,3261.31114013573,3199.17567896043,3136.43009880289,3073.42914678756,3010.49698268815,2947.94321983293,2886.0637840455,2825.13502999113,2765.40494077294,2707.08544958208,2650.34772573671,2595.31992096175,2542.08962861133,2490.70717865503,2441.19104409946,2393.53364888088,2347.70671121689,2303.66679754378,2261.35941912947,2220.72250742307,2181.68968004634,2144.19219473515,2108.16071069048,2073.52652524343,2040.22245501026,2008.18344060503,1977.34694027002
74,1585.26588065332,1890.5341565816,2626.92725142539,2762.33711703217,2886.71413641216,2999.95876149128,3101.91066912573,3192.39129792898,3271.2986588012,3338.73935079417,3395.14108677701,3441.28430685099,3478.23164948607,3507.19295328245,3529.38733102184,3545.94301320325,3557.84617974124,3565.92730591571,3570.86995755214,3573.22962257917,3573.45502015493,3571.90810360288,3568.88128112943,3564.61157790948,3559.29199288424,3553.08048580502,3546.10704420676,3538.47923076235,3493.19824683577,3440.38074076121,3383.33815836756,3323.7370086814,3262.51005577271,3200.24690911729,3137.37677232945,3074.25665623884,3011.21265840768,2948.55593136182,2886.58345789699,2825.57212936772,2765.76995977312,2707.3884806985,2650.59813514451,2595.52614226641,2542.25906945857,2490.8462130877,2441.30507031358,2393.627179848,2347.78347969124,2303.72987239035,2261.41131093656,2220.76526045709,2181.72495759945,2144.22134841533,2108.18483885181,2073.54652107074,2040.23904574172,2008.19721933091,1977.35839160969
75,1586.09488376335,1890.85093590097,2627.03295920295,2762.50671465179,2886.96687112358,3000.31355637873,3102.3850998636,3193.00033792645,3272.05300826951,3339.64364510218,3396.19277520536,3442.47396264917,3479.54470957473,3508.61213426133,3530.89484162273,3547.52207656543,3559.48182943272,3567.60664291641,3572.58208942709,3574.96545221904,3575.20698621849,3573.66992574475,3570.6477330771,3566.3782950608,3561.05531381025,3554.83732346068,3547.85478213062,3540.21563965287,3494.85408992285,3441.93153079365,3384.77113581061,3325.0456864605,3263.69197072601,3201.30263620141,3138.30944775657,3075.07165725072,3011.91727635017,2949.1589728686,2887.09476480593,2826.00206153418,2766.12889524963,2707.68638945622,2650.84426056095,2595.72880016248,2542.42555823135,2490.98281086657,2441.41708763796,2393.7190542298,2347.85888372503,2303.7918235263,2261.46227556203,2220.80724781477,2181.75960185779,2144.24997737988,2108.20853145556,2073.56615466266,2040.25533464542,2008.21074609644,1977.36963224324
76,1586.91626861292,1891.16659867998,2627.13667313378,2762.67315912404,2887.2150039667,3000.66204573688,3102.85131882515,3193.59912825215,3272.79503053464,3340.53360160501,3397.22828263166,3443.64583177717,3480.83864305354,3510.01110680779,3532.38129164054,3549.07942128034,3561.09526198675,3569.2633939201,3574.27137145573,3576.67825343265,3576.93581487253,3575.4085586717,3572.3909912969,3568.12185340135,3562.79554393591,3556.57116630212,3549.57964503709,3541.92931372148,3496.48812161353,3443.46166941728,3386.18475726734,3326.33638896061,3264.85734233682,3202.34328098065,3139.22850877675,3075.8744963749,3012.61114635678,2949.75261854108,2887.59794459194,2826.42503411105,2766.48192512412,2707.97932690594,2651.08622917696,2595.92800091273,2542.58918410401,2491.11704339979,2441.52715503104,2393.80932255079,2347.93296535299,2303.85268491588,2261.51234146428,2220.84849301536,2181.79363228427,2144.27809776053,2108.23180189609,2073.58543716162,2040.27133100857,2008.22402865774,1977.38066866077
77,1587.73018530311,1891.48115420827,2627.23845618601,2762.8365485259,2887.45867579462,3001.00441927785,3103.30956873426,3194.18796647111,3273.52507712374,3341.40962215243,3398.24805531091,3444.80039789785,3482.11396394078,3511.39040892914,3533.84723767698,3550.61561812225,3562.68705877731,3570.89814802421,3575.93839813876,3578.36862424199,3578.64210612458,3577.12460310673,3574.11165619678,3569.84285214369,3564.51328054519,3558.28260906417,3551.28222458321,3543.62084109401,3498.10090742103,3444.97169422932,3387.57952974626,3327.60958865307,3266.00660988747,3203.36924752178,3140.13432376249,3076.66550623655,3013.29456570812,2950.33713129009,2888.0932272645,2826.84124620464,2766.82922003199,2708.26743795334,2651.32416307389,2596.12384692163,2542.75003149298,2491.24898150162,2441.63533119947,2393.898033343,2348.0057643089,2303.91248953561,2261.5615358695,2220.88901855916,2181.82706749823,2144.30572498957,2108.25466298698,2073.60437922698,2040.28704371581,2008.23707443475,1977.39150707099
78,1588.5367793785,1891.79461162885,2627.33836856753,2762.99697672466,2887.69802143219,3001.3409685021,3103.76008219359,3194.76713789839,3274.24348527055,3342.2720923802,3399.25252174139,3445.93812559174,3483.37116611172,3512.75055765952,3535.29321472205,3552.13121577021,3564.25777872429,3572.51147161344,3577.58374108594,3580.03713966567,3580.32643691862,3578.81863671367,3575.81030512789,3571.54186749529,3566.20909799419,3559.97222365273,3552.96308971439,3545.29078731779,3499.69299111934,3446.46212211423,3388.95594024424,3328.86574149117,3267.14019553774,3204.38092405844,3141.02724656569,3077.44500626373,3013.96781983879,2950.91276345238,2888.58083352611,2827.25088882797,2767.17094365621,2708.55086160475,2651.55817936011,2596.31643602453,2542.90818215658,2491.37869304611,2441.74167219453,2393.98523286602,2348.07731884944,2303.97126895374,2261.60989464948,2220.92885454631,2181.85993269528,2144.33288192388,2108.27713610455,2073.62300125169,2040.30248127145,2008.24989052982,1977.40215341694
79,1589.33619201354,1892.10697994264,2627.4364678804,2763.15453352176,2887.93316999489,3001.67164760119,3104.20308222739,3195.3369162501,3274.95057866753,3343.12138267845,3400.24209358505,3447.05946134018,3484.61072433149,3514.09205013199,3536.71973725585,3553.62674193224,3565.80795943432,3574.10390951234,3579.20795017686,3581.68435288447,3581.98936230439,3580.491215226,3577.48749355187,3573.2194538229,3567.8835488715,3561.64056029995,3554.62278781375,3546.93969650445,3501.26489584445,3447.93345029417,3390.31445718152,3330.1052854561,3268.25850520073,3205.37868535524,3141.90761726577,3078.21330336736,3014.63118290741,2951.47975733775,2889.06097524975,2827.65414530636,2767.50725306131,2708.82973121741,2651.78839042234,2596.50586841354,2543.06372076252,2491.50624917339,2441.84623757925,2394.07097076963,2348.14767022417,2304.02905735218,2261.65741664975,2220.96799968615,2181.89222713672,2144.35956333418,2108.29921113276,2073.64128852786,2040.31765855637,2008.26249115589,1977.41262150563
80,1590.12856018939,1892.41826801249,2627.53280926431,2763.30930494519,2888.1642452456,3001.99673363201,3104.63878278904,3195.89756425155,3275.64666816973,3343.95784889922,3401.21716652901,3448.16483444628,3485.83309522334,3515.41536458303,3538.12730028106,3555.10270439915,3567.33811827016,3575.67598606572,3580.81155464895,3583.31079633407,3583.63141660078,3582.14287357306,3579.14375613491,3574.87614474409,3569.53716508601,3563.28814864748,3556.26184577975,3548.5680924012,3502.81712512681,3449.38615731374,3391.65553133174,3331.32864157036,3269.36192936319,3206.36288728879,3142.77576287055,3078.97069258558,3015.28491838866,2952.03834574359,2889.53385593018,2828.05119166615,2767.83829901676,2709.10417479404,2652.01490659621,2596.69221870705,2543.21670617972,2491.63169613911,2441.94906369987,2394.15527574648,2348.21684127023,2304.08587353795,2261.70414723494,2221.00649037483,2181.92397892096,2144.38579527229,2108.32091345442,2073.65926626783,2040.33256707109,2008.27486487093,1977.42289709991
81,1590.91401686178,1892.72848456726,2627.62744553081,2763.46137343003,2888.39136580187,3002.31638676821,3105.06738923555,3196.44933420677,3276.33208491191,3344.781831145,3402.17812109306,3449.2546578981,3487.03871817604,3516.72096129462,3539.51638029158,3556.55959203295,3568.8487533537,3577.22820615245,3582.39506411841,3584.91698273028,3585.25311412411,3583.77412689793,3580.7796077744,3576.51245415141,3571.17045888748,3564.91549876253,3557.8807710372,3550.176479396,3504.35016385981,3450.82070396389,3392.97959669518,3332.53621533012,3270.45084385507,3207.33387679423,3143.63199797328,3079.71745767918,3015.9292796148,2952.58875243829,2889.99967110978,2828.44219700394,2768.16422632059,2709.37431521599,2652.23782483967,2596.87558487195,2543.36722250997,2491.75510578032,2442.05021158929,2394.23819947627,2348.28487572562,2304.14175312332,2261.75010476363,2221.04434287869,2181.95520310521,2144.41159031514,2108.34225337704,2073.67694289638,2040.34722499513,2008.28703027296,1977.43299899781
82,1591.69269112043,1893.03763820554,2627.7204272886,2763.61081801107,2888.61464546571,3002.63076069962,3105.489098772,3196.99246853199,3277.00705190381,3345.59366230021,3403.12532343457,3450.32932917867,3488.22801619555,3518.00928347847,3540.88743618154,3557.99787569462,3570.3403445078,3578.76105613696,3583.95896953847,3586.50340603518,3586.8549506527,3585.38547160753,3582.39554456281,3578.12887717401,3572.78392382499,3566.52310209218,3559.48005248653,3551.76534346141,3505.86447920932,3452.23749175974,3394.28707131832,3333.72839726629,3271.52561057161,3208.29198640498,3144.47662536902,3080.4538716954,3016.56451028374,2953.13119261531,2890.45860877976,2828.82732383618,2768.48517409124,2709.64027093231,2652.45724933816,2597.05604912015,2543.5153378755,2491.87653428746,2442.14972755843,2394.31977978959,2348.35180388068,2304.19672143392,2261.7953110033,2221.08157517069,2181.98591448883,2144.4369606473,2108.36324092705,2073.69432691719,2040.36163937828,2008.29899165733,1977.44293060621
83,1592.46470834047,1893.3457373992,2627.81180306068,2763.75771450197,2888.83419345812,3002.94000302522,3105.90410086789,3197.52720025571,3277.67187693757,3346.39365696813,3404.05912585392,3451.38923102645,3489.40139670495,3519.28075810647,3542.24091009929,3559.41800911595,3571.81335414104,3580.27500476354,3585.5037441001,3588.07054234573,3588.43740395257,3586.97738590155,3583.99204469365,3579.72589108136,3574.37803564748,3568.11143236002,3561.06016139597,3553.3351530415,3507.36052146825,3453.6370328846,3395.57835806847,3334.90556367059,3272.58657815154,3209.23753640787,3145.30993663351,3081.18019749591,3017.19084493623,2953.66587331981,2890.91084975707,2829.20672843082,2768.80127620633,2709.90215430111,2652.67327515423,2597.23369081217,2543.66111818343,2491.99603623905,2442.2476563736,2394.40005351327,2348.41765653942,2304.25080396013,2261.83978695723,2221.11820456329,2182.01612734918,2144.46191817241,2108.38388596426,2073.71142571628,2040.37581626997,2008.31075541493,1977.45269681684
84,1593.2301903267,1893.65279049683,2627.90161939386,2763.90213566317,2889.05011465482,3003.244255547,3106.31257764758,3198.05375348803,3278.3268257099,3347.18211986474,3404.97986779831,3452.43473214991,3490.55925229613,3520.53579669137,3543.57722825028,3560.82042971908,3573.26822807974,3581.77050399717,3587.02984407894,3589.61885077191,3590.00093474296,3588.55033126455,3585.56956940051,3581.30395613318,3575.95325315076,3569.68094640955,3562.62155224054,3554.88635988599,3508.83872486024,3455.01969791061,3396.85384535296,3336.06807727815,3273.63408261472,3210.17083543439,3146.13221266694,3081.89668825277,3017.80850940383,2954.19299384961,2891.35656803994,2829.58056111574,2769.11266088988,2710.16007520298,2652.88599384869,2597.40858645327,2543.80462703964,2492.11366415717,2442.3440415788,2394.47905672079,2348.48246343965,2304.30402521133,2261.88355283122,2221.15424772465,2182.04585551072,2144.48647396072,2108.40419759218,2073.72824761489,2040.38976238944,2008.32232648007,1977.46230197133
85,1593.98925545047,1893.95880572704,2627.98992096138,2764.04415135872,2889.26250980776,3003.54365456225,3106.71470425689,3198.572343861,3278.97215399067,3347.95934445344,3405.88787624274,3453.46618789948,3491.70196143699,3521.7747960213,3544.89680165251,3562.20555938775,3574.70539635089,3583.24798981484,3588.53770963194,3591.14877421554,3591.54598749808,3590.10475277751,3587.12856336936,3582.86351637928,3577.51001897467,3571.2320849978,3564.16466349166,3556.41939983533,3510.2995082961,3456.38588478532,3398.11390780719,3337.21628790985,3274.66844796185,3211.09218101671,3146.94372420537,3082.60358791489,3018.4177212305,2954.71274613201,2891.79593114077,2829.94896658991,2769.41945218199,2710.41413845533,2653.09549358146,2597.58080971281,2543.94592565705,2492.22946886851,2442.43892520098,2394.55682408952,2348.54625317202,2304.35640875717,2261.92662809149,2221.18972073013,2182.07511207423,2144.51063921072,2108.42418509286,2073.74479990926,2040.40348391718,2008.33371012266,1977.47175046427
86,1594.74201878021,1894.26379120146,2628.07675065919,2764.18382870379,2889.47147575295,3003.83833113824,3107.11064920702,3199.08317894283,3279.60810810325,3348.7256134848,3406.78346635001,3454.48394090006,3492.82988913683,3522.99813885105,3546.20002684772,3563.57380519345,3576.12527391932,3584.70788295065,3590.02776554859,3592.66074013104,3593.07299120247,3591.64108002069,3588.66945615649,3584.40500041293,3579.04876035385,3572.7652735429,3565.68991836092,3557.93469356005,3511.74327608606,3457.735977553,3399.35890727132,3338.35053307698,3275.68998673901,3212.001860111,3147.74473230211,3083.30113164687,3019.01869006874,2955.22531507814,2892.22910040531,2830.3120841157,2769.72176916411,2710.66444497375,2653.30185921835,2597.75043150922,2544.08507305768,2492.3434992762,2442.53234765498,2394.63338896695,2348.60905323263,2304.40797728173,2261.96903137123,2221.22463894612,2182.1039099323,2144.53442442906,2108.44385715557,2073.76108990985,2040.4169869397,2008.34491141642,1977.48104652965
87,1595.48859220563,1894.56775491779,2628.16214969597,2764.32135040974,2889.67710560489,3004.12841136954,3107.50057469825,3199.5864586273,3280.23492537634,3349.48119950464,3407.66694202672,3455.48832168824,3493.94338757338,3524.20619455353,3547.48728657142,3564.92556007973,3577.52826138246,3586.15058959806,3591.50042195774,3594.15516123589,3594.58236006284,3593.15972778546,3590.1926623869,3585.92882213901,3580.56988982542,3574.2809228287,3567.197725501,3559.43264725768,3513.17041861122,3459.07034699528,3400.58919190486,3339.47113907615,3276.69900186306,3212.90014959025,3148.53549121227,3083.98954624192,3019.61161805282,2955.73087891667,2892.65623128337,2830.67004792575,2770.01972653186,2710.91109193594,2653.50517247389,2597.91752014142,2544.22212603329,2492.45580243009,2442.6243478214,2394.70878343366,2348.67089008007,2304.45875256388,2262.01078071516,2221.25901729357,2182.13226132703,2144.55783978367,2108.46322224336,2073.77712465209,2040.43027731526,2008.35593524663,1977.49019424679
88,1596.22908455612,1894.8707047626,2628.24615767773,2764.45654159993,2889.8794889402,3004.41401662006,3107.88463692405,3200.0823754997,3280.85283456934,3350.22636533253,3408.53859644705,3456.47964909183,3495.04279668377,3525.3993197338,3548.75895038485,3566.26120350734,3578.91474562553,3587.57650207227,3592.95607499489,3595.6324361808,3596.07449417966,3594.66109674579,3591.69858258508,3587.43538118273,3582.07380597212,3575.77942966927,3568.68847966687,3560.91365331008,3514.58131295667,3460.38935125746,3401.80509928249,3340.57841916242,3277.69578265663,3213.78731762524,3149.3162378926,3084.6690505113,3020.19670174174,2956.22960950829,2893.07747365099,2831.02298734019,2770.31343479494,2711.15417295305,2653.70551205368,2598.08214136642,2544.35713925342,2492.56642361627,2442.71505738463,2394.78303836656,2348.73178915614,2304.50875562013,2262.05189344155,2221.29287005753,2182.16017809807,2144.58089508745,2108.48228850082,2073.79291090774,2040.44336068378,2008.36678631822,1977.49919754614
89,1596.96360171359,1895.17264851413,2628.3288126876,2764.58958063806,2890.07871196944,3004.69526375103,3108.26298634432,3200.57111518221,3281.46205627299,3350.96136451288,3409.39871254705,3457.45823105881,3496.12844472185,3526.5778588084,3550.01537527106,3567.58110206322,3580.28510043973,3588.98599943503,3594.39510743187,3597.09295018211,3597.54978018094,3596.14557409206,3593.18760378998,3588.9250639698,3583.56089371077,3577.26117762013,3570.16256233971,3562.37809090371,3515.9763235092,3461.69333631749,3403.00695499259,3341.67267812209,3278.68060988601,3214.66361989184,3150.08721138433,3085.33985793206,3020.77412547451,2956.72167263959,2893.4929720344,2831.37102704065,2770.60300047105,2711.39377823482,2653.90295378128,2598.24435852106,2544.49016536688,2492.67540644241,2442.80432342707,2394.85618348321,2348.79177498123,2304.5580066584,2262.09238621921,2221.32621101872,2182.18767164586,2144.60359978694,2108.50106376906,2073.80845519698,2040.45624247671,2008.37746916326,1977.50806021521
90,1597.69224672009,1895.47359384473,2628.41015136027,2764.72052494378,2890.2748576992,3004.97226533579,3108.63576801072,3201.05285665876,3282.06280328746,3351.68644174011,3410.24756349032,3458.42436493425,3497.20064882985,3527.74214455224,3551.2569061977,3568.88561003522,3581.63968710603,3590.37944808497,3595.81788927128,3598.53707561904,3599.00859182084,3597.61353412984,3594.66010018296,3590.398243972,3585.03152547586,3578.72653719013,3571.6203423955,3563.8263266156,3517.35580252154,3462.98263669569,3404.19507372789,3342.75420955531,3279.65375658131,3215.5293075486,3150.84863763305,3086.00216583584,3021.34407327982,2957.20722830602,2893.90286587044,2831.71428728424,2770.88852627136,2711.62999474368,2654.09757073433,2598.40423263656,2544.62125509778,2492.78279291307,2442.89227533863,2394.92824741819,2348.850871159,2304.6065251405,2262.1322751122,2221.35905344783,2182.21475294899,2144.62596297946,2108.51955559987,2073.82376380003,2040.46892792632,2008.38798814864,1977.5167859046
91,1598.4151198805,1895.77354832355,2628.49020895228,2764.8494298002,2890.46800608465,3005.24512986077,3109.0031217325,3201.52777258181,3282.65528097845,3352.40183326032,3411.08541310823,3459.37833799543,3498.25971534469,3528.89249861524,3552.48387664883,3570.17506995526,3582.9788549468,3591.75720231516,3597.22477830842,3599.9651725982,3600.45129054543,3599.06533884587,3596.11643362912,3591.85528238003,3586.48606131759,3580.17586706106,3573.06217630102,3565.25871502985,3518.7200906458,3464.25757583079,3405.36975976374,3343.82329733305,3280.61548531216,3216.38462130066,3151.60073554089,3086.65617745772,3021.90672011692,2957.68643097202,2894.30728973862,2832.05288410671,2771.17011127448,2711.86290634552,2654.28943337271,2598.56182254659,2544.75045733608,2492.88862351277,2442.97894656239,2394.99925775684,2348.90910043154,2304.65432982126,2262.17157559659,2221.39141012967,2182.24143258427,2144.64799342959,2108.53777126908,2073.83884276811,2040.48142207468,2008.3983474831,1977.52537813336
92,1599.13231886053,1896.07251941881,2628.56901940841,2764.97634845563,2890.65823417317,3005.51396191748,3109.36518237906,3201.99602956129,3283.23968761384,3353.10776725006,3411.91251631533,3460.32042789727,3499.30594056104,3530.0292320757,3553.69660912753,3571.44981311304,3584.3029418473,3593.11960484057,3598.61612066248,3601.37758948726,3601.87822602763,3600.50133844283,3597.55695421907,3593.29652863604,3587.92484957843,3581.60951409238,3574.48840927154,3566.67559897277,3520.06951743772,3465.51846660072,3406.531307411,3344.88021595476,3281.56605001413,3217.22979394788,3152.34371669871,3087.30208125287,3022.46223620999,2958.15942982092,2894.70637358083,2832.38692951414,2771.44785109266,2712.09259395234,2654.4786096597,2598.71718498935,2544.87781922209,2492.99293727071,2443.06436933546,2395.06924108909,2348.96648472102,2304.70143877682,2262.21030258799,2221.42329338594,2182.2677207454,2144.66969958459,2108.55571778943,2073.85369793393,2040.49372978218,2008.40855122425,1977.53384029489
93,1599.84393878041,1896.3705145001,2628.64661542341,2765.10133221926,2890.84561623986,3005.77886238127,3109.72208008911,3202.45778843804,3283.81621468142,3353.80446417475,3412.72911950242,3461.25090309378,3500.33961098875,3531.15264561688,3554.89541567851,3572.7101600416,3585.61227474923,3594.46698729684,3599.99225127927,3602.77466342005,3603.28973667349,3601.92187184654,3598.98200077463,3594.72232093802,3589.34822739488,3583.0278139885,3575.89937526342,3568.07731052495,3521.40440183393,3466.76561177748,3407.68000144486,3345.92523105452,3282.50569635074,3218.06505075125,3153.07778558766,3087.94006116987,3023.01078471081,2958.62636898968,2895.10024290869,2832.71653166391,2771.72183802873,2712.31913565647,2654.66516517585,2598.87037470336,2545.00338622865,2493.09577183013,2443.14857474621,2395.1382230567,2349.02304516576,2304.74786943628,2262.2484704677,2221.45471509682,2182.29362726073,2144.69108958915,2108.5734019226,2073.86833492165,2040.50585573565,2008.41860328522,1977.54217566212
94,1600.55004302757,1896.66754084074,2628.72302850153,2765.22443055128,2891.03023964822,3006.03992858079,3110.07394048482,3202.91320454146,3284.38504718942,3354.49213712746,3413.53546090798,3462.17002323661,3501.36100379958,3532.26303043861,3556.08059813047,3573.95642102191,3586.90717011767,3595.79967071273,3601.35349440715,3604.1567207746,3604.68615010145,3603.32726718483,3600.39190132788,3596.13298671735,3590.75652117332,3584.43109177071,3577.29539760358,3569.46417104773,3522.72505260372,3467.99930445753,3408.81611751134,3346.95859969332,3283.43466203927,3218.89060964593,3153.80314039152,3088.57029526495,3023.55252392538,2959.08738779129,2895.48901899964,2833.04179503646,2771.99216122431,2712.54260685773,2654.84916322694,2599.02144451888,2545.12720223571,2493.19716351112,2443.23159278812,2395.20622839568,2349.07880215614,2304.79363861126,2262.28609310717,2221.48568672112,2182.31916161011,2144.71217129915,2108.59083019061,2073.88275915625,2040.51780445629,2008.42850744101,1977.5503873928
95,1601.25078017247,1896.96360561974,2628.79828901133,2765.34569114829,2891.21214237951,3006.2972544586,3110.42088487307,3203.36242793383,3284.94636395029,3355.17099214911,3414.33177097001,3463.07803955238,3502.37038723749,3533.36066831487,3557.25244887065,3575.18889632036,3588.1879343837,3597.11796595744,3602.70016404772,3605.52407762619,3606.06778359637,3604.71784224211,3601.78697357477,3597.52884309095,3592.15004703919,3585.81966222392,3578.6767894397,3570.83649179959,3524.0317687771,3469.21982846982,3409.93992251254,3347.98057074708,3284.35317720757,3219.70668155357,3154.51997243171,3089.19295559383,3024.08760695759,2959.54262092458,2895.87281908253,2833.36282059714,2772.25890679993,2712.76308038331,2655.0306649459,2599.17044544334,2545.24930960274,2493.29714737095,2443.31345240853,2395.27328097752,2349.13377536874,2304.8387625243,2262.3231838914,2221.51621931562,2182.34433294069,2144.73295229481,2108.60800888676,2073.89697587252,2040.52958030687,2008.43826733458,1977.55847853442
96,1601.9462092198,1897.25871592391,2628.87242623781,2765.46516002355,2891.39140652678,3006.55093072191,3110.76303043706,3203.80560364061,3285.5003378499,3355.84122853202,3415.11827265894,3463.97519520022,3503.36802099572,3534.445832089,3558.41125098425,3576.40787693766,3589.45486436364,3598.42217416472,3604.03256438328,3606.87704017664,3607.43494453997,3606.09390488998,3603.16752530547,3598.91019729116,3593.52911126668,3587.19383032558,3580.04385416396,3572.19457434018,3525.32484005038,3470.42745876232,3411.05167497197,3348.99138524844,3285.26146469535,3220.51347067819,3155.2284685974,3089.80820874164,3024.61618193206,2959.99219867333,2896.25175651312,2833.67970594961,2772.52215798761,2712.98062660121,2655.20972938892,2599.3174267424,2545.36974923657,2493.39575726035,2443.39418155577,2395.33940384804,2349.18798379854,2304.88325683518,2262.35975574071,2221.54632355317,2182.36915008189,2144.75343989304,2108.62494408577,2073.91099012362,2040.54118749888,2008.4478864827,1977.56645202906
97,1602.63641596382,1897.55287874996,2628.94546843232,2765.58288158312,2891.56809648455,3006.80104498632,3111.1004904163,3204.24287186923,3286.04713610173,3356.50303910716,3415.89518179324,3464.86172561041,3504.35415657378,3535.51878604545,3559.5572787152,3577.61364473975,3590.70824765676,3599.71258713506,3605.35099018197,3608.21590516153,3608.78793081907,3607.45575349565,3604.53385481236,3600.27734707231,3594.89401068309,3588.55389164671,3581.39688581083,3573.53871092691,3526.60454717112,3471.62246176878,3412.15162538084,3349.99127671093,3286.15974035659,3221.3111747823,3155.9288045884,3090.41621806109,3025.13839220541,2960.43624709453,2896.62594094031,2833.99254548088,2772.78199525614,2713.19531352765,2655.38641362678,2599.46243601693,2545.48856065566,2493.49302587713,2443.47380722357,2395.40461926413,2349.24144578912,2304.92713666621,2262.39582113165,2221.57600973971,2182.39362155963,2144.77364115924,2108.64164165359,2073.92480678901,2040.55263009914,2008.4573682814,1977.57431071791
98,1603.32148406321,1897.84610100618,2629.0174428586,2765.69889869743,2891.74227444705,3007.04768191086,3111.43337427784,3204.6743682155,3286.58692048836,3357.15661051649,3416.66270733859,3465.73785880589,3505.32903761645,3536.57978626099,3560.69079782921,3578.8064729068,3591.94836309905,3600.98948771727,3606.65572718239,3609.54096023661,3610.12703121289,3608.80367730961,3605.88625127719,3601.63058109713,3596.24503305381,3589.90013273539,3582.73616943842,3574.8691848942,3527.8711623032,3472.80509575666,3413.24001652757,3350.98047230097,3287.0482133476,3222.09998547333,3156.62115702455,3091.01713483539,3025.65437656643,2960.87488819694,2896.99546772561,2834.30141906972,2773.03849642998,2713.40720692857,2655.56077283065,2599.60551927541,2545.60578205073,2493.58898481661,2443.55235549288,2395.46894872869,2349.29417906165,2304.97041662581,2262.43139211648,2221.60528783066,2182.41775560965,2144.79356291836,2108.65810725654,2073.93843058217,2040.56391203618,2008.46671601126,1977.58205734563
99,1604.00149511264,1898.1383895145,2629.08837583712,2765.81325276941,2891.91400050436,3007.29092332603,3111.76178787811,3205.10022385979,3287.11984758983,3357.80212347139,3417.42105169161,3466.60381570664,3506.29290023534,3537.62908094501,3561.81206595856,3579.98662628985,3593.17548079424,3602.25315017078,3607.94705245871,3610.8524843447,3611.45252576089,3610.1379568336,3607.22499513878,3602.97017930358,3597.58245744797,3591.23283148071,3584.06198149065,3576.18627101353,3529.12494937345,3473.97561115761,3414.31708380962,3351.95918969015,3287.92708640013,3222.88008842197,3157.30569393447,3091.61111334945,3026.16427140839,2961.30823006379,2897.36046092013,2834.60643780267,2773.29172468409,2713.61637041603,2655.73286035422,2599.74672100264,2545.72145034242,2493.68366461974,2443.62985157196,2395.53241302328,2349.34620074188,2305.01311083114,2262.46648034176,2221.63416744612,2182.44156019032,2144.81321176542,2108.67434637004,2073.95186605782,2040.5750371062,2008.47593284245,1977.58969456452
100,1604.67654204213,1898.42975101216,2629.15829278668,2765.92598379846,2892.08333273377,3007.53084835558,3112.08583361633,3205.52056575273,3287.6460690005,3358.43975299721,3418.17041094916,3467.45981041959,3507.24597331432,3538.66691074761,3562.92133292944,3581.15436174191,3594.38986298263,3603.50384050986,3609.22523476749,3612.15074806419,3612.76468611225,3611.45886417032,3608.55035844244,3604.29641325341,3598.90655458588,3592.55225745868,3585.37459014133,3577.4902358354,3530.36616440109,3475.13425088117,3415.38305553022,3352.92764247766,3288.7965560809,3223.65166369603,3157.98257855977,3092.19830012485,3026.66820224812,2961.73640935349,2897.7210093509,2834.90767591498,2773.54177698519,2713.8228655393,2655.90272781068,2599.886084225,2545.83560123556,2493.77709481817,2443.70631983368,2395.59503223947,2349.39752738611,2305.05523292937,2262.501097066,2221.66265788551,2182.46504299457,2144.8325940755,2108.69036428687,2073.96511761877,2040.58600897884,2008.48502183942,1977.59722493847
