p_bar,of_1,of_1_5,of_2,of_2_5,of_2_6,of_2_7,of_2_8,of_2_9,of_3,of_3_1,of_3_2,of_3_3,of_3_4,of_3_5,of_3_6,of_3_7,of_3_8,of_3_9,of_4,of_4_1,of_4_2,of_4_3,of_4_4,of_4_5,of_4_6,of_4_7,of_4_8,of_4_9,of_5,of_5_1,of_5_2,of_5_3,of_5_4,of_5_5,of_5_6,of_5_7,of_5_8,of_5_9,of_6,of_6_5,of_7,of_7_5,of_8,of_8_5,of_9,of_9_5,of_10,of_10_5,of_11,of_11_5,of_12,of_12_5,of_13,of_13_5,of_14,of_14_5,of_15,of_15_5,of_16,of_16_5,of_17,of_17_5,of_18,of_18_5,of_19,of_19_5,of_20
1,1.19530626491173,1.23566968411362,1.26816957438145,1.29259836865598,1.29639956136507,1.30005834466892,1.30364325414745,1.30718641852069,1.31070111045344,1.31419211474198,1.31766087853167,1.32110776263896,1.3245324903921,1.32793290459736,1.3313021914368,1.33446189424087,1.33559517101211,1.33672393632034,1.33788216789913,1.33906873183438,1.34027916502264,1.34150511998977,1.34273375629886,1.34394799011882,1.34512821813331,1.34625526076989,1.34731356564194,1.34829330288056,1.34919072111995,1.35000708951099,1.350747052476,1.35141708891106,1.35202435553678,1.35257596287511,1.35307858069095,1.35353826213264,1.35396039958651,1.35434974085148,1.3547104385226,1.35619690635613,1.35735811414196,1.35836361646267,1.35929698274931,1.36017678065759,1.36095610000789,1.3615240772378,1.3617411481277,1.36151288707229,1.36084269606978,1.35981326838139,1.35853296671319,1.35709866541328,1.35558393030251,1.35404045249215,1.35250316048302,1.35099519181821,1.3495316754686,1.34812242949264,1.34677384814179,1.34549016928704,1.34427436510162,1.34312876939676,1.34205554381366,1.3410570566143,1.34013623502714,1.33929693681293,1.33854442975553
1.01325,1.19528252012374,1.23561621302276,1.26810177312236,1.2925292756651,1.29633169886225,1.29999113354101,1.30357631735099,1.30711955808734,1.31063424733028,1.31412524066859,1.31759402486433,1.321040981173,1.32446584044584,1.32786644406366,1.33123597879963,1.33439581501861,1.33553015574272,1.3366598465728,1.33781907211893,1.33900666031267,1.34021808602076,1.34144492181219,1.34267424102975,1.34388888943114,1.34506923565051,1.34619612866462,1.34725409219974,1.34823339211847,1.34913036357029,1.34994633704076,1.35068599109196,1.35135581743014,1.35196297185375,1.35251455653967,1.35301722971687,1.35347703227787,1.35389934492071,1.35428890485251,1.35464985515615,1.35613783140275,1.35730048856242,1.35830676108797,1.35923953517436,1.36011650972685,1.36088997878977,1.36144910134344,1.36165585935778,1.36141823673449,1.36074122373431,1.35970768106764,1.35842538108203,1.35699051978608,1.35547614444528,1.3539336005738,1.35239759667206,1.35089113184493,1.34942924759707,1.34802170666699,1.34667486917751,1.34539295318725,1.34417892141768,1.34303510615897,1.34196367405259,1.34096700419592,1.34004804059008,1.33921066433004,1.33846017493483
2,1.19413524556522,1.23289456741092,1.26456253557403,1.28890607470242,1.29277319469265,1.29646865188779,1.30006981347408,1.30361797718329,1.30713287637583,1.31062335546697,1.31409329955494,1.31754440722392,1.32097708189451,1.32438953077678,1.32777527490421,1.3309450021427,1.33214036532204,1.33332205340216,1.3345363483036,1.33577956667429,1.33704335816098,1.33831472292286,1.33957630251834,1.34080800221563,1.34198992210121,1.34310554812303,1.34414397138233,1.34510037933817,1.3459751298827,1.3467721795145,1.34749752924374,1.34815802394545,1.34876063182689,1.34931194215101,1.3498179914407,1.3502841837959,1.35071528537699,1.35111549071891,1.35148847887903,1.35304339952705,1.35425499980259,1.35525517528442,1.35608645139937,1.35672809106252,1.3571185361391,1.35718700728957,1.35688898513385,1.35622906115393,1.35525885012388,1.35405527204696,1.35269686117006,1.35125005353398,1.34976536425691,1.34827888097188,1.34681540660599,1.34539155326602,1.34401825199255,1.34270265747237,1.34144949929634,1.34026207738169,1.33914296081181,1.33809450527096,1.33711923547946,1.33622022262304,1.33540142861637,1.33466812909215,1.33402750253305
3,1.19352536316793,1.23132069047098,1.2624261018903,1.28669744061026,1.29060286033657,1.29432120797557,1.29793324690171,1.30148501164515,1.30500021473165,1.30849037118794,1.31196107673153,1.31541518281875,1.31885384002661,1.32227585490483,1.32567526423446,1.32885470330682,1.33009257663074,1.33130938698708,1.33255990104209,1.33383837895487,1.33513361994098,1.33642962730937,1.33770669892412,1.33894391729453,1.34012244987449,1.34122831194258,1.34225363685228,1.34319632107523,1.34405862158982,1.34484558073389,1.34556360834205,1.34621954997769,1.34682009393735,1.34737149827769,1.34787937370108,1.34834875687754,1.34878404705286,1.34918909559817,1.34956725412503,1.35114378215482,1.35234838053306,1.35328584617004,1.35397695955922,1.35439619644973,1.35450537098308,1.35428004013859,1.35372331146535,1.35286852774952,1.35177248731533,1.35050194098519,1.34912048791099,1.34768101553446,1.34622383464818,1.34477792277291,1.34336329148574,1.34199336059842,1.34067695397269,1.33941985238814,1.33822594899556,1.33709810282619,1.33603874909434,1.33505035806611,1.33413580170867,1.33329869267888,1.33254375658754,1.33187730446991,1.33130789553436
4,1.19312528869982,1.23023237761081,1.26090331103237,1.28510969280725,1.28904134413684,1.29277607730009,1.29639612109437,1.29995060978359,1.30346599814346,1.30695584265095,1.31042711744749,1.3138836765374,1.31732738583728,1.32075772483096,1.32416923269125,1.32735794185281,1.32862906018927,1.32987271455548,1.33115031704371,1.33245438586972,1.33377148327588,1.33508344871076,1.33636926923587,1.33760803879719,1.33878223029825,1.33987993351174,1.34089545032744,1.34182839247417,1.34268215036932,1.34346228435954,1.34417538108518,1.34482818244614,1.3454271609096,1.34597825274614,1.34648682603172,1.34695759533752,1.34739468644071,1.34780169986265,1.34818174974776,1.34975923182865,1.35093353426825,1.35179031455329,1.35234211676239,1.35257406729963,1.3524759098675,1.35205532826903,1.35133885067446,1.35036974429376,1.34920324928736,1.34789831465925,1.34650926438997,1.34508092527008,1.34364746477915,1.34223351413107,1.34085608586236,1.33952655955173,1.33825238989688,1.33703846699208,1.33588815286672,1.33480404400167,1.33378853730945,1.33284424648334,1.3319743479625,1.33118291417855,1.33047529845883,1.32985863857584,1.32934259951141
5,1.19283272875733,1.22940657347333,1.25971999682466,1.28386663499846,1.28781770835641,1.29156501081707,1.29519129851997,1.29874790470671,1.30226337417479,1.30575289343956,1.30922463565113,1.31268330720016,1.31613150489679,1.31956935490215,1.32299189308009,1.32618946312976,1.32748824071139,1.32875382268864,1.33005313319103,1.33137718162653,1.33271066633517,1.33403387087589,1.33532501923278,1.33656357030546,1.33773328974745,1.33882401717406,1.33983164198042,1.34075700198917,1.3416041977886,1.34237911630217,1.34308836952628,1.34373857551138,1.34433602473231,1.34488642399085,1.34539487229228,1.34586585553735,1.34630328798764,1.34671054722074,1.34709054799991,1.34865730544022,1.3497895215708,1.35056018302646,1.3509824373832,1.35105786248712,1.35080063495505,1.35023947705133,1.3494130095622,1.34836783107714,1.34715632303708,1.34583146167615,1.34444113230529,1.34302463476886,1.34161191263495,1.34022455711263,1.33887745006827,1.33758050068594,1.33634016816016,1.33516069722132,1.33404507128661,1.33299572315205,1.33201505257487,1.33110582365253,1.33027149012821,1.32951652094522,1.32884681677405,1.32827022151697,1.32779731991645
6,1.19260456798563,1.22874466895284,1.25875261814572,1.28284356249974,1.2868097518849,1.29056709513652,1.29419844269221,1.29775671154622,1.30127218218999,1.30476137135775,1.30823349099967,1.31169405851973,1.31514635089311,1.31859112467401,1.32202388590014,1.32522995642777,1.32655260608403,1.32783680668418,1.3291542359688,1.33049455561739,1.33184091464513,1.33317242285415,1.33446688965281,1.33570431623538,1.33686969101453,1.33795427157487,1.33895528628533,1.33987440201091,1.34071621804219,1.34148681761739,1.34219278917499,1.34284066349834,1.34343651390822,1.34398585241452,1.34449356979387,1.34496395006627,1.34540070470948,1.34580705629323,1.34618573641911,1.34773432813629,1.34881804716409,1.34950238554072,1.34980661702818,1.34975007353721,1.34936661190154,1.34869863262184,1.3477911529304,1.34669145368556,1.34544892503722,1.34411185288078,1.34272330912204,1.34131849354671,1.33992421578612,1.33855975788148,1.33723837887301,1.33596885218374,1.33475686427253,1.33360616161355,1.33251944421168,1.33149903405786,1.33054736117446,1.3296673342055,1.3288626709482,1.32813819965036,1.3275002853501,1.32695739317482,1.32652091481156
7,1.19241882903164,1.22819446068485,1.25793477041719,1.28197335747133,1.28595167597703,1.28971726414344,1.29335280565048,1.29691241647061,1.3004278079895,1.30391666243822,1.3073891039385,1.31085140142464,1.31430748092378,1.31775873008543,1.32120108525167,1.32441531770082,1.3257590992282,1.32705951833043,1.32839246737077,1.32974642950285,1.33110322182428,1.33244103582932,1.33373755167396,1.33497335311158,1.3361345516724,1.33721368608555,1.3382089447867,1.33912270789145,1.33995990884684,1.34072674100182,1.34142978756682,1.34207542400666,1.34266956523812,1.34321754048171,1.34372404973681,1.34419321219244,1.34462857099025,1.34503317185424,1.34540961536922,1.34693499962683,1.34796674071762,1.34856695443202,1.34876430897556,1.34859520754192,1.34810880002006,1.34735647045566,1.34638653867656,1.34524579585289,1.34398083012917,1.34263614503016,1.34125102032155,1.33985746491689,1.33847981254102,1.33713553817962,1.33583658330628,1.3345908083526,1.33340327373506,1.33227732547889,1.3312154429207,1.33021987330507,1.32929308694646,1.32843815325261,1.32765901289036,1.3269608238724,1.32635037628968,1.32583668455915,1.32543185531847
8,1.19226290149468,1.22772502881237,1.2572266236128,1.28121563213721,1.28520391951167,1.28897641840461,1.29261549804931,1.29617619670287,1.29969143316471,1.30317995767159,1.30665267956121,1.31011656834281,1.31357620861536,1.31703355303311,1.32048498984192,1.323707111478,1.32506989781721,1.32638469759516,1.32773121830862,1.32909684682348,1.3304622759704,1.33180499681638,1.3331026724553,1.33433655915306,1.33549380660856,1.33656799222921,1.33755814719769,1.33846718400212,1.33930029796143,1.3400637456425,1.34076406222836,1.34140749722314,1.34199980404275,1.34254615842466,1.34305109591558,1.34351856282854,1.34395195680356,1.34435418083561,1.34472769799279,1.34622633292477,1.34720436139071,1.34772375699271,1.34782438516046,1.34755814303793,1.34698595540341,1.34616508082899,1.34514539212547,1.3439726593041,1.34269093315436,1.34134156650512,1.33996078209111,1.33857798562434,1.33721550356577,1.33588931691783,1.33461028522146,1.33338550438784,1.33221951244524,1.3311153242392,1.33007524272633,1.32910145974193,1.32819651751933,1.32736361137791,1.32660690828764,1.32593186478126,1.32534565728562,1.32485779652169,1.32448103103209
9,1.19212892815525,1.22731660251659,1.25660236741464,1.28054419503687,1.28454080607117,1.2883191928916,1.29196128821279,1.29552288024594,1.29903791482137,1.30252608769023,1.30599906043524,1.30946444631247,1.31292744064664,1.31639057920213,1.31985065548904,1.32308041107519,1.32446052229396,1.3257882620998,1.32714679807958,1.32852255724775,1.32989525541526,1.33124183548504,1.33254007091451,1.33377188221484,1.33492535980986,1.33599500627374,1.33698054929399,1.33788532115469,1.33871472080865,1.33947505841879,1.34017277344905,1.34081400112258,1.3414043696145,1.34194888409381,1.34245193477584,1.34291732259373,1.34334830766101,1.34374766426755,1.34411773620098,1.34558707303071,1.34651075276943,1.34695311884716,1.34696601807286,1.34661504991986,1.34597013049632,1.3450922989797,1.34403196921563,1.34283365237032,1.34153912116481,1.34018705800511,1.33881112566777,1.33743858989098,1.33609007665906,1.33478031310713,1.33351923975655,1.3323133000854,1.33116658629471,1.33008183380425,1.32906119704997,1.32810685118655,1.32722138519883,1.32640813723889,1.3256714816737,1.32501715138825,1.32445267748817,1.32398802363039,1.32363652082327
10,1.19201171508849,1.22695577045926,1.25604433230327,1.27994106107215,1.28394471743976,1.2877281778079,1.29137287257782,1.29493519463195,1.29844998822634,1.30193778941402,1.30541099580019,1.30887779153859,1.31234397400638,1.31581263484381,1.3192809862228,1.32251814521272,1.3239142026286,1.32525371309117,1.32662302065837,1.32800769364521,1.32938658111832,1.33073622067501,1.33203456665221,1.33326418800866,1.3344140849361,1.33547952600945,1.33646083938908,1.33736170173367,1.33818768420632,1.33894508931112,1.33964027759787,1.34027929213758,1.34086760687417,1.34141009173575,1.34191099767999,1.34237399226768,1.34280221009067,1.34319830890928,1.34356452579349,1.34500272491265,1.34587212765345,1.34624138831361,1.34617448046735,1.34574891202122,1.34504142351765,1.34411542832999,1.34302125227267,1.34180206659589,1.34049759699457,1.33914422684787,1.33777344533955,1.33641068059871,1.335075133985,1.33378042942473,1.33253573116597,1.3313469016609,1.33021765101211,1.32915046990223,1.32814740919459,1.32721061222045,1.32634273746668,1.32554725699505,1.32482874089621,1.32419317954222,1.32364843204355,1.32320487897271,1.32287638398548
11,1.19190765832744,1.22663303450753,1.25553988715439,1.27939336672587,1.28340303276378,1.2871909033553,1.29083785992454,1.29440077669851,1.29791530132745,1.30140273554145,1.30487612251656,1.30834426557944,1.31181349333919,1.31528745813095,1.31876374916492,1.32200810196636,1.32341896222976,1.32476926520576,1.32614832033473,1.3275409004652,1.32892511109293,1.33027718285258,1.33157530135635,1.33280269937761,1.33394916223755,1.33501067438824,1.33598807030041,1.33688531102847,1.33770808592091,1.33846268388709,1.33915540960687,1.33979217607109,1.34037833526425,1.3409186253396,1.34141716808198,1.34187750800702,1.34230266470516,1.34269519020821,1.34305722629683,1.34446296293282,1.34527864511032,1.34557866687342,1.34543890723522,1.34494710224865,1.34418514179622,1.34321781965598,1.34209501932999,1.34085854493406,1.33954628230794,1.33819260829713,1.33682713241197,1.33547369745996,1.33415025489868,1.33286948039217,1.33163984061983,1.33046669712294,1.32935341548626,1.32830229230987,1.3273152664821,1.3263944786152,1.32554265466989,1.32476339639975,1.32406145930789,1.32344307495237,1.3229164078755,1.32249222471419,1.32218487926376
12,1.19181416388458,1.22634145474429,1.25507968972972,1.27889156545908,1.2829064106418,1.28669814163415,1.29034706998533,1.29391046692067,1.29742469410342,1.30091175649347,1.30438531293603,1.30785472806015,1.31132687620915,1.3148059449905,1.31828988720399,1.321541241825,1.32296594106735,1.32432619923009,1.32571413866235,1.32711379503903,1.32850261911698,1.32985662100732,1.33115426384509,1.33237941048654,1.33352257724219,1.33458039834558,1.33555411538083,1.33644797232521,1.33726770184199,1.33801960231772,1.33870989487727,1.33934437871132,1.33992828855567,1.34046623899757,1.34096223143759,1.34141969645438,1.34184154805146,1.34223024240419,1.34258783643649,1.34396016572696,1.3447229989486,1.34495751376327,1.34475101506663,1.34419996299674,1.34339009282765,1.34238689671801,1.34123957026901,1.3399885944841,1.33867018543644,1.33731694857088,1.33595684585409,1.33461232986256,1.3333002458446,1.33203244621232,1.33081676068665,1.32965810960282,1.32855955612578,1.3275232150238,1.32655094268061,1.3256448807504,1.32480782348514,1.32404350062091,1.32335684139749,1.32275430529302,1.32224434261163,1.32183807941734,1.32155032288091
13,1.19172931908295,1.22607577908138,1.25465663626783,1.27842838254736,1.28244771329274,1.28624284434373,1.28989350231201,1.29345728845917,1.29697119381663,1.30045788019466,1.30393158700861,1.30740220263307,1.31087716949944,1.31436116994563,1.31785250584076,1.32111068077513,1.32254838908401,1.32391789658872,1.32531398072705,1.32672000654207,1.32811285357102,1.32946837828522,1.33076534986317,1.33198824028978,1.3331282454524,1.33418256765589,1.33515282593932,1.33604347011414,1.33686029039844,1.33760957106835,1.33829744442444,1.33892960829014,1.33951118262903,1.34004666562696,1.34053994612086,1.34099434895086,1.34141269111926,1.34179734202303,1.34215028341911,1.34348856872068,1.34419961994068,1.34437217236825,1.34410432101577,1.34349992522195,1.34264754854672,1.34161289152012,1.34044433452755,1.33918107278575,1.33785780759431,1.3365055625497,1.33515084722836,1.33381487297485,1.33251350699464,1.33125785152098,1.33005517264915,1.3289099975431,1.3278251196314,1.32680248243125,1.32584387801083,1.32495145558159,1.32412807942721,1.32337760103436,1.32270511744459,1.32211730273987,1.32162287579056,1.32123329877553,1.32096379987885
14,1.19165165604805,1.22583195918079,1.25426519590296,1.27799816444588,1.28202139839972,1.28581953818657,1.2894717117236,1.29303579658513,1.29654936590432,1.30003566472521,1.30350950067771,1.30698129192238,1.31045897023483,1.31394773698675,1.31744623463396,1.32071107125394,1.322161056836,1.32353919734767,1.32494278883518,1.32635458160596,1.32775095384117,1.32910766570921,1.3304038047942,1.33162445417515,1.3327614142757,1.3338123879825,1.33477938189816,1.33566695653425,1.33648098535495,1.33722770076652,1.33791315909566,1.3385429687919,1.33912212861879,1.33965503081417,1.34014545874838,1.34059663901699,1.34101129954905,1.3413917314065,1.34173985021551,1.34304367645506,1.34370415530315,1.34381808244982,1.34349364115202,1.34284093581599,1.34195056144178,1.34088808416776,1.33970097866472,1.33842722261062,1.33710012992337,1.33574930439762,1.33439994915949,1.33307217049702,1.33178095406185,1.33053671913824,1.32934623621796,1.32821366646545,1.32714154944695,1.32613168969416,1.32518582124439,1.32430610617567,1.32349547923377,1.32275790991239,1.32209865561318,1.32152459386333,1.32104469685169,1.32067074223171,1.32041835064128
15,1.1915800559031,1.22560680757524,1.25390098859477,1.27759640304256,1.28162304502712,1.28542385718528,1.28907737188376,1.2926416831361,1.29615489174078,1.29964080710846,1.30311476093474,1.30658767101654,1.31006796642267,1.31356135945523,1.3170668083527,1.32033815116758,1.32179977810414,1.32318600544636,1.32459655343957,1.32601359231079,1.32741306548503,1.32877068478323,1.33006587801806,1.33128428824643,1.33241831371384,1.33346610210143,1.33442995827859,1.33531460036579,1.33612591881421,1.33687011326757,1.33755316180505,1.33818057557655,1.33875724837048,1.33928746881861,1.33977492121561,1.34022274086747,1.34063357402072,1.34100963520165,1.34135279418976,1.34262194085939,1.34323313254642,1.34329155951875,1.34291475553131,1.34221807111315,1.34129350564885,1.34020624344911,1.33900281214006,1.33772003224537,1.33638994421984,1.33504086612462,1.33369682244444,1.33237692139472,1.33109534960182,1.3298619093897,1.32868290897529,1.32756217669849,1.32650202882585,1.32550414145474,1.32457019987849,1.32370238328304,1.322903696997,1.32217822499224,1.32153137819882,1.32097022761462,1.32050398509343,1.32014472536644,1.31990843582493
16,1.19151361906499,1.2253977717125,1.25356047923705,1.27721945821198,1.28124908556675,1.28505227826063,1.28870697681909,1.29227145027301,1.29578427520548,1.29926980493995,1.3027438692161,1.30621785684218,1.30970068881108,1.31319857506248,1.31671077907901,1.31998849383071,1.32146119062563,1.32285503114112,1.32427204115134,1.32569386642492,1.32709608063667,1.32845437190296,1.32974851965527,1.33096471855282,1.33209589970523,1.33314063073075,1.33410147501801,1.33498329145525,1.33579197112484,1.33653367850829,1.33721431399881,1.33783929308785,1.33841341400832,1.33894086242661,1.33942523127681,1.33986957104585,1.34027644696135,1.34064802872984,1.34098611872788,1.34222049008636,1.34278373242273,1.34278957657945,1.34236417663152,1.3416272676422,1.34067175799817,1.33956227360205,1.33834437379768,1.33705379757288,1.33572139586184,1.3343743201818,1.33303552413669,1.33172320799431,1.33045082914168,1.3292276246032,1.32805947251887,1.32694991135651,1.32590103716897,1.32491441589427,1.32399169180867,1.32313506487043,1.32234761083618,1.32163352470977,1.32099836483684,1.32044938655605,1.31999602916034,1.319650647779,1.31942957353775
17,1.19145162851525,1.22520277728474,1.25324077199576,1.27686434889869,1.28089659565587,1.28470191359417,1.28835765747935,1.29192223640778,1.29543466994787,1.29891981102457,1.30239396735643,1.30586899482986,1.30935428608519,1.31285653861072,1.31637533301103,1.3196592736775,1.3211425387394,1.32254356640827,1.32396660653895,1.3253928236666,1.32679745663558,1.32815622023795,1.32944924810837,1.33066325557454,1.33179166479387,1.33283346490311,1.33379141377549,1.33467047826656,1.33547658640806,1.33621583025784,1.33689404957131,1.33751655549923,1.33808806607415,1.33861266162119,1.33909385182164,1.33953460205999,1.3399374278407,1.34030442492942,1.34063735922584,1.34183698995848,1.34235363104823,1.34230961106653,1.34183898460217,1.34106512953416,1.34008147049942,1.33895194984299,1.33772116411351,1.3364238138889,1.33508966291173,1.33374478906089,1.33241116692704,1.33110616565357,1.32984257296494,1.32862909995854,1.32747124700998,1.32637225611043,1.32533403959134,1.32435805947978,1.32344592579191,1.32259986216148,1.32182301433729,1.32111968534199,1.32049557503236,1.31995811499926,1.31951696078399,1.31918473290377,1.31897808525667
18,1.19139349711762,1.22502011687426,1.25293946959726,1.27652860765557,1.28056314179766,1.28437036631509,1.28802703268769,1.29159166663627,1.29510369624495,1.29858843960141,1.30206268335427,1.30553871605194,1.30902640420928,1.31253291276574,1.31605812644731,1.31934817731471,1.32084154801525,1.32224937110396,1.32367805807035,1.3251083127731,1.32651508820261,1.32787415250944,1.32916599805575,1.33037783887774,1.33150356672612,1.33254251655219,1.33349767254958,1.33437407019709,1.33517764260009,1.33591445055454,1.33659024140012,1.33721024355521,1.33777908394595,1.33830075400199,1.33877867521409,1.33921575855612,1.33961443941887,1.33997677009932,1.34030448120126,1.34146949513339,1.34194088733874,1.34184953471245,1.34133670727374,1.34052878757288,1.33951940434154,1.3383717288497,1.33712940630562,1.33582615380788,1.33449072531229,1.33314820977001,1.3318196818277,1.33052174565074,1.32926657070865,1.32806238532781,1.32691432604174,1.32582536843021,1.32479726455601,1.32383136855963,1.32292926669463,1.32209320865254,1.3213264097587,1.32063327792151,1.32001964933663,1.31949312424586,1.319063564294,1.31874384178758,1.31855091402822
19,1.19133875281349,1.22484836908191,1.25265455915395,1.27621015043211,1.28024669926126,1.28405561869351,1.28771309956089,1.29127774812173,1.29478936234721,1.29827371264999,1.30174802685509,1.30522503280806,1.30871505083069,1.31222571524034,1.31575719681492,1.31905323442158,1.32055630271737,1.32197058141415,1.32340455970078,1.32483853647369,1.3262472105284,1.32760642815062,1.32889704083796,1.33010674077853,1.33122985877754,1.3322660531547,1.33321849375466,1.33409229025618,1.33489337342529,1.3356277548075,1.33630110666068,1.33691857215122,1.33748468706781,1.33800336388634,1.33847795414228,1.33891128704384,1.33930574779451,1.33966334560216,1.33998578232493,1.34111637859891,1.3415438609614,1.34140753251477,1.34085523077604,1.34001579398103,1.33898280638079,1.3378186084339,1.33656591250004,1.33525750384731,1.33392119538672,1.33258116105313,1.33125764425672,1.32996654152379,1.32871944407432,1.32752414547226,1.32638542861837,1.32530602448037,1.32428754075361,1.32333122917407,1.3224386583496,1.32161210608911,1.3208548566471,1.3201714200128,1.3195677638085,1.31905165000559,1.31863313710543,1.31832533646254,1.31814548464687
20,1.19128699207549,1.22468633866874,1.25238435092801,1.27590722595568,1.27994553202651,1.28375597433175,1.28741417407645,1.29097879218557,1.29448998136985,1.29797393647795,1.30144831131933,1.30492626087096,1.30841854978503,1.31193327349212,1.31547088196241,1.3187728011105,1.32028518408754,1.32170560016625,1.32314455815872,1.32458197421769,1.32599232811218,1.32735157426785,1.32864091310868,1.32984848445268,1.33096906534477,1.33200258983701,1.33295238878062,1.33382364099807,1.33462226943738,1.33535422917317,1.33602513636923,1.33664003396463,1.33720337369018,1.33771900694339,1.33819019470729,1.3386197099361,1.33900988732867,1.3393626989393,1.33967982403963,1.34077626265538,1.34116115139392,1.34098204193631,1.34039273183781,1.33952404250642,1.33846931563189,1.33729002175894,1.33602796331066,1.33471504198417,1.33337819100309,1.33204073425287,1.33072214143158,1.32943765936709,1.32819833719991,1.32701155206305,1.32588176887298,1.3248114902408,1.3238021757495,1.32285499765082,1.3219715062462,1.32115400915983,1.32040585892344,1.3197316641786,1.31913752147409,1.31863134608259,1.3182233854277,1.31792697852274,1.31775963109939
21,1.19123788042235,1.22453301149995,1.25212739074069,1.27561832730229,1.27965817252084,1.28346997817819,1.28712880000992,1.29069335101491,1.29420411043506,1.29768766875321,1.30116209509018,1.30464095181022,1.30813546899675,1.31165415821844,1.31519775718957,1.31850545744162,1.3200268100847,1.32145307977056,1.3228967278385,1.32433732847354,1.32574917302269,1.3271083257024,1.32839636515359,1.32960184616592,1.3307199384589,1.33175086336441,1.33269808582916,1.33356684318842,1.33436304597824,1.33509259742717,1.33576104205876,1.33637333596025,1.33693386934824,1.33744640019049,1.33791412746742,1.33833976695377,1.33872560818019,1.33907359166538,1.33938537986648,1.34044796987754,1.3407915518256,1.34057170649029,1.33994762560037,1.33905170678244,1.33797689137898,1.33678375631213,1.33551321962175,1.33419634441399,1.33285923916692,1.3315244352172,1.33021068396907,1.32893261940182,1.32770079068484,1.32652218222695,1.32540096036741,1.32433941368962,1.32333885859838,1.32240041003212,1.3215255886036,1.32071673834712,1.31997727925746,1.319311916744,1.31872687002866,1.31823020378157,1.31783234581477,1.31754685191569,1.31739148216122
22,1.19119113142618,1.22438751514655,1.25188243156125,1.27534215950051,1.2793833455589,1.28319637086478,1.28685573867089,1.29042018931997,1.29393050224487,1.2974136623297,1.30088812912519,1.30436787599776,1.30786456821796,1.31138713833151,1.31493660269369,1.31824998585782,1.31977999110581,1.32121185117727,1.32265992820212,1.32410348297486,1.32551664659152,1.32687561562622,1.32816232124815,1.32936573748843,1.33048140147596,1.33150978566657,1.33245448959054,1.3333207952958,1.33411459699486,1.33484174542719,1.33550770276756,1.33611738309474,1.33667506449031,1.33718444526708,1.33764866085811,1.3380703746395,1.33845183606097,1.33879495942285,1.33910139577256,1.34013048576706,1.34043401379147,1.34017533975805,1.3395185248449,1.33859719213345,1.33750375717051,1.33629789101469,1.33501965051163,1.33369930846101,1.33236220160676,1.33103010867433,1.32972111474521,1.32844927538378,1.32722468501868,1.32605394432783,1.32494094323861,1.32388776908183,1.32289560907062,1.32196551240398,1.32109898805958,1.32029841269826,1.3195672731673,1.31891036912121,1.31833403849318,1.31784648983325,1.31745832397151,1.31718329693437,1.31703942925407
23,1.19114650118174,1.22424911173889,1.2516483930776,1.27507759905739,1.27911994799772,1.28293406295474,1.28659390382141,1.29015822384181,1.29366808719821,1.29715084770811,1.30062533390529,1.3041059570425,1.30760477450798,1.31113114589838,1.31468635852018,1.31800532071918,1.31954369601348,1.32098090431308,1.3224331609163,1.32387947079923,1.32529379929493,1.32665249879316,1.32793783575706,1.32913922525164,1.33025251177503,1.33127841309661,1.33222065015489,1.33308454209557,1.33387596349706,1.33460070622883,1.3352641775807,1.33587120415221,1.33642600296976,1.3369321867253,1.33739284953941,1.33781059486984,1.33818764094164,1.33852588087308,1.33882695935627,1.33982292949071,1.34008761963507,1.33979189710782,1.33910420771722,1.33815909742902,1.33704835657072,1.33583074676017,1.3345454948564,1.33322211601819,1.33188521660839,1.33055587914514,1.32925155946715,1.32798577435196,1.32676817727386,1.32560501988571,1.32449992676213,1.32345479550871,1.32247069238533,1.32154860642523,1.32069003795806,1.3198973974456,1.31917423762897,1.31852545012557,1.31795748783271,1.31747869807383,1.31709984786355,1.31683489049822,1.31670207503474
24,1.19110378516958,1.22411714368786,1.25142433332315,1.27482366494295,1.27886701641681,1.28268210296924,1.28634235037157,1.28990650637352,1.29341591920268,1.29689827891765,1.30037279164442,1.30385425800768,1.30735514596003,1.31088524325077,1.31444610589207,1.31777055980594,1.31931702516832,1.32075935795474,1.32221558438402,1.3236644486584,1.32507980305589,1.326438157111,1.32772211939355,1.32892148825708,1.33003245091529,1.3310559218503,1.33199573830789,1.33285724983598,1.3336463085696,1.33436865296242,1.33502962332045,1.33563397369445,1.33618585090122,1.33668880298819,1.33714586951245,1.33755961006791,1.33793221241987,1.33826555324714,1.33856127560436,1.33952453107316,1.33975156080433,1.33942045319015,1.33870359188573,1.33773618453847,1.33660931792621,1.33538084704387,1.33408919637548,1.33276315952329,1.3314266530055,1.33010010425939,1.32880037739225,1.32754048179584,1.3263296547583,1.32517381778299,1.32407634424549,1.32303895248783,1.32206259087339,1.32114820649715,1.32029728063881,1.31951226265114,1.31879677050194,1.31815578548238,1.3175958719535,1.31712551123334,1.31675563008076,1.31650037050205,1.31637819786415
25,1.19106279560609,1.22399105418407,1.25120942608751,1.27457949546682,1.27862370445341,1.2824396550083,1.28610024804524,1.28966422013221,1.29317317088514,1.29665512868263,1.30012966081198,1.30361194510935,1.3071148689958,1.31064861064408,1.31421501999911,1.31754488506285,1.31909918904044,1.3205464391966,1.32200643289106,1.32345767681235,1.32487393135255,1.32623187264805,1.32751444605608,1.32871182426836,1.3298205001891,1.33084158850014,1.33177902591927,1.33263818648824,1.33342489137504,1.33414484402383,1.3348033008364,1.33540495188698,1.33595387091878,1.33645356266789,1.336906998225,1.33731670347626,1.33768484012088,1.33801327289734,1.33830364761795,1.33923461321782,1.33942512054868,1.33906018382899,1.33831571363473,1.33732735369246,1.33618542591425,1.33494688637299,1.33364938437894,1.33232102552077,1.33098507338773,1.32966133743558,1.3283661238262,1.32711196283878,1.32590769800424,1.32475893769351,1.32366881696045,1.32263888440009,1.32166998164532,1.32076300028497,1.31991943340287,1.31914175021146,1.31843363817527,1.31780016615379,1.31724800668182,1.31678577049924,1.31642453163637,1.31617863242134,1.31606672339352
26,1.19102338468341,1.22387034237084,1.25100293923579,1.27434432966643,1.27838926455815,1.28220598073702,1.28586686348244,1.28943062834403,1.2929391114594,1.29642066630344,1.29989521108966,1.30337829658409,1.30688320828837,1.31042054178248,1.31399238958929,1.31732757829724,1.31888949093437,1.32034146590889,1.32180503962902,1.32325850279864,1.32467553830296,1.32603301193187,1.32731418518307,1.32850959562041,1.32961602504541,1.33063477432213,1.33156987015574,1.33242670585213,1.33321107540107,1.3339286299449,1.33458456092589,1.33518349101118,1.33572942953337,1.3362258242795,1.33667559474555,1.33708124330036,1.33744489794504,1.33776841965962,1.33805346111707,1.33895257670902,1.3391076599712,1.33871035130105,1.33793971078998,1.33693162325038,1.33577559841792,1.33452770075663,1.33322484253592,1.3318944610221,1.3305592043942,1.32923829777456,1.32794751994092,1.32669894769202,1.32550105093746,1.32435914061924,1.32327612514455,1.32225339207816,1.32129168246843,1.32039184161145,1.31955536169521,1.31878474725838,1.31808374946182,1.31745752268482,1.31691284454518,1.3164584509637,1.31610556382506,1.31586869954154,1.31576670176831
27,1.19098541004324,1.22375457028901,1.25080423391318,1.27411749218938,1.27816302847006,1.28198042475288,1.28564154570161,1.28920508184913,1.29271309223569,1.29619423994557,1.29966878821257,1.30315266160941,1.30665952642952,1.31020038425594,1.31377758192971,1.3171180146774,1.3186873130147,1.3201438334531,1.32161081350151,1.32306634824317,1.32448406554526,1.32584100023057,1.32712077744437,1.32831424214625,1.32941846244024,1.33043491256716,1.33136770066101,1.33222222842765,1.33300427963471,1.33371943472756,1.33437282792196,1.3349690168366,1.33551194926003,1.33600501336587,1.33645110246709,1.33685266984399,1.33721183129247,1.33753044419583,1.33781017188718,1.33867788860191,1.33879860670236,1.33837029225897,1.33757480865486,1.33654811322044,1.33537886754428,1.33412226198848,1.3328144864044,1.33148234992316,1.33014791251049,1.3288298455404,1.32754342319234,1.32630030689821,1.32510859659975,1.32397332488018,1.32289718426125,1.32188140925776,1.32092664614132,1.32003369758537,1.31920405693702,1.31844026453765,1.31774613441042,1.3171269045211,1.3165894545475,1.31614264168594,1.315797830396,1.31556970388207,1.31547728892365
28,1.1909487459323,1.22364334979567,1.25061272702298,1.27389838091109,1.27794441372171,1.2817624025996,1.28542371419181,1.28898700176584,1.29249453475207,1.29597527739145,1.29944982585919,1.30293446306988,1.30644324439541,1.30998756598325,1.31357002484027,1.31691562100989,1.31849210485238,1.31995300320666,1.32142322806839,1.32288069425625,1.32429900218838,1.32565536185057,1.32693371790779,1.32812526456254,1.32922731047862,1.33024149268171,1.33117200310588,1.33202425542795,1.33280398809117,1.33351674518881,1.3341675890601,1.33476101793916,1.3353009209279,1.33579063556174,1.33623301517963,1.33663048498734,1.33698514661291,1.33729885761497,1.33757329551261,1.33841007258362,1.33849744558229,1.33803940773883,1.3372203083339,1.33617603147907,1.33499436393566,1.33372963760526,1.33241734480449,1.33108369363363,1.3297501841868,1.32843496203513,1.32715282684036,1.32591503150282,1.32472933723435,1.32360050647137,1.32253102571798,1.32152198381017,1.32057393746699,1.31968765025085,1.31886461847254,1.31810741865871,1.3174199268842,1.31680746279651,1.31627700538009,1.31583752929747,1.31550053659395,1.31528087060947,1.31519773170262
29,1.19091329396667,1.22353633538627,1.25042791369931,1.27368645671413,1.27773288591131,1.28155139087293,1.28521284908342,1.2887758696872,1.29228292097761,1.2957632579189,1.29923780058853,1.30272317710576,1.306233847136,1.30978157478125,1.31336921030112,1.3167198957786,1.31830337401515,1.31976849337032,1.32124181256411,1.32270108060965,1.32411989555567,1.32547563715239,1.3267525731646,1.32794221595281,1.32904211986766,1.33005407291593,1.33098233404632,1.33183232365249,1.33260974886755,1.33332010215712,1.33396838558357,1.33455903690526,1.33509588927568,1.33558223263641,1.33602087784882,1.33641424351144,1.33676440279307,1.33707322293995,1.33734239891996,1.33814870095368,1.3382037061929,1.33771715482922,1.33687557696856,1.33581466229685,1.33462130369727,1.3333489915345,1.33203254452842,1.33069759503312,1.32936510938094,1.32805273294523,1.32677481398507,1.32554221630597,1.32436237782193,1.32323980278607,1.32217678077881,1.3211742617488,1.32023271775681,1.31935287640759,1.31853623354598,1.31778541749041,1.31710435020412,1.316498436372,1.31597475162818,1.31554237780048,1.31521296995429,1.31500150505013,1.31492735467794
30,1.19087895470686,1.2234332182556,1.25024932785291,1.27348123125785,1.27752796866756,1.28134691899448,1.28500848297636,1.28857121953083,1.29207778516798,1.29555771563167,1.29903224697539,1.30251835291686,1.30603087164395,1.30958195028204,1.31317468177821,1.31653039200434,1.3181206694211,1.31958987125551,1.32106614416746,1.32252710380077,1.32394633911544,1.32530142390537,1.32657693623396,1.32776469469035,1.32886248681311,1.32987223581736,1.33079827887026,1.33164602220599,1.33242114651407,1.33312909317088,1.33377480550143,1.33436266298984,1.33489644550345,1.33537939844078,1.33581429919632,1.33620354589499,1.33654920400634,1.3368531480182,1.3371170933593,1.33789338817429,1.33791697538213,1.33740303967455,1.33654003951726,1.33546335670496,1.33425897743733,1.33297956833093,1.33165929746314,1.33032324506449,1.32899186784013,1.32768233447078,1.32640856305359,1.32518104362814,1.32400691237252,1.32289041908132,1.32183366724423,1.32083747421118,1.31990223193123,1.31902863494036,1.31821818504951,1.31747354786205,1.31679870518199,1.31619914007936,1.31568202227697,1.31525654383786,1.31493448917201,1.31473098201928,1.31466555024616
31,1.19084564332956,1.2233337213507,1.25007654867852,1.27328227468406,1.27732923214592,1.28114855641177,1.2848101941011,1.28837263071823,1.29187870403289,1.29535822869366,1.29883274330783,1.30231956450789,1.3058339001674,1.30938827716981,1.31298602749608,1.31634669489135,1.317943609107,1.31941674684576,1.32089584185086,1.3223583842093,1.32377795385709,1.3251323594556,1.32640644566395,1.32759233851803,1.32868804704662,1.32969562625602,1.33061946872649,1.33146498052056,1.33223780943551,1.33294334636453,1.33358647743493,1.33417152259482,1.33470222129949,1.33518176707405,1.33561291042898,1.33599802227604,1.33633919374129,1.33663827959922,1.33689702854264,1.3376437852282,1.33763686371122,1.33709661155852,1.33621317179263,1.33512152433283,1.33390674102674,1.33262068304355,1.33129688980307,1.32995991152315,1.32862971270741,1.32732302168503,1.32605333124922,1.32483078137823,1.32366221243706,1.32255163713466,1.32150097828026,1.32051092648358,1.31958179770634,1.31871425193415,1.317909811094,1.31717116544202,1.31650236008659,1.31590895482793,1.31539821109306,1.31497942796665,1.31466451490213,1.31446873678496,1.31441176956851
32,1.19081159317159,1.22323759522395,1.24990920983317,1.27308918708335,1.27713628715645,1.28095593022981,1.28461760055984,1.28817972243135,1.29168530298024,1.29516441981921,1.29863891275282,1.30212643229385,1.30564255449373,1.30920017948679,1.31280287477469,1.31616843424024,1.31777182411595,1.31924876735951,1.32073056101447,1.32219458470756,1.32361443247336,1.32496811570192,1.32624077436511,1.32742481955331,1.32851847096355,1.32952390670869,1.33044556978552,1.33128886325227,1.33205940140673,1.33276252532341,1.33340306546926,1.33398528775255,1.33451288364104,1.33498900775373,1.3354163834006,1.33579736716228,1.33613404975808,1.33642829835586,1.33668188771699,1.3373995750602,1.33736301952033,1.33679745787909,1.33589449452972,1.33478862647318,1.33356400774216,1.33227171263454,1.33094467292739,1.32960692950607,1.3282779801824,1.32697411377061,1.3257084448037,1.32449075882188,1.32332761741874,1.32222280567331,1.32117807296781,1.32019398861101,1.31927079651307,1.31840912874401,1.31761051604186,1.3168776860715,1.31621474219051,1.31562731940183,1.31512276154162,1.31471049252168,1.31440252202103,1.31421425750195,1.31416551537307
33,1.19078008900143,1.22314461453683,1.24974696551782,1.27290161010573,1.27694878019041,1.28076868550493,1.28443035544901,1.2879921487484,1.29149723340539,1.29497594178448,1.29845040817831,1.30193861148865,1.30545649110922,1.30901731581154,1.31262488523479,1.31599527394204,1.31760498700378,1.31908561270257,1.32056998900329,1.32203539933526,1.32345546256601,1.32480839484436,1.32607962538334,1.3272618401279,1.32835345303855,1.32935677599381,1.33027627894591,1.33111736596041,1.33188561723103,1.33258632472871,1.33322426479338,1.33380365138013,1.33432813045188,1.33480082048696,1.33522442056007,1.33560127593181,1.33593347394936,1.33622291467463,1.33647138349959,1.33716046864762,1.33709512044904,1.33650519983976,1.33558356830328,1.33446417014979,1.33323024158245,1.33193208867209,1.33060205562048,1.32926369343992,1.32793605244444,1.32663500535737,1.32537329069632,1.32416036789455,1.32300252635748,1.32190333226687,1.32086436833657,1.31988608765462,1.31896866571209,1.31811270897663,1.31731975823706,1.31659257358727,1.31593533067987,1.31535372336839,1.31485518746509,1.31444924861011,1.3141480329839,1.31396707876251,1.31392633543149
34,1.19074940833804,1.22305457509587,1.24958950543525,1.27271921569834,1.27676638918526,1.28058650402982,1.28424813668004,1.28780959450202,1.29131417889713,1.29479247968801,1.29826691487406,1.3017557879738,1.30527539707785,1.30883937515406,1.31245175071634,1.31582690796738,1.31744279518389,1.31892699152456,1.32041384128094,1.32188054974081,1.32330075951534,1.32465291926312,1.32592272833577,1.3271031290865,1.32819273255753,1.32919395957461,1.33011132015575,1.33095021137905,1.33171617904467,1.33241446665091,1.33304979798919,1.33362633711226,1.33414768690332,1.33461693239977,1.33503675126883,1.33540948037846,1.335737212216,1.33602186507715,1.33626525433832,1.33692620169364,1.33683287013099,1.33621948875534,1.33527998916467,1.33414770302024,1.33290495151956,1.33160129107572,1.33026849745979,1.32892965006047,1.32760336967387,1.32630513011294,1.32504730933471,1.32383905374135,1.32268639092413,1.32159267640859,1.32055933253734,1.31958670091554,1.31867489206582,1.31782448895792,1.317037043482,1.31631535300302,1.31566365040229,1.31508770124732,1.31459502628924,1.31419525030323,1.31390061227043,1.31372677613737,1.31369381745383
35,1.19071949463493,1.22296729132701,1.24943654647695,1.27254170476951,1.27658881990024,1.28040909507121,1.28407066731197,1.28763176726746,1.29113585463297,1.29461374581465,1.29808814530297,1.30157767295769,1.30509898169248,1.30866607344337,1.31228318978663,1.31566305688663,1.31728498546826,1.3187726379056,1.32026185822547,1.32172976974095,1.32315008750017,1.324501454176,1.32576983628689,1.32694842966994,1.32803605464942,1.32903520682656,1.32995044140042,1.33078714650836,1.33155083315556,1.33224669737939,1.33287941185756,1.33345309275684,1.33397130225039,1.33443709454629,1.33485312866769,1.3352217358392,1.33554501239467,1.33582490332004,1.33606326148827,1.33669653177091,1.33657599535408,1.33594000285218,1.33498337614913,1.33383880897526,1.33258768657561,1.33127884273718,1.32994350310583,1.32860429259659,1.32727941928851,1.32598397405449,1.32472998867163,1.32352630861321,1.32237870941765,1.32129034359146,1.32026247901772,1.31929535029442,1.31838900607079,1.31754400792838,1.31676191977821,1.31604557627704,1.31539926676959,1.31482882710965,1.3143418610146,1.31394808973192,1.31365986154945,1.31349296147688,1.31346758443607
36,1.19069029682727,1.22288259411312,1.24928782965095,1.27236880338034,1.2764158021031,1.28023619229289,1.28389767699037,1.28745841206707,1.29096199555094,1.29443947659042,1.29791383605723,1.30140400420359,1.30492699260755,1.30849715050782,1.31211894473851,1.31550346487885,1.31713130057628,1.31862230848501,1.32011380018065,1.32158285022951,1.32300322168408,1.32435376675228,1.32562072315284,1.32679753313956,1.32788319125922,1.32888028823131,1.32979341178901,1.33062793946037,1.33138934732596,1.33208278469737,1.33271287469068,1.33328368756918,1.33379874711124,1.33426107923715,1.33467332698537,1.33503781859487,1.3353566606334,1.33563182096658,1.33586518642905,1.33647123589095,1.33632424360807,1.33566643514843,1.33469340242935,1.33353709587489,1.33227803150339,1.33096430487274,1.32962661739166,1.32828715198682,1.3269637307406,1.32567106547172,1.32442085885064,1.32322166669457,1.32207902159651,1.32099588020361,1.31997336147715,1.31901159718477,1.31811057708443,1.31727084329253,1.31649397255876,1.31578283684314,1.31514178120337,1.31457671041081,1.31409530925579,1.31370739284045,1.31342541554815,1.31326527887443,1.31324728364198
37,1.19066177329683,1.22280032893407,1.24914311743075,1.27220026000174,1.27624708595593,1.28006755109807,1.28372892276134,1.28728928228534,1.29079235955895,1.29426942995244,1.29774374171187,1.30123454435085,1.30475918465986,1.30833236746739,1.31195877899861,1.3153478971495,1.31698151952537,1.31847578000026,1.31996945305222,1.32143956653969,1.32285994516212,1.32420964903606,1.32547518140551,1.32665022245978,1.32773393301584,1.3287289930783,1.32964001401736,1.33047237756519,1.33123150840398,1.33192251552952,1.33254997391747,1.33311790989951,1.33362980942741,1.33408867768719,1.33449713921343,1.33485752349081,1.33517194968739,1.33544241059384,1.3356708228256,1.33625010839977,1.33607738095802,1.33539852803881,1.33440974132777,1.33324222570263,1.33197559511581,1.33065727298426,1.32931742104953,1.32797780705646,1.32665587101493,1.32536597040925,1.32411948767171,1.32292469956521,1.32178690420971,1.3207088691198,1.31969156953885,1.31873503833555,1.31783920922349,1.3170046065,1.31623282066054,1.3155267608985,1.3148908272478,1.31433098547649,1.31385501940187,1.3134728158035,1.31319693843808,1.31304340117705,1.31303261125371
38,1.19063387977684,1.22272035426013,1.24900219145816,1.27203584313553,1.27608245034429,1.27990294632432,1.28356418097257,1.28712415198579,1.29062672379725,1.29410338306782,1.29757764651261,1.30106906824392,1.30459533651298,1.3081715044724,1.31180247488005,1.31519613769178,1.31683541716337,1.31833284705835,1.31982861447375,1.32129972257054,1.32272006492063,1.32406890231117,1.32533301414927,1.32650630607288,1.32758808724696,1.32858112746819,1.32949006384441,1.33032026508336,1.33107712039968,1.3317656938871,1.33239051406243,1.33295556515384,1.33346429918854,1.33391969799189,1.33432437509387,1.33468066197291,1.33499069262868,1.33525648667257,1.33547999752109,1.33603295915562,1.33583518018562,1.33513601623703,1.33413209754321,1.33295386191632,1.33168003869104,1.33035737337669,1.32901552701397,1.3276758588895,1.32635543579896,1.32506828868264,1.32382547670679,1.32263501228379,1.32150196711543,1.32042892586986,1.31941672497138,1.31846530209547,1.31757453754465,1.3167449394534,1.3159781128124,1.31527700395866,1.31464606719267,1.3140913343818,1.31362066746959,1.31324404171478,1.31297412091342,1.3128270200042,1.31282326782931
39,1.19060657813353,1.22264254015872,1.24886485054474,1.27187533924309,1.2759216813339,1.27974217023626,1.28340324527967,1.2869628211795,1.29046488265193,1.29394113034732,1.29741534159122,1.3009073708522,1.304435241596,1.30801435873461,1.31164983162602,1.31504798257632,1.31669282145196,1.31819332045019,1.31969108768544,1.32116313752323,1.32258340304673,1.32393136472714,1.32519405698187,1.3263656073103,1.32744547625059,1.32843651257418,1.32934337618435,1.33017142156507,1.33092600250114,1.33161213916833,1.33223431496563,1.33279647400162,1.33330203655322,1.33375396336595,1.33415485936778,1.33450706034404,1.3348127172277,1.33507387820112,1.33529253476342,1.33581961194374,1.33559745876752,1.33487866116636,1.33386019659818,1.33267169975185,1.33139102605755,1.33006425238353,1.32872057717034,1.32738094192402,1.32606206560723,1.32477765047455,1.32353845774899,1.32235223995709,1.32122384989769,1.32015569529972,1.3191484784004,1.31820204517994,1.31731622501485,1.31649151145068,1.31572952457416,1.31503324785495,1.31440718427376,1.3138574451328,1.31339195423315,1.31302077793841,1.31275667715154,1.31261587060141,1.31261898315152
40,1.19057983344497,1.2225667670814,1.24873090892656,1.27171855093506,1.27576458460055,1.27958503077117,1.2832459249037,1.28680509546796,1.29030664601852,1.29378248170928,1.29725663699456,1.30074926261916,1.3042787159024,1.30786074280673,1.31150066370311,1.31490325718837,1.31655354282961,1.31805702533441,1.31955672531935,1.32102964441145,1.32244979518931,1.3237968611934,1.3250581414385,1.32622796288942,1.32730593263869,1.32829497995059,1.32919978170468,1.3300256770907,1.33077798457501,1.33146168445994,1.33208121024733,1.33264047091021,1.33314285702366,1.33359131060478,1.33398843024619,1.33433655824659,1.33463786444894,1.33489442721892,1.33510827726697,1.33560990309181,1.33536401866365,1.33462624034898,1.33359378289481,1.33239545584467,1.33110825220049,1.32977760405382,1.32843223954413,1.32709271742753,1.32577541366529,1.32449371330536,1.32325808990031,1.32207604480782,1.32095221887243,1.31988884864974,1.31888650643149,1.31794494984222,1.31706395967939,1.31624401634711,1.31548675565118,1.3147951981078,1.31417389939504,1.31362903487313,1.31316860275719,1.31280275363271,1.31254434273881,1.31240968880951,1.31241950720413
41,1.19055361365923,1.22249292480405,1.24860019473473,1.27156529538358,1.27561098012934,1.27943135,1.28309204310269,1.28665080120965,1.290151837779,1.29362726105675,1.29710135674679,1.30059456794237,1.30412557580046,1.30771048307341,1.31135479929062,1.3147617864859,1.31641741541523,1.31792378829842,1.31942535815444,1.32089908868817,1.32231908921603,1.32366524149481,1.32492511683404,1.3260932215954,1.32716931055625,1.32815638283994,1.32905913286006,1.32988288357167,1.33063291829999,1.33131417214911,1.33193104591906,1.332487402629,1.33298660493812,1.33343158873606,1.33382493807026,1.33416900733326,1.33446598713462,1.3347179834278,1.33492707936696,1.33540366979566,1.33513468384811,1.33437854595376,1.33333261799529,1.33212486624558,1.3308314333534,1.32949712263221,1.3281502057524,1.32681087091607,1.32549516257877,1.32421615938954,1.32298405688935,1.32180611343395,1.32068676464787,1.31962808098928,1.31863050912386,1.31769372138942,1.31681745222345,1.31600217024734,1.31524952758019,1.31456258161136,1.31394593367538,1.31340584129138,1.31295035622624,1.31258971768398,1.31233686535813,1.31220823574734,1.31222460819981
42,1.19052788929628,1.2224209114978,1.2484725486505,1.27141540292487,1.275460700843,1.27928096277292,1.28294143582644,1.28649977352229,1.29000029446137,1.29347530493729,1.29694933750974,1.30044312383578,1.30397567166753,1.30756341842337,1.31121207897984,1.31462341241162,1.31628428565491,1.31779348180403,1.31929683975354,1.32077132704204,1.32219113758589,1.32353637896479,1.32479483592497,1.32596123994537,1.32703546576034,1.32802057609954,1.32892128377038,1.32974289465872,1.33049065717408,1.3311694653077,1.33178367602276,1.33233712713291,1.33283314615139,1.33327465783223,1.33366424413337,1.3340042700989,1.33429694884778,1.33454441927666,1.3347488058612,1.3352007904694,1.33490928960474,1.33413538350717,1.33307647909554,1.33185968468078,1.33056030505007,1.32922253029898,1.32787418143945,1.32653510986371,1.32522101722265,1.32394469330312,1.32271606474325,1.321542154598,1.32042719952635,1.3193731089418,1.31838020776476,1.31744808599425,1.31657643382257,1.31576570936892,1.31501757741777,1.31433514464836,1.31372305103295,1.31318762066887,1.31273697603404,1.31238143673277,1.31213403121171,1.31201128959069,1.312034070844
43,1.19050263318698,1.22235063100946,1.24834782056846,1.27126871582573,1.27531359139095,1.27913371008256,1.28279395052881,1.28635186028982,1.28985185874383,1.2933264613596,1.29680042733637,1.30029477874864,1.30382883932839,1.3074193990773,1.31107235459704,1.31448798807952,1.31615401072004,1.31766595124783,1.31917103408232,1.3206462263367,1.32206582188772,1.32341013456983,1.32466718337818,1.32583189383046,1.32690426705434,1.32788742772471,1.32878610176401,1.32960557725497,1.33035106796413,1.3310274264386,1.33163897427426,1.3321895093196,1.33268234623107,1.33312038797362,1.3335062196421,1.33384221885013,1.33413062285247,1.33437360472927,1.33457333103679,1.33500112230835,1.3346876774328,1.33389657074557,1.33282515766682,1.33159968096164,1.33029462039608,1.3289535679142,1.32760391368484,1.32626516175219,1.32495270269217,1.32367903528835,1.32245383972835,1.32128389713661,1.32017325576799,1.31912366875651,1.31813534287789,1.31720778876092,1.31634065424373,1.31553438816932,1.31479067257808,1.31411265100269,1.31350501370144,1.31297414615442,1.31252824009085,1.31217768666269,1.31193562140704,1.31181864386705,1.31184769480064
44,1.19047782024391,1.22228199972568,1.24822587711927,1.27112508719107,1.27516950707672,1.27898945976823,1.28264944511583,1.28620691981838,1.28970639952274,1.29318058874558,1.29665448488834,1.30014938458339,1.3036849521454,1.30727828554975,1.31093548817599,1.31435537674875,1.31602645767731,1.31754107541392,1.31904781454995,1.32052366100862,1.32194300810983,1.32328638722308,1.32454202786828,1.32570505866878,1.32677559227133,1.32775681480211,1.32865346331797,1.32947080745711,1.33021402665824,1.33088793427705,1.33149681412829,1.33204443281624,1.33253408012734,1.33296865830387,1.33335074479708,1.33368273479418,1.33396689121191,1.33420542243418,1.33440053773943,1.33480454103334,1.33446971047395,1.33366193659017,1.33257845824321,1.33134463962412,1.3300341485231,1.32868999336572,1.32733914553785,1.32600077216919,1.32468996248508,1.32341893785053,1.32219712652366,1.32103108815049,1.31992468366688,1.31887951440921,1.3178956725952,1.31697259201079,1.31610988016105,1.3153079777183,1.31456858439,1.31389488046071,1.31329160580051,1.31276520623557,1.31232394132855,1.31197827863366,1.31174143830237,1.31163010615684,1.31166529330491
45,1.19045342725942,1.22221493459304,1.24810658792317,1.27098437999371,1.27502831290539,1.27884807291063,1.28250778701144,1.28606481990468,1.28956377950753,1.29303755499953,1.29651137809136,1.30000682336956,1.30354387216937,1.30713994788107,1.31080135104272,1.31422545091263,1.31590150259775,1.31741872913231,1.31892706303576,1.32040351888089,1.32182259382435,1.32316502401317,1.32441926286223,1.32558062118884,1.32664932746511,1.32762862269512,1.32852325323802,1.32933846973066,1.33007941763766,1.33075086851711,1.3313570805751,1.33190178012066,1.33238824067262,1.33281935302464,1.33319770797749,1.33352570723052,1.33380564398825,1.33403976295825,1.33423031668443,1.33461093010836,1.33425524842728,1.33343132023256,1.33233619733657,1.33109435867225,1.32977867325053,1.32843158009662,1.32707964340934,1.32574169847954,1.32443255687497,1.32316415664996,1.3219456865963,1.32078349139215,1.3196812499741,1.31864041614112,1.31766097089833,1.31674227375831,1.31588389365942,1.31508626418325,1.31435110313887,1.31368162734208,1.3130826257157,1.31256060337935,1.31212388636836,1.3117830168665,1.31155129733075,1.31144549670825,1.31148669209091
46,1.19042942888454,1.22214936008887,1.24798983327481,1.27084646621044,1.27488988273516,1.27870942082705,1.2823688495992,1.28592543700627,1.28942387524114,1.29289723667915,1.29637098359533,1.29986696524556,1.30340547689976,1.30700426417513,1.31066982300048,1.31409809148753,1.31577902976126,1.31729879949163,1.31880866967342,1.32028569022188,1.32170446722478,1.3230459394853,1.32429877980286,1.32545847557574,1.32652536618992,1.32750274431859,1.32839536392834,1.32920845617562,1.32994713293974,1.33061612850681,1.33121966625644,1.33176144448477,1.33224471874895,1.33267237343656,1.33304700180199,1.33337103283183,1.33364677853186,1.33387652406378,1.33406255076231,1.3344201800803,1.33404416294789,1.33320456522381,1.33209820246295,1.33084864846806,1.32952799180057,1.32817811578934,1.32682518851319,1.32548772039078,1.32418026151176,1.32291446726605,1.32169929675281,1.32054088582761,1.3194427341901,1.31840615898599,1.31743102640776,1.31651662635232,1.31566249089891,1.31486904755996,1.31413803262187,1.31347269291164,1.31287788485474,1.31236014806078,1.31192788730078,1.31159172450538,1.31136502586941,1.31126464746083,1.31131172805587
47,1.19040581271435,1.2220852058393,1.24787550128252,1.27071122605053,1.27475409851971,1.2785733946661,1.28223252233638,1.28578865550063,1.28928657118062,1.2927595182553,1.29623318595866,1.29972969503771,1.30326965170163,1.30687112087346,1.31054079160216,1.31397318708882,1.3156589309998,1.3171811809127,1.31869253125651,1.32017007479248,1.32158852896606,1.32292903212372,1.3241804801543,1.32533851501586,1.32640360879626,1.32737907949126,1.32826969473967,1.32908066587103,1.32981707159977,1.33048360993214,1.33108447080381,1.33162332614196,1.33210341533235,1.33252761816932,1.33289853529765,1.33321861500272,1.33349019884646,1.33371561008967,1.33389717364157,1.33423218798891,1.33383633301604,1.33298153892912,1.33186431126695,1.33060733073212,1.32928191374059,1.32792940118677,1.32657557563184,1.32523863863831,1.32393286605536,1.32266965936092,1.32145774784399,1.32030306435036,1.31920893641173,1.31817654163606,1.31720564106034,1.31629545526191,1.31544548092311,1.31465614048597,1.31392918906205,1.31326790951244,1.31267720658022,1.31216367661496,1.3117357884899,1.31140423588768,1.31118246222767,1.31108740100334,1.31114024853806
48,1.19038255647242,1.22202240616978,1.24776348720678,1.27057854726515,1.27462084962992,1.27843988115344,1.28209869387484,1.28565436702188,1.28915175903423,1.29262429144922,1.29609787698588,1.29959490480527,1.30313628735282,1.30674041139401,1.31041415149911,1.31385063338298,1.31554110031951,1.31706577452834,1.3185785513429,1.320056572043,1.32147468600489,1.32281421206572,1.32406427149733,1.32522066214594,1.32628396212849,1.32725753431652,1.32814615138578,1.3289549987652,1.32968913906214,1.33035321842965,1.3309514002505,1.33148733169477,1.33196423771684,1.33238499532586,1.33275221415394,1.33306836005019,1.33333581502324,1.33355692015051,1.33373408118932,1.3340468568392,1.33363164436916,1.33276210175906,1.33163437073237,1.33037023764388,1.32904025998066,1.32768524903351,1.3263306120085,1.32499425019374,1.32369017307885,1.32242953557143,1.32122084358401,1.32006983262888,1.31897966255351,1.3179513751036,1.31698462917307,1.31607857798832,1.31523268459011,1.31444736719273,1.31372440005353,1.31306710188274,1.31248042514744,1.31197101518137,1.31154742427962,1.31122039560141,1.31100345473921,1.31091360969261,1.31097211035359
49,1.19035964287684,1.22196089970317,1.24765369286697,1.27044832452775,1.27449003224527,1.27830877762929,1.28196726222532,1.28552246986551,1.28901933716676,1.29249145463789,1.29596495513325,1.29946249324686,1.30300528661334,1.30661203572863,1.31028980385689,1.31373033250632,1.31542545168906,1.31695248762838,1.31846663949752,1.31994510474827,1.32136285107884,1.32270139612694,1.32395006717156,1.32510482235699,1.32616633854029,1.32713802084056,1.3280246453658,1.32883137712554,1.32956324665197,1.33022486551872,1.33082036650173,1.33135337359719,1.33182709903258,1.3322444187095,1.33260795294376,1.33292018965723,1.33318352832437,1.33340039216736,1.33357318906854,1.33386409512661,1.3334299889895,1.33254612650672,1.33140823646906,1.33013721103002,1.3288028618815,1.3274454831127,1.32609011635068,1.32475437076979,1.32345199701212,1.3221939103592,1.32098839960744,1.31984100807152,1.31875473238713,1.31773048190038,1.31676781612551,1.31586582306981,1.3150239336128,1.31424256256396,1.31352350363958,1.312870111209,1.31228738488468,1.31178202470421,1.31136264529601,1.31104005771582,1.31082786094629,1.31074313485621,1.31080717900465
50,1.19033705581208,1.22190062899949,1.24754602610824,1.27032045887672,1.27436154880629,1.27817998761939,1.28183813154219,1.28539286845298,1.28888921006443,1.292360912319,1.29583432497409,1.2993323651667,1.30287655297129,1.30648589991361,1.31016765582991,1.31361219254236,1.31531189142741,1.31684123316079,1.31835671080567,1.31983558422018,1.32125294223815,1.32259049974914,1.32383778240716,1.32499091389845,1.32605064816373,1.32702045627781,1.32790509374121,1.32870971227449,1.32943931110004,1.33009846812567,1.33069128685873,1.33122136967604,1.33169191773934,1.33210580750174,1.33246567148193,1.33277402099627,1.33303328789471,1.33324593299243,1.33341441807619,1.33368381641108,1.33323126464074,1.33233349284471,1.33118577206714,1.32990810163055,1.32856956044916,1.32720993743235,1.32585391793177,1.32451882687982,1.32321816320227,1.3219626091656,1.32076024233034,1.3196164188941,1.31853397636472,1.31751369505421,1.3165550377444,1.31565702928799,1.31481906967758,1.31404157128778,1.31332634748121,1.31267678810892,1.31209793936185,1.31159655510124,1.3111813111301,1.31086308489957,1.31065554686716,1.3105758460922,1.31064532812528
51,1.19031478022903,1.22184153521843,1.24744040032132,1.27019485721308,1.27423530752112,1.27805342034767,1.28171121086933,1.28526547284912,1.28876128785266,1.29223257462882,1.29570589671679,1.29920443099341,1.30274999729791,1.30636191555257,1.31004761452198,1.31349612705089,1.31520033050441,1.31673192928267,1.31824868543579,1.31972793231621,1.32114488242398,1.32248144636874,1.32372734729885,1.32487885987062,1.32593682867058,1.32690476283174,1.32778741827626,1.32858992590783,1.32931725411469,1.32997394815494,1.33056408359021,1.33109124270355,1.33155861720965,1.33196908571779,1.33232529440532,1.33262976782409,1.33288500528308,1.33309347471399,1.33325769356773,1.33350593892837,1.33303537444795,1.3321240868274,1.33096684851126,1.32968276843396,1.32834020560611,1.32697845536738,1.32562185577939,1.32428745500415,1.32298850002659,1.32173546752199,1.32053620830245,1.31939590327897,1.31831723478477,1.31730085729606,1.31634613939822,1.31545204471371,1.31461794374873,1.31384424709161,1.31313278810634,1.31248699189384,1.31191194379494,1.31141447126725,1.31100328953406,1.31068934787339,1.31048638633096,1.31041162059401,1.31048643858869
52,1.19029280205547,1.22178357772975,1.24733673400913,1.27007143184676,1.27411122191966,1.27792899029602,1.28158641689663,1.28514019832608,1.28863548586043,1.29210635690654,1.29557958576948,1.29907860092635,1.30262553563398,1.30623999938544,1.30992960243708,1.31338205464273,1.3150906946718,1.31662449895553,1.31814248262367,1.31962207540419,1.32103859908762,1.32237416389165,1.32361868642741,1.32476858784934,1.32582479981028,1.32679086723781,1.32767154540577,1.32847194430204,1.32919700199523,1.3298512321019,1.33043868354524,1.33096292001237,1.33142712536006,1.33183418185874,1.33218675079416,1.33248738207702,1.33273861033287,1.33294294398623,1.33310294184343,1.3333303798246,1.33284222651589,1.33191780043839,1.330751343648,1.32946107807364,1.32811465553052,1.32675088902016,1.32539377387049,1.32406010083557,1.32276286613443,1.32151233027536,1.32031614334092,1.31917930861435,1.31810435704017,1.31709182031907,1.31614097527002,1.31525072613239,1.31442041520481,1.31365045205093,1.3129426838388,1.31230058991393,1.31172928170435,1.31123564580216,1.3108284558108,1.31051872473231,1.31032026038149,1.31025034258962,1.31033039813777
53,1.19027110811549,1.22172670422639,1.2472349503947,1.26995010008589,1.27398921045002,1.27780661680579,1.2814636668704,1.28501696496872,1.28851172422588,1.29198217929997,1.29545531234587,1.2989548061179,1.30250308879767,1.30612007289841,1.30981354895881,1.31326989859485,1.31498291498992,1.31651886958064,1.31803804266645,1.31951794417309,1.32093402384607,1.32226858435249,1.32351173180231,1.3246600295461,1.32571449289017,1.32667870041991,1.32755740577783,1.32835569792688,1.32907848528199,1.32973025070242,1.33031501780309,1.33083633314216,1.33129737423666,1.33170102857506,1.33204996222966,1.33234678637007,1.33259403689372,1.33279427465621,1.33295010302461,1.3331570764309,1.33265173358169,1.33171453117761,1.33053914170109,1.32924290427883,1.32789277605571,1.32652709856061,1.32516953668781,1.32383661859525,1.32254110798539,1.32129305094061,1.32009990184222,1.31896649080517,1.31789520093696,1.31688644409851,1.31593940766118,1.31505293833798,1.31422635134494,1.31346005596204,1.31275591960273,1.31211745693499,1.31154982365107,1.31105995847414,1.31065669224884,1.31035110040367,1.3101570567356,1.31009190282248,1.31017710098351
54,1.19024968605706,1.22167087008475,1.24713497706595,1.26983078386438,1.27386919611254,1.27768622371631,1.28134288911861,1.28489569731662,1.28838992753861,1.2918599664079,1.29533300110782,1.29883296610335,1.30238258202881,1.30600206197082,1.30969937478848,1.31315958650145,1.31487691598962,1.31641497267059,1.31793529322509,1.31941546675797,1.3208310921697,1.32216464360586,1.32340641924695,1.32455312049981,1.32560584306847,1.32656818942681,1.32744493393429,1.32824112131215,1.32896163840149,1.32961093861524,1.33019302135573,1.33071141752983,1.33116929981317,1.3315695587473,1.33191488846798,1.33220791805466,1.33245122251813,1.33264740423428,1.33279911100937,1.33298595373269,1.33246381269793,1.33151418168438,1.33033013282833,1.32902812737448,1.32767444012384,1.32630695164501,1.3249490043615,1.32361687041123,1.32232308690796,1.32107749097739,1.31988734621789,1.31875731363862,1.31768963207538,1.31668459632226,1.31574130656672,1.31485855354727,1.31403562675141,1.31327293577413,1.31257236846566,1.31193746777534,1.31137345363627,1.31088729561138,1.31048788760759,1.3101863661435,1.30999666928797,1.30993619803358,1.31002644695535
55,1.19022851687216,1.22161603328754,1.24703674565315,1.26971340940351,1.27375110612721,1.2775677390365,1.2812240092689,1.28477632403882,1.28827002451469,1.29173964366352,1.29521258084055,1.29871300985174,1.30226394466575,1.30588589655149,1.30958701076539,1.3130510499571,1.31477263129385,1.31631274342144,1.31783417124701,1.31931459412662,1.32072973989825,1.3220622810457,1.32330268811914,1.32444779979665,1.32549878907257,1.32645928793,1.32733406803735,1.32812815242598,1.32884639955775,1.32949323413342,1.33007263281948,1.3305881122171,1.33104284161868,1.33143970782163,1.33178145879831,1.33207071795022,1.33231010818631,1.33250227362249,1.332649906356,1.3328169455078,1.33227838494307,1.33131665939266,1.33012421271813,1.32881663381802,1.32745952728753,1.32609032288664,1.32473204337675,1.32340072575277,1.32210867164093,1.32086551929873,1.31967834619236,1.31855164825911,1.3174875232893,1.31648615176193,1.31554654880539,1.31466745085287,1.31384812276583,1.31308897507179,1.31239191624404,1.31176052393954,1.31120006190835,1.31071754968106,1.3103219319833,1.31002441907854,1.30983899766668,1.3097831305604,1.30987834142119
56,1.19020760421908,1.22156215422847,1.2469401915355,1.26959790690398,1.27363487163094,1.27745109464582,1.28110695619899,1.28465877763777,1.28815194770082,1.29162115014354,1.29509398415696,1.29859487015206,1.3021471098512,1.30577151036883,1.30947639146987,1.31294422426829,1.3146699981368,1.31621211198301,1.31773461292096,1.31921526140342,1.32062991575545,1.32196143935015,1.32320048105664,1.32434400981492,1.32539327294257,1.32635193012922,1.3272247495922,1.32801673270052,1.32873271013842,1.32937707892177,1.3299537941727,1.33046635958993,1.33091794250075,1.33131143862762,1.33164961698845,1.33193513009089,1.33217063805596,1.33235882686999,1.33250243266435,1.33264998876358,1.33209537515645,1.33112187621509,1.32992128221859,1.32860831581489,1.32724792325355,1.32587709336827,1.32451854140209,1.32318806091461,1.32189773781192,1.32065700499868,1.31947277840215,1.31834937256179,1.31728875413013,1.31629099183259,1.3153550178097,1.31447951578897,1.31366372700206,1.31290806360405,1.31221445480109,1.31158650874373,1.31102954453965,1.31055061892547,1.31015873493674,1.30986516178909,1.30968394682461,1.30963260792625,1.30973269477442
57,1.19018693070539,1.22150919553467,1.2468452535738,1.269484210265,1.27352042740149,1.2773362260217,1.28099166792508,1.28454299417926,1.28803563320447,1.29150441873312,1.294977147228,1.29847848334407,1.30203201426397,1.30565884066309,1.30936745495871,1.31283904819051,1.31456895710759,1.31611303785628,1.31763656999174,1.31911741341951,1.32053156199992,1.32186206424884,1.32309974374525,1.32424169599263,1.32528923979736,1.32624606085204,1.32711692322664,1.32790680669142,1.32862051476173,1.32926241777753,1.32983645051662,1.3303461051403,1.33079453658408,1.33118468620301,1.33151930970272,1.33180110149485,1.33203275923474,1.33221701093828,1.33235663652469,1.33248502351979,1.3319147117023,1.33092974825302,1.32972124699829,1.3284030708702,1.32703951947238,1.32566715021961,1.32430837793046,1.32297875854586,1.32169016744488,1.32045184358679,1.31927052586461,1.31815037080727,1.31709321040222,1.31609900410715,1.31516660305879,1.3142946397846,1.31348233295795,1.31273009685455,1.31203988162515,1.31141532963787,1.31086180299263,1.31038640676542,1.30999819748928,1.30970850163189,1.30953142666748,1.30948454247741,1.30958942207429
58,1.19016648667907,1.22145712190506,1.24675187386649,1.26937225682782,1.27340771160531,1.2772230719905,1.28087809124957,1.28442891304584,1.28792102044746,1.2913893888616,1.29486200953641,1.29836378907245,1.30191859787397,1.30554782794276,1.30926014252366,1.31273546368821,1.31446945191639,1.31601545758864,1.31753998493495,1.31902099745708,1.32043462692306,1.32176410431046,1.32300042470698,1.32414080661508,1.32518663762106,1.32614162781058,1.32701052860044,1.32779832183069,1.32850976096083,1.32914919841181,1.32972054985707,1.33022729724861,1.33067259587367,1.3310593997548,1.33139048656415,1.33166858198917,1.33189642157213,1.33207677551357,1.332212467187,1.33232199260992,1.33173632621402,1.33074019553113,1.32952401723463,1.32820080150397,1.32683421274601,1.32546038617869,1.32410144303273,1.32277270721886,1.32148584860006,1.32024991667762,1.31907147754848,1.317954533145,1.31690078373404,1.31591008189582,1.3149811996737,1.31411271982752,1.31330383951548,1.31255497564849,1.31186809249875,1.31124688728408,1.31069674377669,1.31022482162479,1.30984022992719,1.30955435161145,1.30938135171454,1.30933885105799,1.30944844279176
59,1.19014626304084,1.22140589996286,1.24665999752654,1.26926198714108,1.27329666556686,1.27711157188416,1.28076616278925,1.28431647671116,1.28780805194051,1.29127600304681,1.29474851365137,1.2982507300619,1.30180680371808,1.30543841576177,1.30915439847047,1.31263341571524,1.31437142918039,1.31591931905467,1.31744480690544,1.31892596448486,1.32033906148223,1.32166751074853,1.32290247007123,1.32404129262051,1.32508541706754,1.32603858140388,1.3269055314643,1.327691228372,1.32840039897624,1.32903737124979,1.32960604290478,1.330109875172,1.33055206042566,1.33093553113194,1.33126309973556,1.33153752384558,1.33176157750076,1.33193807280589,1.33206987641098,1.33216083809694,1.33156015344367,1.33055314174674,1.32932950732686,1.32800141489606,1.32663190488655,1.3252566992486,1.32389763223443,1.32256980103571,1.32128467126689,1.32005111812116,1.31887552795744,1.31776175522584,1.31671137118659,1.31572412386095,1.31479870803794,1.3139336581407,1.31312815064281,1.3123825993527,1.31169900873775,1.31108109109322,1.3105342780933,1.31006577649476,1.30968474712826,1.30940262815233,1.30923364078663,1.30919545469123,1.30930968034412
60,1.1901262512038,1.22135549812093,1.24656957247727,1.26915334474581,1.27318723355719,1.27700167575787,1.28065582775403,1.2842056305332,1.28769667307654,1.29116420668851,1.29463660502204,1.29813925191098,1.30169657769477,1.30533055051526,1.30905016991652,1.31253285201369,1.31427483822792,1.31582457297017,1.31735098785742,1.31883226693751,1.32024481912112,1.32157223724343,1.32280584345728,1.32394310742221,1.32498553128133,1.3259368745382,1.32680187691575,1.32758547895752,1.32829238155498,1.32892688924758,1.32949288289258,1.32999381571856,1.3304328841917,1.33081303464513,1.33113710382253,1.33140788193866,1.33162818173403,1.33180085738299,1.3319288183083,1.33200151468717,1.33138613103461,1.33036851405324,1.32913763563221,1.32780482259629,1.32643250239122,1.3250559923476,1.32369684608986,1.32236993926308,1.32108654132657,1.31985534686351,1.31868257685301,1.31757193782683,1.31652487489449,1.31554103366306,1.31461903345452,1.31375736168885,1.31295517515358,1.31221289116995,1.31153253575999,1.31091785495069,1.31037432154431,1.30990918875924,1.30953166813558,1.3092532521842,1.30908821672155,1.30905427833261,1.3091730621653
61,1.19010644305677,1.22130588645847,1.24648054926503,1.26904627597813,1.27307936259997,1.27689332861148,1.28054703405601,1.28409632256449,1.28758683194118,1.29105394787882,1.29452623178808,1.29802930290299,1.30158786837563,1.3052241812523,1.30894740660506,1.31243372292941,1.31417961451622,1.31573117242822,1.3172584820439,1.3187398600127,1.32015185560479,1.32147823977918,1.32271049584217,1.32384620332614,1.32488693573339,1.32583646246198,1.32669952005703,1.3274810208886,1.32818566390554,1.32881770772428,1.32938101364896,1.32987906338102,1.33031502344409,1.33069186690288,1.33101245570066,1.33127961326145,1.33149619130963,1.33166508601143,1.33178924916795,1.33184396923889,1.33121419934903,1.33018624284275,1.32894832422304,1.32761094025137,1.32623591614333,1.32485817299544,1.32349898992844,1.32217302600189,1.32089135894963,1.31966250679634,1.3184925243395,1.31738498657547,1.31634120171224,1.31536071963595,1.31444208581753,1.3135837419944,1.31278482614532,1.31204575279654,1.31136859001581,1.31075709692534,1.31021679381212,1.30975497968521,1.30938091605027,1.30910614845258,1.30894500611231,1.30891525057228,1.30903851900149
62,1.1900868309307,1.22125703660815,1.2463928808872,1.268940729788,1.2729730022932,1.27678648056958,1.28043973213455,1.28398850252976,1.28747847913839,1.29094517045441,1.29441734460549,1.29792083383215,1.30148062683218,1.30511925950364,1.30884606073462,1.31233598124248,1.31408574096421,1.3156390640532,1.31716724597964,1.31864870111048,1.32006012886833,1.32138547649349,1.32261638531013,1.32375054501177,1.32478958807003,1.32573730261261,1.32659841819485,1.32737782678785,1.32808019762911,1.32870978420777,1.32927041609459,1.32976557626294,1.33019843662309,1.33057198665915,1.33088911436436,1.3311526769328,1.33136556530124,1.33153071751413,1.33165112732936,1.33168815417053,1.33104430131628,1.33000626155646,1.32876149865862,1.32741968735301,1.32604206115366,1.32466315302512,1.32330397351905,1.32197896987962,1.32069903237467,1.31947250636435,1.31830528827368,1.3172008115301,1.31616026302989,1.31518309448743,1.31426777932562,1.31341271480332,1.3126170209326,1.31188111655095,1.31120709193485,1.31059873900083,1.31006161842505,1.30960307437407,1.30923241746069,1.30896124530264,1.30880393906543,1.30877830343298,1.30890598502915
63,1.19006740756799,1.22120892165243,1.24630652263406,1.2688366575723,1.27286810464512,1.27668108413914,1.28033387479534,1.28388212516387,1.28737156763013,1.29083784078864,1.29430989648634,1.29781379784358,1.30137480647646,1.30501573912341,1.30874608680196,1.31223958201125,1.31399316528861,1.31554822272849,1.3170772382903,1.31855874969279,1.31996959887752,1.32129390753977,1.32252347196037,1.32365608901545,1.32469344797406,1.32563935447751,1.3264985306964,1.3272758484264,1.32797595345854,1.32860307827811,1.32916103869521,1.32965331451322,1.3300830841966,1.33045335467461,1.33076704079383,1.33102703403169,1.33123626472179,1.33139771263741,1.33151441304693,1.3315340239305,1.33087638228007,1.32982850650556,1.32857708778235,1.32723098700519,1.32585085628288,1.32447084830716,1.32311171080097,1.32178768376794,1.32050947411736,1.31928525828902,1.31812077116563,1.31701932700573,1.31598197425424,1.31500807501431,1.31409603220803,1.31324419981241,1.31245168072284,1.31171889849261,1.31104796569657,1.31044270682931,1.30990872251954,1.3094534014345,1.30908610253357,1.3088184744522,1.30866494897989,1.30864337214257,1.30877539752932
64,1.19004816609438,1.22116151602839,1.24622143194311,1.2687340130212,1.27276462392302,1.27657709406021,1.28022941706207,1.28377713890033,1.28726604597473,1.29073190742687,1.29420383561394,1.29770815028592,1.30127036291412,1.30491357614302,1.30864744145744,1.31214447738053,1.31390184244507,1.31545859951589,1.31698841957677,1.31846996715372,1.31988022750057,1.32120349496009,1.32243171778013,1.32356279714354,1.32459847703669,1.32554257946492,1.32639981885966,1.32717504708498,1.32787288714934,1.32849753948276,1.32905284322489,1.32954224019598,1.32996892853087,1.33033593358818,1.33064619782581,1.33090264747199,1.33110825240003,1.33126603396872,1.33137906836976,1.33138153488537,1.33071038986014,1.32965291670548,1.32839502352544,1.32704476570885,1.32566222402908,1.32428117854578,1.32292211962882,1.3215990845221,1.32032260070726,1.31910067930603,1.31793890325987,1.31684045126011,1.3158062547959,1.31483558189739,1.31392676647471,1.31307812046009,1.31228873034941,1.31155902489148,1.31089113898706,1.31028892950386,1.30975803658532,1.30930589280806,1.30894190461998,1.3086777707822,1.30852797234231,1.30851039493508,1.30864669669694
65,1.19002909999312,1.22111479544006,1.24613756826472,1.26863275197621,1.27266251651365,1.27647446716794,1.28012631603995,1.28367351233938,1.28716188451425,1.29062732762051,1.29409913320941,1.29760384858181,1.30116725380896,1.30481272241948,1.30855008337151,1.31205063656401,1.31381173288562,1.31537015590893,1.31690075229136,1.31838231315358,1.31979197838975,1.32111420256788,1.32234108652782,1.3234706329813,1.32450463863945,1.3254469407849,1.32630224579385,1.32707538586114,1.32777095401457,1.32839315480261,1.32894579326524,1.32943231717071,1.3298559337714,1.330219687799,1.3305265500367,1.3307794818871,1.33098149286662,1.33113564565602,1.33124505703067,1.3312306452085,1.33054627382388,1.32947943372223,1.32821524072911,1.32686095316262,1.32547609030574,1.32409406697619,1.32273512152954,1.32141309273994,1.32013833244431,1.31891868992152,1.31775959926586,1.31666410626573,1.31563302770021,1.31466553936889,1.31375990768705,1.31291440363533,1.31212809132443,1.31140142537635,1.31073654278688,1.31013733934777,1.30960949428924,1.30916048349352,1.30879976017603,1.30853907210366,1.30839294853812,1.30837931286691,1.30851982546375
66,1.19001020308131,1.22106873677777,1.24605489293822,1.26853283229919,1.27256174079438,1.27637316226536,1.28002453078752,1.28357119901419,1.28705903595949,1.2905240605685,1.29399574161917,1.29750085207514,1.30106543875759,1.30471315023174,1.30845397311144,1.31195801566567,1.31372279889317,1.31528285518266,1.3168142006238,1.31829575363577,1.3197048168721,1.32102599583972,1.32225154362482,1.3233795617844,1.32441189784501,1.32535240333952,1.32620577630884,1.32697682955837,1.32767012263786,1.32828987764329,1.32883985409428,1.32932351098148,1.32974406573282,1.33010458335732,1.33040806363469,1.33065750352348,1.3308559522492,1.33100651357401,1.3311123443439,1.33108131477636,1.33038398251212,1.32930800152954,1.32803767697954,1.32667948207791,1.32529238424219,1.32390944021658,1.32255064151819,1.32122963252553,1.31995659317374,1.31873921418633,1.31758278380351,1.31649021748406,1.31546221946038,1.31449787509342,1.31359538474161,1.31275297951451,1.31196970851132,1.31124603273279,1.31058411117294,1.30998787172071,1.30946303227321,1.30901711143127,1.30865960842211,1.30840231465891,1.30825981967415,1.30825006961838,1.3083947293339
67,1.1899914694881,1.22102331804361,1.24597336326288,1.26843421375105,1.27246225701383,1.27627314000544,1.27992402220224,1.28347015992758,1.28695746133524,1.29042206730074,1.29389362191145,1.29739912195644,1.30096487917366,1.30461481530402,1.30835907302727,1.31186657238803,1.3136350044685,1.31519666228587,1.31672873039623,1.31821026354006,1.31961870984842,1.32093884181512,1.32216305605555,1.32328955037861,1.3243202212963,1.32525893362116,1.3261103768129,1.32687934458341,1.32757037516032,1.32818767465715,1.32873498886862,1.3292157887816,1.32963329179731,1.32999058786375,1.33029070636015,1.33053668014225,1.33073159817532,1.33087860503537,1.33098089711046,1.33093350507354,1.33022347651799,1.32913856637609,1.32786227245285,1.3265002880074,1.32511103799835,1.32372722321956,1.32236860783365,1.3210486313435,1.31977731007739,1.31856217948719,1.31740838481144,1.31631871366053,1.31529375981173,1.31433251991838,1.3134331296748,1.31259378138963,1.31181350329654,1.31109278271616,1.31043378113503,1.30984046483862,1.3093185899786,1.30887571730075,1.30852139131251,1.30826745058513,1.3081285304304,1.30812261146859,1.30827135623133
68,1.18997289363455,1.22097851828271,1.2458929555125,1.26833685787953,1.27236402718151,1.276174362782,1.27982474818271,1.28337035145749,1.28685712338942,1.29032131057001,1.29379273687611,1.29729862112666,1.30086553818051,1.30451768112821,1.30826534714621,1.31177628141254,1.31354830867322,1.31511154374147,1.31664430896578,1.31812580492519,1.31953362569966,1.32085270900384,1.32207559227493,1.32320056706693,1.32422957712296,1.3251664996184,1.32601601521802,1.32678289885113,1.32747166809366,1.32808651400093,1.32863117335112,1.32910911912667,1.32952358082039,1.32987767037603,1.33017444358773,1.33041698092824,1.33060839968268,1.33075188875424,1.33085068356992,1.33078717910314,1.33006470795729,1.32897107666204,1.32768896977387,1.3263233091855,1.3249319865928,1.32354735834968,1.32218895180437,1.32087001972359,1.31960041347405,1.31838751635284,1.3172363333505,1.31614952662378,1.31512758154169,1.31416940769759,1.31327307748083,1.31243674541338,1.31165942595911,1.310941613878,1.31028549240291,1.30969505958629,1.30917610948317,1.30873624436378,1.30838505332184,1.30813442117632,1.3079990278859,1.30799688691088,1.30814965631992
69,1.18995447021522,1.2209343175196,1.24581363035964,1.26824072791506,1.27226701496526,1.27607679462849,1.27972668236839,1.28327174646403,1.28675798649293,1.29022175475193,1.29369305092465,1.29719931410449,1.30076738051172,1.30442171279364,1.30817276107473,1.31168710376468,1.31346269162363,1.31502746755397,1.31656090513454,1.31804234720529,1.31944953420024,1.32076756729997,1.32198912212254,1.3231125815434,1.3241399348547,1.32507507072877,1.32592266085209,1.32668744971241,1.32737397085743,1.32798635731114,1.32852837364383,1.32900347206114,1.32941490304375,1.32976580132256,1.33005925342689,1.33029837640568,1.33048632713607,1.33062633476415,1.33072167314947,1.33064230130441,1.32990763404103,1.3288054828227,1.32751770861877,1.32614848638005,1.32475516774294,1.32336977643219,1.32201160765506,1.32069373116367,1.31942583667004,1.31821515827427,1.31706656342965,1.31598259115362,1.31496362031497,1.31400847511859,1.31311516593807,1.31228181049555,1.31150741013645,1.31079246740672,1.31013918730245,1.30955159946028,1.30903553534949,1.30859863831667,1.30825054130987,1.30800317451687,1.30787126140065,1.30787284671972,1.30802958204917
70,1.18993619418097,1.22089069669934,1.24573535563445,1.26814578044644,1.27217118559628,1.27598040112402,1.27962978589267,1.2831743126762,1.28666001654669,1.29012336575199,1.29359452999722,1.29710116693341,1.30067037241868,1.30432687689552,1.30808127766276,1.3115990069852,1.31337811545921,1.31494440318706,1.31647848915536,1.3179598611267,1.31936640643758,1.32068338790209,1.32190361674294,1.32302556481319,1.32405126534082,1.32498461767767,1.32583028437734,1.32659299145065,1.32727725420957,1.32788719119117,1.32842656085507,1.32889881891663,1.32930723001435,1.3296549524224,1.32994510391916,1.33018083836009,1.33036535215031,1.33050191434205,1.33059383666573,1.33049883747576,1.32975221366792,1.3286417372227,1.32734844654865,1.32597576275216,1.32458052171609,1.32319441571578,1.32183651234499,1.32051970194057,1.31925351573665,1.3180450415377,1.31689901183137,1.31581784473014,1.31480181450791,1.31384965941119,1.31295933545455,1.31212891127326,1.311357398409,1.31064528697536,1.30999481058348,1.30941003024728,1.30889681447119,1.30846284715193,1.30811780438239,1.30787366087398,1.30774518247895,1.30775044375179,1.3079110877164
71,1.18991806072323,1.22084763763299,1.24565810056097,1.26805199801086,1.27207649719833,1.27588514065732,1.27953402599454,1.28307801340971,1.28656317680492,1.29002611091907,1.29349714147634,1.29700413975512,1.30057448158486,1.30423314144962,1.30799087385937,1.31151196000515,1.31329455009707,1.31486232118536,1.31639703225552,1.31787831869205,1.31928421473736,1.32060014323923,1.3218190485117,1.32293948911831,1.32396353732117,1.32489511244319,1.32573885771471,1.32649948436861,1.32718149017011,1.32778898005019,1.32832570734539,1.32879513226719,1.32920053450931,1.32954509661079,1.3298319680768,1.33006433976576,1.3302454475187,1.33037859993763,1.33046714605572,1.33035675470303,1.32959840725377,1.32847979405433,1.32718112758932,1.32580508373671,1.324407991191,1.32302121696439,1.3216636054179,1.32034787095387,1.3190833894037,1.31787710506896,1.31673361796446,1.31565522745863,1.31464210507028,1.31369290672068,1.31280552891997,1.31197800522429,1.31120933576031,1.31050001860519,1.30985230930578,1.30927030004271,1.30875989600221,1.30832882103003,1.30798679376737,1.30774583258964,1.30762074464974,1.30762963283305,1.30779412961462
72,1.18990006525933,1.22080512294691,1.24558182814468,1.26795934033405,1.27198293479664,1.27579099869944,1.27943936237953,1.28298281735437,1.28646744410786,1.28992995896516,1.29340085410639,1.296908215954,1.30047967704588,1.304140475813,1.30790151528378,1.31142593306792,1.31321196672849,1.31478119364532,1.31631650095578,1.31779769308963,1.31920293259399,1.32051780690191,1.32173539096656,1.32285432786847,1.32387673074561,1.32480652818595,1.3256483419064,1.3264069015923,1.32708665195027,1.32769169724384,1.3282257788452,1.3286923858589,1.32909479053084,1.32943620588063,1.32971982004566,1.32994885471837,1.33012658714664,1.33025636510828,1.33034157435472,1.33021602129262,1.32944617668062,1.32831960581874,1.32701570290604,1.32563639690461,1.32423752112087,1.32285012332136,1.32149282886175,1.32017817958729,1.31891539889649,1.31771129028894,1.31657032371689,1.31549467555479,1.31448443536133,1.31353815918255,1.31265369153761,1.31182903188037,1.3110631694265,1.31035661053542,1.30971163270397,1.30913235907171,1.30862473112523,1.30819651215051,1.30785746269806,1.30761964396626,1.30749790335503,1.30751037065113,1.30767866583809
73,1.18988220341898,1.22076313603578,1.24550652502881,1.26786777647644,1.27189045945895,1.27569793655554,1.27934578250471,1.28288868538194,1.28637278440955,1.28983487989041,1.29330563791937,1.29681335845352,1.30038592911516,1.3040488506101,1.30781317301246,1.31134089765671,1.31313033774835,1.31470099368835,1.31623688150264,1.3177179586276,1.31912253460594,1.32043635357804,1.32165261874331,1.32277005557678,1.32379081320738,1.32471883918403,1.32555873497059,1.32631521737315,1.32699271388655,1.32759531724971,1.32812676546632,1.32859055454441,1.32898997296615,1.32932825955687,1.32960863504167,1.32983435837233,1.33000874598977,1.33013518445612,1.33021709565694,1.33007660670904,1.32929548522305,1.32816113691214,1.32685212552771,1.32546965186755,1.3240690586454,1.32268108018263,1.32132412697761,1.32001057157134,1.31874948780228,1.31754754097861,1.31640907332179,1.3153361464771,1.31432875103665,1.31338536332478,1.31250377084086,1.31168193965011,1.31091884878159,1.3102150131028,1.30957273206968,1.30899615957464,1.30849127303182,1.30806587468556,1.30772976628285,1.30749505116006,1.30737661584589,1.30739261565413,1.30756465618593
74,1.1898644710317,1.22072166101886,1.24543215683709,1.26777727676092,1.27179904184497,1.27560592517258,1.27925324883369,1.28279560665608,1.28627915965326,1.28974084491338,1.29321146416429,1.29671953859375,1.30029320931463,1.30395823766394,1.307725819306,1.31125682642683,1.31304963668932,1.31462169553864,1.31615814260834,1.31763908669613,1.31904299641544,1.32035575899301,1.32157070751607,1.32268664779975,1.32370576701894,1.32463202077212,1.32547000047609,1.3262244070265,1.32689965137909,1.32749981560585,1.32802863527695,1.32848961422193,1.32888605796661,1.32922123175714,1.32949838929173,1.32972082688242,1.32989189999643,1.33001503357434,1.33009368504396,1.3299384815165,1.32914629748029,1.32800434307203,1.32669035025207,1.32530480016369,1.32390255292485,1.32251403506693,1.32115744625604,1.31984499284733,1.31858560194462,1.31738580315311,1.31624981323236,1.31517958105761,1.31417499991984,1.31323446780949,1.31235571632261,1.31153667900367,1.31077632522305,1.31007517862912,1.30943556064147,1.30886165570058,1.30835947678267,1.30793686459245,1.30760366150172,1.30737201208165,1.30725684108534,1.30727632795624,1.30745206207153
75,1.18984686411516,1.22068068269931,1.2453586976342,1.26768781270511,1.27170865379258,1.2755149366627,1.27916172754156,1.28270354466767,1.28618656049863,1.28964781700548,1.29311830524268,1.29662672886432,1.30020149031002,1.30386860993186,1.30763942654321,1.31117369314271,1.31296983816053,1.31454327448702,1.31608026017707,1.31756106162552,1.31896429465223,1.320275999854,1.32148963394156,1.3226040810813,1.32362156518257,1.32454603717369,1.3253821147206,1.32613444687447,1.32680744083435,1.32740516885343,1.32793136498623,1.32838954177839,1.32878302257805,1.32911509963651,1.32938905997848,1.3296082373494,1.32977602605405,1.32989588899188,1.32997131853646,1.32980161732432,1.3289985743093,1.32784918492108,1.32653033355688,1.32514179516252,1.32373795507335,1.32234893755639,1.3209927352695,1.31968139150745,1.31842368925378,1.31722602494423,1.31609249200479,1.3150249284511,1.31402313188817,1.31308542332037,1.31220947270053,1.31139320234712,1.31063555206472,1.30993706131639,1.30930007350196,1.30872880340667,1.30822929920977,1.30780943959186,1.30747910693382,1.30725048628168,1.30713853965773,1.30716146924949,1.30734084643764
76,1.18982937886433,1.22064018652623,1.24528612253533,1.26759935695821,1.27161926825563,1.27542494424147,1.27907120411418,1.28261247286231,1.28609495138269,1.28955578817981,1.29302612514739,1.29653490284371,1.30011074585047,1.30377994144551,1.3075539711631,1.31109147261893,1.31289091779026,1.31446569551882,1.31600321108262,1.3174838566786,1.31888640688106,1.32019705379789,1.32140937560702,1.32252233290055,1.32353818506343,1.32446088955509,1.32529505491282,1.32604531419233,1.32671605961149,1.32731135448313,1.32783493224706,1.32829030720217,1.32868084477199,1.3290098413505,1.32928062518896,1.32949656776932,1.32966110193915,1.32977772812471,1.32984997304525,1.32966598673573,1.32885229272605,1.32769562449611,1.32637203351654,1.32498059197213,1.32357521804949,1.32218573910641,1.32082994455301,1.3195197175904,1.31826369971442,1.31706815649046,1.31593706018902,1.31487213978526,1.31387309876559,1.31293818245761,1.31206500691151,1.31125145747466,1.31049648443697,1.30980061714865,1.30916622748158,1.30859756036383,1.30810069882461,1.30768355904592,1.30735606281946,1.30713043495421,1.3070216736841,1.3070480027213,1.30723097367618
77,1.18981201164139,1.2206001585594,1.2452144076507,1.26751188324197,1.27153085674004,1.27533592217081,1.27898164696273,1.28252236572197,1.28600430680172,1.28946472378467,1.29293491715452,1.29644402556844,1.30002095071204,1.30369220303465,1.30746942761942,1.31101014066514,1.31281285217249,1.31438895815126,1.31592697311706,1.31740745014524,1.31880931155265,1.32011889934252,1.32132991098162,1.32244138162293,1.32345560491873,1.32437654431688,1.32520879929635,1.32595698715863,1.32662548597233,1.32721834511693,1.32773931560617,1.32819190471033,1.32857950339649,1.32890543563745,1.32917306386652,1.3293857969861,1.32954710627055,1.32966052922956,1.32972962632549,1.32953156334307,1.32870741594402,1.32754362518007,1.32621540972412,1.32482114735297,1.32341429656461,1.32202439300843,1.32066902651493,1.31935992305481,1.31810558516017,1.31691214981242,1.31578347022629,1.31472116805944,1.31372485422271,1.31279269963937,1.31192226748432,1.31111141332109,1.31035907917601,1.30966580380026,1.30903398106865,1.30846788586861,1.30797363183341,1.30755918387742,1.30723449092569,1.30701182072038,1.30690620674282,1.30693589297731,1.30712240955376
78,1.18979475896635,1.22056058543619,1.24514353003364,1.26742536629535,1.27144339924716,1.27524784570496,1.27889303148872,1.28243319871171,1.28591460223446,1.28937459930228,1.29284464752225,1.29635409152482,1.29993208064486,1.30360537911673,1.3073857723138,1.31092967403464,1.31273561881673,1.31431302950421,1.31585152494219,1.31733182108906,1.31873298798633,1.3200415158412,1.3212512193709,1.32236120645449,1.32337379171488,1.32429298048915,1.32512332681936,1.32586944480834,1.32653569903447,1.32712613145396,1.32764449445748,1.32809430617562,1.32847897813017,1.32880186238352,1.32906635576595,1.32927590464731,1.32943401846573,1.32954427136089,1.32961025693394,1.32939832148983,1.32856391328091,1.32739315163807,1.32606042321781,1.32466341963685,1.32325514699233,1.32186485429585,1.32050993533916,1.31920196165258,1.31794929926243,1.31675795881888,1.31563167635344,1.31457196804966,1.31357835368309,1.31264893100954,1.3117812113279,1.31097302116919,1.31022329481521,1.30953258054999,1.30890329432508,1.30833974076049,1.30784806761289,1.30743627649083,1.30711435446334,1.30689460762472,1.30679210375241,1.30682510596915,1.30701512114148
79,1.18977761750831,1.22052145434083,1.24507346763199,1.26733978182284,1.27135686926376,1.27516069104016,1.27880533402967,1.28234494822978,1.2858258140923,1.28928539114742,1.29275529269178,1.29626506790628,1.29984410245112,1.30351943553023,1.30730298255296,1.31085005038485,1.31265919610131,1.31423788854153,1.31577684604565,1.31725694938264,1.3186574161999,1.31996488344231,1.32117328087417,1.32228178735259,1.32329274926207,1.32421017790893,1.32503861729898,1.32578266698913,1.3264466787274,1.32703468785767,1.32755044899843,1.32799749194244,1.32837924944052,1.32869910210107,1.32896048152799,1.32916687116274,1.32932181869997,1.32942893433044,1.32949184418881,1.32926623655624,1.32842175505823,1.32724416976437,1.32590703641207,1.32450736865099,1.32309772728084,1.32170707964331,1.32035262689729,1.31904578885522,1.3177947974114,1.31660553902971,1.31548163448884,1.31442449621971,1.31343355423548,1.3125068343514,1.31164179696256,1.31083624029845,1.31008909136267,1.30940090818792,1.30877412880737,1.30821308734451,1.30772396535619,1.3073148006976,1.30699561802326,1.30677876107852,1.30667933109041,1.30671560892671,1.30690907674926
80,1.1897605840773,1.22048274642274,1.24500419924262,1.26725510644587,1.27127124366191,1.27507443424754,1.27871853181203,1.28225759156093,1.28573791967253,1.2891970766207,1.29266682998935,1.29617693211477,1.29975701317551,1.30343435390714,1.30722103650315,1.31077124819571,1.31258356152906,1.31416351503071,1.31570291669854,1.31718281566623,1.3185825770851,1.31988898303689,1.32109607632283,1.32220310518757,1.32321244651541,1.32412811718321,1.32495465132249,1.32569663432027,1.32635840575147,1.32694399514753,1.32745716018905,1.32790144311081,1.32828029071175,1.32859713607558,1.32885542213268,1.32905867766565,1.32921048786812,1.3293144986694,1.32937436813227,1.32913528466253,1.32828091258849,1.32709664659208,1.32575520963704,1.32435295564651,1.32294199692697,1.32155102729198,1.32019705866625,1.31889136175773,1.31764203663189,1.31645484765126,1.31533330226203,1.31427871063779,1.31329041455137,1.31236636900647,1.31150398444032,1.31070103149196,1.30995643034034,1.30927074899288,1.30864644749262,1.30808788931864,1.30760128948238,1.30719472164681,1.30687824750492,1.30666424776652,1.3065678519411,1.30660737029476,1.30680424586422
81,1.18974365561662,1.22044446282006,1.24493570446876,1.26717131765741,1.27118650017347,1.27498905530502,1.27863260290714,1.28217110681918,1.28565089711451,1.28910963386465,1.29257923758247,1.29608966239123,1.29967078158328,1.30335012560148,1.30713990827488,1.31069324678431,1.31250869848539,1.31408988955314,1.31562971791624,1.31710940130926,1.31850845220339,1.31981379624739,1.32101958733646,1.32212512920049,1.32313286480523,1.32404677964468,1.32487141020893,1.32561132815418,1.32627086153928,1.32685403487225,1.32736460971358,1.32780614149822,1.32818209937011,1.32849594628099,1.3287511596977,1.32895130597643,1.32910000754877,1.32920094559294,1.3292578094952,1.32900544272764,1.32814135813017,1.32695055030267,1.32560491463784,1.32420014323119,1.32278791681272,1.32139665697429,1.32004318965084,1.31873863900347,1.31749097550425,1.3163058434394,1.31518663872713,1.31413457087358,1.31314889480777,1.31222748895066,1.31136773527008,1.31056735696316,1.30982527467213,1.3091420665807,1.30852021470897,1.3079641117056,1.30748000570909,1.30707600575959,1.30676221005264,1.30655103559042,1.30645764351999,1.30650035967327,1.30670059909293
82,1.18972682919577,1.22040658579785,1.24486796367996,1.26708839377917,1.27110261734804,1.27490453194656,1.27854752618994,1.28208547295892,1.2855647253585,1.28902304182267,1.29249249443881,1.29600323777471,1.29958538685588,1.3032667203869,1.30705957716834,1.31061602213292,1.31243458600462,1.31401699323757,1.31555723142159,1.3170366883742,1.31843502380085,1.31973930536724,1.32094379613579,1.32204786558684,1.32305398622682,1.3239661473205,1.32478887597319,1.32552673051479,1.32618402821952,1.32676478927368,1.3272727799445,1.32771156960375,1.32808465033645,1.3283955153574,1.32864767682685,1.32884473867531,1.32899035997061,1.32908825696703,1.32914214966411,1.32887668839565,1.32800306484655,1.32680585011895,1.32545611421022,1.32404889530632,1.32263544921046,1.32124392983281,1.31989098031079,1.31858758071003,1.31734157408984,1.31615848662621,1.31504160446591,1.31399203804126,1.31300895661447,1.31209016997963,1.31123301234727,1.3104351802871,1.30969558861846,1.30901482588587,1.30839539604714,1.30784172078883,1.30736008098965,1.30695862066762,1.30664747399563,1.30643909361,1.30634867144229,1.30639454770201,1.30659810810705
83,1.18971010200375,1.22036909830391,1.24480095285572,1.26700631392152,1.2710195745135,1.27482084369257,1.27846328130081,1.28200066965962,1.28547938354822,1.28893728020032,1.29240658028758,1.29591763806377,1.29950080893026,1.30318411842929,1.30698003889285,1.31053956319331,1.31236120552762,1.31394480812128,1.31548542814356,1.31696465958271,1.31836227477449,1.31966549333762,1.32086867366274,1.32197128530885,1.3229757934945,1.32388620289739,1.32470703129221,1.32544282417505,1.326097888583,1.32667624125286,1.32718165390873,1.32761771057476,1.32798792684865,1.32829582657829,1.32854495675339,1.32873895461934,1.3288815279809,1.3289764152771,1.32902737065009,1.32874900003459,1.32786600676463,1.32666251628104,1.32530877566581,1.32389917700691,1.32248455285,1.3210928083999,1.31974039249218,1.31843814839952,1.31719379386095,1.31601273885132,1.31489816145481,1.31385107451265,1.31287055678243,1.31195436895605,1.3110997798877,1.3103044663352,1.30956733771053,1.30888899309811,1.30827195840171,1.30772068405235,1.30724148345418,1.30684253515536,1.30653400879138,1.30632839198784,1.30624090662598,1.30628990626997,1.30649674559236
84,1.18969347134285,1.22033200201579,1.24473466393141,1.26692505794576,1.27093735173875,1.27473797079645,1.27837984860807,1.28191667733906,1.28539485015332,1.28885232942894,1.2923214755831,1.29583284378023,1.29941702846267,1.30310230060748,1.30690126476883,1.31046383706833,1.31228853915707,1.31387331680126,1.31541431376281,1.31689329828375,1.3182901886408,1.31959234371621,1.32079422704252,1.32189537180402,1.32289826998827,1.32380692969002,1.32462585947316,1.32535959244059,1.32601242605069,1.32658837433809,1.32709121525578,1.32752454817507,1.32789191275424,1.32819685603206,1.32844298330458,1.3286339456083,1.32877349501583,1.32886540359881,1.32891345505967,1.32862235669412,1.32773015873802,1.32652051999888,1.32516286738696,1.32375095464566,1.32233520218183,1.3209432564563,1.31959138936296,1.31829030493289,1.31704759763465,1.31586856309624,1.31475627300026,1.31371164404851,1.31273367183707,1.31182005073731,1.31096800336539,1.31017518121445,1.30944048869231,1.30876453559521,1.30814986974058,1.30760097012404,1.30712418235402,1.30672771910565,1.30642178497236,1.30621890193729,1.30613432101386,1.30618640804841,1.30639648520068
85,1.18967693462279,1.22029528084857,1.24466907433359,1.26684460642857,1.27085592979878,1.27465589421016,1.27829720917415,1.28183347710708,1.28531110781004,1.28876817063151,1.29223716147076,1.29574883613502,1.29933402679481,1.30302124847946,1.30682323666876,1.310388846361,1.31221655936004,1.31380250250467,1.3153438607439,1.31682258842377,1.31821874950614,1.31951982877388,1.32072042872396,1.32182010394895,1.32282139966585,1.32372831161119,1.32454534442356,1.32527701925714,1.32592762464366,1.32650117265498,1.32700144822796,1.32743206675549,1.32779659248092,1.32809860360188,1.32834174086765,1.32852969190764,1.32866624507266,1.32875520557041,1.32880038606729,1.32849673387542,1.32759549640978,1.32637983341099,1.32501835882012,1.32360419565996,1.32218735842622,1.32079523903287,1.31944393533286,1.31814401444812,1.31690294951056,1.31572592362222,1.31461590367861,1.31357371165533,1.31259826120027,1.31168718140119,1.31083764945385,1.31004729220976,1.30931500946375,1.3086414218889,1.30802909918232,1.30748254872239,1.30700814800943,1.30661414344847,1.30631077409597,1.30611059567337,1.30602888752673,1.30608402668407,1.30629730150481
86,1.18966048935528,1.22025892510183,1.24460416714317,1.26676494062862,1.27077529014174,1.2745745896168,1.27821534472271,1.28175105073344,1.28522814333089,1.28868478073859,1.29215361975466,1.29566559699611,1.29925178592178,1.30294094425076,1.30674593710391,1.31031456376833,1.31214526987173,1.31373234905575,1.31527405017885,1.31675250283162,1.31814794203902,1.3194479566655,1.32064726337155,1.32174547658715,1.32274516705194,1.32365033314393,1.32446547062321,1.32519508914313,1.3258434689372,1.32641462089813,1.32691233763221,1.3273402512257,1.32770195100902,1.32800104663599,1.32824121437883,1.32842617830215,1.32855976268351,1.32864580536677,1.32868814738957,1.32837212026399,1.32746199618128,1.32624042954166,1.32487522038872,1.32345886856174,1.32204098872041,1.32064872233654,1.31929799608197,1.31799924230189,1.31675981481212,1.31558478591159,1.31447701927845,1.31343724353754,1.31246429157588,1.31155572818968,1.31070867944541,1.30992076772975,1.30919086902756,1.30851962157261,1.30790961690605,1.30736539058932,1.30689335176046,1.30650178011275,1.30620094869725,1.30600344634667,1.3059245800141,1.30598273681305,1.30619916995575
87,1.18964413314882,1.22022292543621,1.24453992604057,1.26668604245505,1.27069541485783,1.27449405105517,1.27813423760997,1.28166938061733,1.28514593508991,1.2886021518099,1.2920708328674,1.29558310885818,1.29917028079916,1.30286137074438,1.30666934919481,1.3102409726874,1.31207464457936,1.31366283036618,1.31520487310098,1.31668304965224,1.31807773942718,1.3193767010483,1.32057471618432,1.32167146974893,1.32266955721205,1.32357297578416,1.32438622309765,1.32511378716302,1.32575994411098,1.32632870430454,1.3268238688136,1.32724908702813,1.32760797384539,1.32790417065079,1.32814138928934,1.32832339008804,1.32845403289068,1.32853718767495,1.32857672326085,1.3282484926244,1.32732963517878,1.32610228226505,1.3247334234706,1.32331494289034,1.32189606129076,1.32050367369781,1.31915353835996,1.31785595501463,1.31661816003122,1.31544511661239,1.31433958674566,1.31330220704437,1.31233173078769,1.3114256594214,1.31058107520634,1.30979557725557,1.30906803743896,1.3083991052723,1.30779139410324,1.30724946751858,1.30677976592037,1.30639060198072,1.30609228224333,1.30589742809173,1.30582137321905,1.30588251390126,1.30610206684273
88,1.18962786370397,1.22018727285607,1.24447633527802,1.26660789443778,1.27061628665011,1.27441425553392,1.27805387079315,1.28158844975876,1.28506446609638,1.28852026206052,1.29198878384139,1.29550135481409,1.29908950984287,1.30278250602475,1.30659345664335,1.31016805708981,1.31200466799404,1.31359395209345,1.31513630132332,1.31661420305866,1.31800815112631,1.31930604766911,1.32050277287125,1.32159806908097,1.32259455572771,1.32349623210503,1.324307587393,1.32503309890229,1.32567703579529,1.32624340862859,1.3267360276304,1.32715856011309,1.3275146469989,1.32780796165881,1.32804224382154,1.32822131304927,1.3283490412234,1.32842933767115,1.3284660984103,1.32812583245293,1.3271983912237,1.32596536626884,1.32459294035326,1.32317238584908,1.32175254539798,1.3203600615211,1.31901053004898,1.31771412021856,1.31647795277596,1.31530688348615,1.31420357413148,1.31316856647908,1.31220054085189,1.31129694459041,1.31045480025908,1.30967169129265,1.30894648575839,1.30827984459995,1.30767440293225,1.30713475218149,1.30666736373192,1.30628058284553,1.30598474909628,1.30579251582357,1.30571924270914,1.30578333424096,1.3060059692553
89,1.18961167880872,1.22015195869324,1.24441337965333,1.26653047969945,1.27053788880685,1.27433518649164,1.27797422780537,1.28150824173149,1.28498371993292,1.28843909507546,1.29190745628183,1.29542031852793,1.29900944929377,1.30270434467622,1.30651824370649,1.31009580149555,1.31193532512478,1.31352568944855,1.31506834118568,1.31654594912149,1.31793915161334,1.31923598276087,1.32043141962882,1.32152526071585,1.32252014867318,1.32342008465106,1.32422954955248,1.32495301044379,1.3255947301489,1.32615872011828,1.32664880043051,1.3270686569154,1.32742195695729,1.32771240614588,1.32794377969275,1.32811993343546,1.32824477367589,1.32832224099895,1.3283562580401,1.32800412179498,1.32706824280411,1.32582965702133,1.32445374419519,1.32303117551357,1.3216104112941,1.32021785523769,1.3188689400808,1.31757370659773,1.31633916172129,1.31517005535858,1.31406895054345,1.31303629956336,1.31207070535574,1.31116955407776,1.31032982555361,1.30954908132512,1.30882618600668,1.30816181210971,1.30755861647534,1.30702121818771,1.30655611932597,1.30617169736974,1.30587832446468,1.30568868533135,1.30561816494386,1.30568517491386,1.30591085504755
90,1.18959557633429,1.2201169745916,1.24435103890456,1.26645378192898,1.2704602051754,1.27425682792018,1.27789529272945,1.28142874065753,1.28490368072658,1.28835863498752,1.29182683434126,1.2953399842096,1.29893008347587,1.30262686594995,1.3064436951714,1.31002419094847,1.31186660152992,1.31345802837965,1.31500096883682,1.31647826389823,1.31787072755837,1.31916649302073,1.32036064311687,1.32145303125385,1.32244632259343,1.32334451993657,1.32415209609411,1.32487350834521,1.32551301379841,1.32607462549295,1.32656217234287,1.32697936433241,1.3273298906654,1.32761749104964,1.32784597617422,1.32801923794088,1.32814121668674,1.32821588374881,1.32824718780521,1.32788334322259,1.32693916904765,1.32569512616618,1.32431580898939,1.32289128095976,1.3214696301799,1.32007702526151,1.31872873839129,1.31743468389129,1.31620175656236,1.3150346020729,1.31393568609912,1.3129053726861,1.31194218845403,1.31104345928229,1.31020612299279,1.30942771977281,1.30870711112289,1.30804498125645,1.30744400869812,1.30690884000544,1.30644600768238,1.30606392104787,1.30577298437339,1.30558591319816,1.30551811706258,1.30558801375632,1.30581670280438
91,1.18957955423113,1.22008231249263,1.24428930991326,1.26637778535653,1.27038322013762,1.27417916434028,1.27781705017372,1.28134993118247,1.28482433313427,1.28827886645324,1.29174690269545,1.2952603365907,1.29885139723196,1.3025500548726,1.30636979633197,1.30995321099295,1.31179848326472,1.31339095530724,1.31493417103334,1.3164111551212,1.31780286607706,1.31909756558956,1.32029043044193,1.32138136774234,1.32237306448328,1.32326952492819,1.32407521398965,1.32479457961853,1.32543187382534,1.32599111192239,1.32647613398751,1.32689066970311,1.32723843550449,1.32752320373915,1.32774882055166,1.32791921368478,1.32803835711929,1.32811025243868,1.32813887379385,1.32776347981323,1.32681114969587,1.32556175972064,1.32417910952832,1.32275267540433,1.32133017416468,1.31993754294708,1.31858989587745,1.31729702276276,1.31606570797037,1.31490049444582,1.3138037518822,1.31277575728813,1.31181496200877,1.31091863253006,1.31008366539096,1.30930757995047,1.30858923492433,1.30792932634849,1.30733055441088,1.30679759293979,1.30633700459305,1.30595723016991,1.30566870562579,1.30548417676729,1.30541907698937,1.30549182928082,1.30572349180955
92,1.18956361052509,1.22004796462172,1.24422817348631,1.26630246990597,1.27030691858652,1.27410218077853,1.27773948524924,1.28127179845411,1.28474566231248,1.28819977463002,1.29166764652055,1.29518136090191,1.29877337590097,1.30247389696214,1.30629653296667,1.30988284765201,1.31173095682396,1.31332445710341,1.31486792584691,1.31634459995929,1.31773554414806,1.31902918803248,1.32022076913486,1.32131025765619,1.32230036176777,1.32319508702499,1.32399889064476,1.32471621170947,1.32535129774365,1.3259081670097,1.32639067138077,1.32680256078851,1.32714757927288,1.32742953199576,1.32765230051922,1.32781984819258,1.32793618224324,1.32800533399569,1.32803130250924,1.32764451512966,1.32668416507983,1.32542953078837,1.32404362137173,1.32261533289984,1.32119201622802,1.31979938054979,1.31845238435652,1.3171606908107,1.31593098755089,1.3147677042258,1.31367311990114,1.31264742572475,1.31168899878375,1.31079504703453,1.3099624263992,1.30918863602927,1.30847253206827,1.30781482254836,1.3072182292196,1.30668745308441,1.30622908662703,1.30585160178706,1.30556546577008,1.30538345410899,1.30532102335558,1.30539660084557,1.30563120201551
93,1.1895477433139,1.22001391186884,1.2441676163704,1.2662278304089,1.27023128590421,1.27402586274552,1.27766258354797,1.28119432809951,1.28466765389566,1.28812134515457,1.29158905147162,1.29510304285134,1.2986960052966,1.30239837820689,1.30622389131754,1.30981308740646,1.31166400914787,1.31325852107204,1.31480223895921,1.3162785862498,1.31766877061875,1.31896134832046,1.32015164713329,1.3212396888793,1.32222820228354,1.32312119403983,1.32392311388003,1.32463839247881,1.32527127348172,1.32582577876189,1.32630577261884,1.32671502575305,1.32705731016751,1.32733646399492,1.32755640416161,1.32772112162771,1.32783467971719,1.32790111573883,1.32792446085234,1.32752643320076,1.32655819609693,1.32529841764926,1.3239093208151,1.32247922829112,1.32105513018364,1.31966251118815,1.31831617652753,1.31702566854497,1.31579756780426,1.31463620405355,1.31354376304987,1.31252035122678,1.31156427240612,1.31067267685882,1.30984238062237,1.30907086300044,1.30835697801831,1.30770144576907,1.30710700955015,1.30657839729205,1.30612223109734,1.30574701367933,1.30546324306769,1.30528372399055,1.3052239354722,1.30530230828965,1.30553981401481
94,1.18953195076383,1.21998016994102,1.24410762574724,1.26615384781778,1.27015630794106,1.27395019621527,1.27758633112238,1.28111750620491,1.28459029397719,1.2880435641225,1.29151110366215,1.29502536860428,1.29861927168703,1.30232348504515,1.30615185807032,1.30974391717528,1.31159762760139,1.31319313493021,1.31473708944946,1.31621310222466,1.31760252349037,1.31889402418882,1.32008305276423,1.32116964968708,1.32215657426117,1.32304783418152,1.32384787191329,1.32456111018462,1.32519178936364,1.3257439355841,1.32622142618796,1.32662805314698,1.32696761676658,1.32724398828905,1.32746111993718,1.32762303767182,1.32773383757216,1.32779758536255,1.3278183361054,1.32740921850345,1.32643322418931,1.32516839921749,1.32377618485965,1.32234433718321,1.3209194906451,1.31952690880812,1.31818124593446,1.31689192534506,1.31566542206453,1.31450596742463,1.3134156550706,1.31239450786384,1.31144075733015,1.31055149687999,1.30972350333065,1.30895423664057,1.3082425490066,1.30758917269903,1.30699687251432,1.30647040314253,1.3060164160297,1.30564344432485,1.30536201646326,1.30518496584694,1.3051277933013,1.30520893215837,1.30544930892884
95,1.1895162311065,1.21994672049257,1.24404818921492,1.26608050830372,1.2700819709959,1.27387516760565,1.27751071446596,1.28104131929634,1.28451356909003,1.28796641806895,1.29143378964477,1.29494832476404,1.29854316177574,1.30224920434634,1.30608042033563,1.30967532429695,1.31153179995594,1.31312828679058,1.31467246572346,1.31614813649367,1.31753679147528,1.31882722539487,1.32001496428529,1.32110012872989,1.32208546630853,1.32297499603813,1.32377315334267,1.32448435346511,1.32511283409244,1.32566262625812,1.32613761503576,1.32654163188971,1.32687848801306,1.32715209379131,1.32736643666189,1.32752557730134,1.32763364419594,1.32769473092125,1.32771291591649,1.3272928559453,1.32630923132131,1.3250394550167,1.32364419118515,1.32221063591079,1.32078507298363,1.31939254814914,1.31804756693159,1.31675943539091,1.31553452456781,1.31437696536363,1.31328877051865,1.31226987050941,1.31131842880279,1.3104314827551,1.30960577062266,1.30883873347908,1.30812922200513,1.30747798075047,1.30688779595938,1.30636344889684,1.30591162013278,1.30554087287076,1.30526176555616,1.30508715975294,1.30503257742883,1.30511645360316,1.30535966875522
96,1.18950058263591,1.2199135567625,1.24398929477023,1.26600779847289,1.27000826179731,1.27380076375985,1.27743572049487,1.28096575432142,1.2844374661884,1.28788989395025,1.29135709639288,1.29487189835294,1.29846766268329,1.30217552339284,1.30600956611123,1.3096072965118,1.31146651437222,1.31306396514466,1.31460835369895,1.31608367802853,1.31747156364347,1.31876093062242,1.31994739142132,1.32103111501732,1.32201486739498,1.32290266856099,1.32369894713055,1.32440811132285,1.32503439673422,1.32558183992643,1.32605434013406,1.32645574735617,1.32678991319918,1.32706076976023,1.32727234349424,1.32742872951973,1.3275340883183,1.32759254081452,1.32760818828475,1.32717733084827,1.32618619996193,1.32491156515641,1.3235133181225,1.32207810150907,1.32065185062128,1.31925940471203,1.31791511465049,1.31662817364913,1.31540485024556,1.31424917952067,1.31316308472892,1.31214640788395,1.31119726283102,1.31031261088982,1.30948915930036,1.30872433076705,1.30801697469397,1.30736784802912,1.30677975841255,1.30625751353837,1.30580782277007,1.3054392791056,1.30516247057344,1.30499028639672,1.30493826903889,1.30502485435658,1.30527087571504
97,1.1894850037056,1.21988067221598,1.24393093079194,1.26593570534843,1.26993516748579,1.27372697192878,1.27736133653047,1.2808907986318,1.28436197263033,1.28781397912655,1.29128101128332,1.2947960767961,1.2983927619301,1.30210242986293,1.30593928231458,1.30953982194533,1.31140175938407,1.31300015884698,1.31454474802869,1.31601971614774,1.31740682940775,1.31869512930085,1.3198803133443,1.32096259790332,1.32194476683629,1.32283084104962,1.32362524258847,1.32433237310943,1.32495646670288,1.32550156607702,1.32597158519909,1.32637039692399,1.32670188195156,1.32697000578512,1.32717882992414,1.32733248363735,1.32743515137347,1.32749100377327,1.32750414154639,1.32706262893294,1.32606411306427,1.32478471030953,1.32338354462853,1.32194671168611,1.32051980529708,1.31912745472843,1.31778386496873,1.31649811584029,1.31527637482269,1.31412258249118,1.31303857378426,1.31202411010442,1.31107723615088,1.31019484592295,1.30937364690708,1.3086110064478,1.30790578543244,1.30725875330698,1.30667273905435,1.30615257662627,1.30570500393312,1.30533864343314,1.30506411234428,1.30489432705486,1.30484484988934,1.30493411670872,1.30518291270971
98,1.18946949272601,1.21984806053453,1.24387308602487,1.26586421635336,1.26986267559696,1.27365377975446,1.27728755028272,1.28081643996672,1.28428707616119,1.28773866134528,1.2912055220798,1.29472084790423,1.29831844742005,1.30202991181456,1.30586955773998,1.30947288909225,1.31133752388289,1.3129368571001,1.3144816357212,1.31595624050233,1.31734257850952,1.31862981118708,1.31981371973904,1.32089455638619,1.32187515428051,1.32275950313744,1.32355202936268,1.32425712851106,1.32487903374575,1.32542179452901,1.32588934011814,1.32628556666041,1.3266143842173,1.32687979177229,1.32708588574609,1.32723682927816,1.32733683786279,1.32739010884643,1.32740076436154,1.32694873630378,1.32594295404783,1.32465887169094,1.32325485026186,1.32181644479658,1.32038891279483,1.31899667513177,1.31765379448002,1.31636923840873,1.31514907474965,1.31399715085315,1.31291521448531,1.31190294745412,1.31095832619494,1.31007819049028,1.30925921164787,1.30849873912897,1.30779563323172,1.30715067599553,1.30656671769234,1.30604861836231,1.30560314419948,1.30523894684755,1.30496667227555,1.3047992635685,1.3047523022886,1.30484422348472,1.30509576315699
99,1.18945404816196,1.2198157156068,1.24381574956482,1.26579331929438,1.26979077404553,1.27358117525412,1.2772143498345,1.28074266643735,1.28421276489804,1.28766392872551,1.2911306169174,1.29464619985819,1.29824470742499,1.3019579576699,1.30580038102817,1.30940648680149,1.31127379710316,1.31287404944032,1.31441900635929,1.31589324106221,1.31727880100547,1.31856496635226,1.3197476007438,1.32082700162385,1.3218060196944,1.32268864477809,1.32347929742052,1.32418236753486,1.32480208792985,1.32534251541902,1.32580759509298,1.32620124681192,1.32652741025069,1.32679011793218,1.32699350106617,1.32714175636704,1.32723912569848,1.32728984538844,1.32729804570149,1.32683563947751,1.32582270678134,1.32453403103716,1.32312721515986,1.32168727458958,1.32025915078036,1.31886704352964,1.31752488046603,1.31624151849388,1.31502292717372,1.31387286185384,1.31279298432193,1.31178289770774,1.31084051107808,1.3099626107192,1.30914583237732,1.30838750805597,1.30768649772877,1.30704359612009,1.30646167473604,1.30594561953806,1.30550222478411,1.30514017090979,1.3048701323288,1.30470507832079,1.3046606090736,1.30475515802338,1.30500941097074
100,1.18943866853022,1.21978363151981,1.24375891084432,1.26572300234641,1.2697194511101,1.27350914680521,1.27714172362666,1.28066946651184,1.2841390273147,1.28758976974306,1.29105628428749,1.29457212119416,1.29817153056989,1.30188655620077,1.30573174116734,1.30934060426185,1.3112105686084,1.31281172572419,1.31435685004856,1.31583070810324,1.31721548334944,1.31850058516906,1.31968194664982,1.32075991344804,1.32173734264814,1.32261825623262,1.32340703703745,1.32410808049584,1.3247256196289,1.3252637191882,1.32572634062693,1.32611742792313,1.3264409506006,1.32670097476612,1.32690166627653,1.32704725511764,1.32714201332412,1.32719020304727,1.32719597483692,1.32672332515651,1.32570335556626,1.32441017060588,1.32300062001676,1.32155919103432,1.32013049803648,1.31873853817764,1.31739710086941,1.31611493390297,1.31489790991157,1.31374969349608,1.31267186144594,1.31166393929425,1.31072376954827,1.30984808571699,1.30903348857392,1.30827729308671,1.30757835916161,1.30693749429556,1.30635759117311,1.30584356151173,1.30540222738598,1.3050422977251,1.30477447499825,1.30461175421541,1.30456975358884,1.30466690415684,1.30492384054152
