p_bar,of_1,of_1_5,of_2,of_2_5,of_2_6,of_2_7,of_2_8,of_2_9,of_3,of_3_1,of_3_2,of_3_3,of_3_4,of_3_5,of_3_6,of_3_7,of_3_8,of_3_9,of_4,of_4_1,of_4_2,of_4_3,of_4_4,of_4_5,of_4_6,of_4_7,of_4_8,of_4_9,of_5,of_5_1,of_5_2,of_5_3,of_5_4,of_5_5,of_5_6,of_5_7,of_5_8,of_5_9,of_6,of_6_5,of_7,of_7_5,of_8,of_8_5,of_9,of_9_5,of_10,of_10_5,of_11,of_11_5,of_12,of_12_5,of_13,of_13_5,of_14,of_14_5,of_15,of_15_5,of_16,of_16_5,of_17,of_17_5,of_18,of_18_5,of_19,of_19_5,of_20
1,393.913088952472,392.594414378147,392.166690548511,390.938721002947,390.88532010078,390.812237393886,390.767594925357,390.774076575124,390.841193642504,390.972877160997,391.171455957337,391.439472630141,391.779742011985,392.192808332567,392.670651152916,393.025083705927,391.432655779135,389.919431653874,388.514773701763,387.214188138617,386.011491062482,384.89854451435,383.864749550488,382.896984365896,381.980433164165,381.100214743226,380.243317631557,379.399992063803,378.564158166035,377.732927235325,376.905706103327,376.083302152504,375.267215971008,374.459176663566,373.660870152429,372.873801164722,372.099239434348,371.338205813233,370.591484761712,367.087213868541,363.968928836713,361.204744828506,358.734563569465,356.473304906202,354.305959237323,352.092486144256,349.703761373854,347.079355055868,344.251035096328,341.306371910199,338.338016276895,335.417533515552,332.591792446389,329.888141819386,327.320542350528,324.894366109107,322.609642154989,320.463194219655,318.450028349613,316.564224863819,314.799540524757,313.149817121914,311.609270147778,310.172705146737,308.835698949562,307.594766458277,306.447573993956
1.01325,393.878653268811,392.532489204816,392.104736629172,390.887013482564,390.834509638226,390.761912797106,390.717497728313,390.724087348687,390.791290246888,390.923100312526,391.121885852204,391.390211725869,391.730896282757,392.144461442894,392.622844680433,392.977664500129,391.386692113136,389.874759184427,388.471445687772,387.172238574817,385.970916882295,384.859291594963,383.826704743652,382.859980366774,381.94427074972,381.064696509537,380.208279872931,379.36532192943,378.529793482125,377.698845209691,376.871909013515,376.049805164384,375.234038703225,374.426338173158,373.628386360036,372.841683791742,372.0674957938,371.306838999889,370.560493912276,367.057972459728,363.941001974443,361.177341641545,358.706451444529,356.442685881317,354.270596637835,352.050412411758,349.654393898284,347.023895967047,344.191605481854,341.244937791934,338.27596025781,335.35570652869,332.530686950143,329.828034451717,327.261584636946,324.836637584594,322.553180357331,320.408011783841,318.396123125746,316.511586128377,314.748153260574,313.099665331918,311.560339758411,310.124986824773,308.789191128545,307.549478719551,306.403531370877
2,392.202382735751,389.370031823883,388.867690400596,388.153877225445,388.149556917985,388.104568662243,388.073894395067,388.087427602685,388.160015873718,388.299203401056,388.509698193657,388.795395738578,389.159409095099,389.601261494364,390.110848143067,390.488182261826,388.978431520965,387.537578659789,386.207904624621,384.983531591883,383.855846291795,382.813611375687,381.842972056408,380.928248383429,380.053612430654,379.20505102974,378.371856585495,377.547106001197,376.727241052696,375.911194172093,375.099457287968,374.293334924803,373.494463432223,372.704478817336,371.924869327178,371.156900489077,370.401587754921,369.659721693468,368.931885288772,365.511029422624,362.442363195852,359.671527109265,357.111889728593,354.65436109502,352.181909083995,349.596330347501,346.847687103265,343.946355716146,340.947974591474,337.924222547403,334.939562884338,332.041660476171,329.261307001503,326.616008447882,324.113908620338,321.756938607553,319.543076107075,317.46790493232,315.525671487912,313.710017369077,312.014490544301,310.432914173839,308.959645396443,307.589807870947,306.319471452001,305.145847247291,304.067543780736
3,391.301348064594,387.531541666525,386.909578112207,386.466415205944,386.491798425897,386.465228392984,386.44454682556,386.463481293712,386.540215530142,386.684685442728,386.903228422959,387.200788868444,387.580807079758,388.042338743567,388.574216525118,388.968045131672,387.512817825818,386.118720835797,384.836936446764,383.660376113748,382.578530160147,381.578026421723,380.643132740834,379.757155945045,378.904447996671,378.072205647966,377.251423410058,376.436836222126,375.626155189381,374.819128480712,374.016666373674,373.220227274774,372.431415009528,371.651777597933,370.882634719842,370.125105616694,369.380043960455,368.648079403231,367.929633678473,364.543352263899,361.476305498318,358.657300997341,355.986353988437,353.354611728252,350.667762325211,347.867439859729,344.941330640982,341.918594493417,338.853427514307,335.805301916476,332.825087704056,329.949724075926,327.202759493067,324.597127179378,322.138157692345,319.826050721191,317.657704956545,315.628022605837,313.730820775155,311.959501652823,310.307515117356,308.768708809007,307.337590491989,306.009540675437,304.781009055038,303.649731315251,302.61501472326
4,390.706594155852,386.255806263279,385.511142806254,385.242878601104,385.289311854869,385.276455946129,385.263556122637,385.28690522824,385.367022798608,385.515671630167,385.740486730766,386.047273414537,386.43979534615,386.916883721266,387.466685497613,387.87408804916,386.460610814811,385.101798596053,383.855781158253,382.714394149904,381.665584285049,380.694354917594,379.783805679824,378.916879819117,378.078432535766,377.256760906526,376.444146883914,375.636431620629,374.832118980552,374.031400838797,373.235413982351,372.445657087257,371.6636913643,370.89093722772,370.12862881034,369.377733289268,368.638974387252,367.912857925885,367.199682955974,363.827009504683,360.742170943784,357.862144141185,355.08301463275,352.306728836572,349.463349507469,346.521492032641,343.487109765306,340.394900953977,337.294768904467,334.237701628524,331.266192528665,328.410741734385,325.690484579973,323.115519759357,320.689386361372,318.411149637047,316.27698011694,314.281307727475,312.417661825632,310.679275544616,309.059549249063,307.552376425733,306.15240224675,304.85523452643,303.657644253615,302.557791968158,301.555544627069
5,390.269885147847,385.285200027561,384.422468316399,384.278641181779,384.341149612085,384.339187517269,384.332671482853,384.359757278006,384.442761382454,384.594912156169,384.824953024434,385.139406036919,385.542380490055,386.03258896457,386.597704428204,387.016937727999,385.637712758196,384.307522648407,383.090235767529,381.97673042011,380.9536242775,380.004699094741,379.112278276049,378.259250411454,377.431068383387,376.617015955048,375.810355956034,375.007740484497,374.208209770577,373.412251534482,372.621105512045,371.836271256058,371.059263249942,370.291413034661,369.533829036539,368.787371009511,368.052658955477,367.330080290815,366.619825384702,363.249046525522,360.136520939813,357.191687293047,354.312873960266,351.41655877537,348.453633611416,345.410414364092,342.302234182805,339.164894409984,336.044027625867,332.984368149913,330.022596362017,327.184766782793,324.486950466872,321.937240947737,319.537885407538,317.287112975771,315.18054636066,313.212257061067,311.375549025558,309.663543733141,308.069608681266,306.587694057346,305.212575401824,303.940061464536,302.767209076715,301.692545246813,300.716402520727
6,389.928311197482,384.505528945634,383.530927003718,383.480745292075,383.556138339818,383.563165481164,383.562069779595,383.592384385357,383.677920534594,383.833115373722,384.06766300396,384.388750963018,384.800809582152,385.30250448964,385.881157822486,386.311034727686,384.961070777122,383.655090703948,382.461888601511,381.371465087864,380.369305060782,379.438226281937,378.560037945741,377.717747729945,376.897427354781,376.089189682228,375.28714407544,374.488522724622,373.692751623261,372.900517674038,372.11311649702,371.332056057951,370.558763482973,369.794489940392,369.04024628904,368.296791791973,367.564638428735,366.844094657154,366.135247012104,362.758931778883,359.613238334702,356.603579336686,353.634358125977,350.637165641741,347.579616190875,344.459688683254,341.297655673443,338.128744997198,334.994771151454,331.935641627281,328.983686762095,326.16164354752,323.4832898196,320.955181499663,318.578568525653,316.35102086318,314.267722670223,312.322456305208,310.508347068031,308.818427706279,307.246054283781,305.785233415445,304.43086983537,303.178958530299,302.026800521847,300.973247095514,300.019039064765
7,389.649643665611,383.856215116258,382.775968680693,382.798926727935,382.884959423047,382.899601994227,382.903207659845,382.936374706713,383.024164674466,383.182067064819,383.42060746216,383.74758001349,384.167727336477,384.679728164131,385.270625434118,385.710255048756,384.385981414406,383.101051246761,381.928602054345,380.857856164635,379.873299696631,378.956964087249,378.090364134834,377.256693896676,376.442626863084,375.639046281308,374.840690316809,374.045293376407,373.252557268417,372.463302532841,371.678881591969,370.900752458306,370.130283682514,369.368644105448,368.61674945837,367.875277527767,367.144650096059,366.425074080653,365.716563899113,362.329661974682,359.147714614707,356.074934789798,353.024035061047,349.940941244268,346.806349071798,343.626061033494,340.422881947285,337.230792269532,334.088272821023,331.031371287221,328.088988675416,325.281264669851,322.620154359037,320.110999109297,317.754228797738,315.546873576912,313.483752215063,311.558405284363,309.763810621962,308.092932065146,306.539121976073,305.09645711619,303.759951707268,302.525774662637,301.391453091392,300.356125373883,299.42089255253
8,389.415318188246,383.301318731909,382.121266311898,382.202820437642,382.297850240514,382.319073127494,382.326823712017,382.362544476524,382.452357609845,382.612714068281,382.854855999815,383.187137216076,383.614625141287,384.136017199823,384.7381630477,385.186876906458,383.885564755754,382.619292629711,381.465102839946,380.411476534648,379.442040507314,378.538193579113,377.681252102301,376.854693136171,376.045767639684,375.245996171365,374.450678173294,373.65793539965,372.867693155434,372.080867376684,371.298829654717,370.522999391581,369.754675669725,368.994959012409,368.244682490576,367.504429154026,366.774542295131,366.055148077112,365.346180832391,361.94510936492,358.725247953597,355.591840949548,352.467107359649,349.30993511767,346.111217859747,342.882033163313,339.646358917085,336.436672295012,333.288548203494,330.234843345389,327.301681778738,324.50707737486,321.861497759308,319.369272547691,317.030150503482,314.840701547432,312.79543153327,310.887673711465,309.110281398123,307.456159038592,305.918680993309,304.491971834285,303.171162799767,301.952581947797,300.833963189154,299.814704440395,298.896228486014
9,389.213729551553,382.817828230567,381.543272082685,381.672671859775,381.775431770283,381.802431274428,381.813876526887,381.851913415106,381.94357587494,382.106163206058,382.351598819319,382.688743300195,383.122968479472,383.653035921684,384.265627384307,384.722878139027,383.442388752325,382.192908044981,381.055006065416,380.016508312842,379.060279424317,378.167195700251,377.318482077609,376.497917633748,375.693291145213,374.896704473691,374.10392913234,373.313400707318,372.525224505473,371.740401136242,370.960281609247,370.186247463221,369.419549553114,368.661200005502,367.911958189495,367.172328540866,366.442577481144,365.722757329635,365.012732569747,361.594873221271,358.336336531564,355.145135540783,351.953469039266,348.731703058095,345.478657762417,342.208962864958,338.946978978935,335.723607545736,332.571875968846,329.521946015575,326.597615161015,323.815137866166,321.183716350474,318.706824785528,316.38362703959,314.210293692467,312.181057086466,310.289069501942,308.527074336765,306.887941723344,305.365050405591,303.952590087606,302.645799322725,301.441154989743,300.336581731874,299.331714181492,298.428265277707
10,389.037190577358,382.390113186229,381.025860788463,381.194875063561,381.304369304743,381.336498721679,381.351273894792,381.391425817607,381.484790004175,381.64942445003,381.897909423246,382.239549940161,382.680025516807,383.218171049109,383.840560690905,384.305894656084,383.04449065773,381.810295279198,380.687103439318,379.662146887732,378.717600890728,377.833925761358,376.992318802158,376.17687491245,375.3759132662,374.582029615391,373.791407419652,373.002744678555,372.216304675602,371.433124764144,370.654541184496,369.881910268827,369.116406288395,368.35897540922,367.610303350877,366.870821185776,366.140724211985,365.419997241038,364.708441889509,361.271856356412,357.974465446759,354.728393778319,351.475842120339,348.197199800773,344.897446413766,341.593592319039,338.309891107353,335.075687627398,331.921756868846,328.875945757129,325.960071076979,323.188873463143,320.570487494435,318.107630141602,315.798966125856,313.640304587675,311.625638134149,309.747955767941,307.99991695753,306.374348876037,304.864650229121,303.465072872136,302.170958114417,300.978922669576,299.887068174731,298.895246799357,298.005435013958
11,388.88035100161,382.007092572532,380.557501672512,380.759675481606,380.875089609734,380.911814014969,380.92961917765,380.971716105764,381.066661614362,381.233205690915,381.484505585026,381.830345689918,382.276666067842,382.822406467196,383.454034727904,383.927067639786,382.683314722059,381.463155774119,380.353376054067,379.340650297009,378.406549386379,377.531192086787,376.695796994684,375.884801625366,375.086992115455,374.295428853551,373.506649765513,372.719575408738,371.934586808179,371.152749543498,370.375399415089,369.603833462182,368.839170196763,368.082288333628,367.33380407295,366.594079878854,365.8632452306,365.141223255154,364.427759354666,360.971000673464,357.634978142565,354.336909894386,351.02876691071,347.699612770767,344.359215241462,341.02613249907,337.724230147447,334.481340734282,331.326235517545,328.284743971925,325.376966461319,322.616332436273,320.010036493614,317.560140140747,315.264855112374,313.119674449659,311.118370040954,309.253796136928,307.518522450654,305.905351628039,304.407702775923,303.019889404701,301.737351392789,300.556837367638,299.476614153097,298.49673491421,297.619416829061
12,388.739351953936,381.660660059055,380.129663644407,380.359815982932,380.480490170775,380.521362634587,380.541935977319,380.585831980195,380.682251543311,380.850580687981,381.104523396898,381.454295711103,381.906116822298,382.459034097151,383.099429804557,383.579830355989,382.352524392967,381.14534256087,380.047883059138,379.046299181784,378.121617673698,377.253682749276,376.423778567726,375.616676785096,374.821606844437,374.032056836915,373.244854570222,372.459142348607,371.675364345027,370.894629572711,370.118247087813,369.347464769949,368.583344966399,367.826701940061,367.078086167782,366.337795898704,365.605899735245,364.882264701075,364.166586187696,360.688569390249,357.314402665376,353.967109158102,350.608018119976,347.233665486623,343.857534938251,340.499149719125,337.181795586555,333.931875827464,330.776359814737,327.739297440448,324.839281646477,322.088588357034,319.493577262294,317.055736789372,314.772861002586,312.64016068123,310.651209948381,308.798734088257,307.075230736289,305.473481134055,303.986925362546,302.609943684632,301.338064851956,300.168164364622,299.09866384051,298.129803049544,297.264020057304
13,388.611346781717,381.344676655851,379.735857658485,379.989754878085,380.115132635362,380.159775014062,380.182895268191,380.228468500077,380.326268692091,380.496275102465,380.752705246598,381.106175439245,381.563208133544,382.122945791634,382.771700521089,383.259175912623,382.047285226675,380.852185160039,379.766114079449,378.774744464745,377.858619137337,376.997359830766,376.172347290711,375.368685470634,374.576022413406,373.788224294662,373.002391086029,372.217833345167,371.435067336652,370.655223015606,369.879579369292,369.109339766446,368.345509573225,367.588841333318,366.839823347278,366.098693775198,365.365465022797,364.639953287096,363.921809874885,360.42174028138,357.010084912127,353.616196866921,350.210243906358,346.795177587403,343.387355495106,340.006840425021,336.676238603001,333.420592354889,330.265245654055,327.232660365703,324.340097436606,321.59879980549,319.014385850232,316.587819190477,314.316521199358,312.195447548658,310.217992255139,308.376756973208,306.664178358636,305.073021108823,303.596750099543,302.229805979615,300.967808345907,299.807751420128,298.74820242903,297.789575075195,296.934510826569
14,388.494142793612,381.054405882542,379.371029362013,379.645177886,379.774787315277,379.822874786419,379.848344243855,379.895479305849,379.994582841676,380.16616758417,380.424945135673,380.781938664181,381.24391813484,381.810156875788,382.466912339233,382.961209621048,381.76383410296,380.580038637745,379.504552388446,378.522602391931,377.61429726163,376.759082075807,375.938454826986,375.137857455683,374.347320127061,373.561043611887,372.776409052421,371.99282827341,371.210907116697,370.431767403978,369.656663457675,368.886760603824,368.123000613181,367.366079702889,366.616427373346,365.874225610334,365.139435082801,364.411826196585,363.691011814625,360.168306218211,356.719942699192,353.281936315873,349.832731319872,346.380774378686,342.944631839937,339.54460208829,336.202538750698,332.942210778706,329.787480908681,326.759385481907,323.873985681123,321.141602337266,318.567182952585,316.15121093076,313.890777145531,311.780596067012,309.813890156725,307.983156370061,306.280774356645,304.699496387766,303.232813677199,301.875226333651,300.622441508317,299.471566451601,298.421305784238,297.472235865146,296.62718608341
15,388.386070600976,380.786115481638,379.031175799197,379.322638027763,379.45607423528,379.507325008071,379.534979596198,379.583577917971,379.683907269693,379.856991088862,380.118000830262,380.478338442229,380.945032809647,381.5174985276,382.181937218281,382.682823939385,381.499181581484,380.326006356273,379.260408634059,378.28718844482,377.386068975859,376.536357681876,375.719691724212,374.921831121979,374.133184910257,373.348255944787,372.564646326508,371.781901411163,371.000667359983,370.222070759948,369.447336860299,368.677585396278,367.913703936158,367.156332512648,366.405844907324,365.662370701139,364.925823097479,364.195926596132,363.472270549872,359.926527801591,356.442308129359,352.962502283083,349.473247588289,345.987688067871,342.526070301965,339.108703130413,335.756654253618,332.492494096066,329.338730625997,326.315109190088,323.436606750185,320.712709171296,318.147753750817,315.74178754572,313.491590424996,311.391655366959,309.435050569404,307.614174222637,305.921354905218,304.349335940199,302.891636111774,301.542814024028,300.29866129636,299.156393048895,298.114843886485,297.174742725173,296.339092936916
16,388.285783162909,380.536814389691,378.713064830705,379.019346622566,379.156261673141,379.210428999341,379.240119488794,379.290093258339,379.391577974331,379.566086779159,379.829227372811,380.192757232162,380.663963624475,381.242408850691,381.914243085814,382.421520516612,381.250913208784,380.087762617842,379.031432002096,378.066333492752,377.171851043479,376.327176811505,375.514103189482,374.718710309403,373.931747388499,373.148005656931,372.365280781732,371.583241672353,370.802559553389,370.02436299869,369.249846652436,368.480084106714,367.715913496418,366.957917946221,366.206419758945,365.461499710281,364.723022529895,363.990691086599,363.264052460511,359.694993766398,356.175821127733,352.656380847497,349.129929084674,345.613617614853,342.128950952494,338.696082583151,335.33527721381,332.06798808991,328.91546682542,325.896285623215,323.024434777213,320.308638776105,317.752676118597,315.356191996292,313.115674682563,311.025421710941,309.078347230868,307.266761792504,305.582948018655,304.019643334884,302.570395066198,301.229819282237,299.99378924412,298.859623179949,297.826278988209,296.894628967187,296.067837952998
17,388.192206424904,380.30407023261,378.414047572981,378.733018438647,378.873107173816,378.929973264099,378.961566707676,379.01283705036,379.115422952844,379.291289617825,379.556461559042,379.923047725161,380.398584821567,380.982779077837,381.661764667765,382.17523523926,381.017047340288,379.863388956217,378.815779987745,377.858272796655,376.969938886573,376.129894840466,375.320097530202,374.526933001921,373.741466496387,372.958781784802,372.176824852005,371.395363241353,370.615117153502,369.837192338299,369.062759340233,368.292840187491,367.528232505317,366.769459566283,366.016796925996,365.270274801654,364.529733540335,363.794829486477,363.0650913013,359.47255920758,355.919355412301,352.362298778772,348.801201427761,345.256627384986,341.750999952923,338.304194943064,334.935677285047,331.66583811363,328.514778392218,325.499991646516,322.634564781336,319.926523761581,317.37913230292,314.991660307521,312.760336898156,310.679258498783,308.741207631658,306.938410629586,305.263108702318,303.708035973119,302.266769035297,300.933980481832,299.705622457249,298.579112007745,297.553524179329,296.629866356049,295.811453436495
18,388.104463336469,380.08587952372,378.131930743992,378.461758234271,378.604741659412,378.664118230681,378.69749541718,378.749991058538,378.853624761938,379.030783887611,379.297906374461,379.66742629581,380.147134669563,380.736879875484,381.422777666971,381.94227679724,380.795950100438,379.651298432186,378.611925380513,377.661534421604,376.778920505428,375.943148945581,375.136349999239,374.345206791842,373.561090169626,372.779325336088,371.998033421152,371.217049951217,370.437123271353,369.659359722424,368.88488612147,368.114684289172,367.349503206511,366.589816677558,365.83584851544,365.087602057427,364.344867282158,363.607277596652,362.874343151402,359.258267126018,355.671965701944,352.079172458597,348.485720638563,344.91507225367,341.390295819656,337.930899377899,334.555556546237,331.283656772909,328.134234084918,325.12378804828,322.264573961971,319.563973479713,317.024773600744,314.645897651737,312.423324134162,310.350966194609,308.421488790593,306.627031346402,304.959800583152,303.412529570454,301.978824792244,300.653414313148,299.432326683285,298.313073725358,297.294842021497,296.378766494468,295.568301590003
19,388.02183828058,379.880573335577,377.864871421638,378.203961656763,378.349609299669,378.411313063082,378.446367566872,378.500027884739,378.604660676813,378.783061941043,379.052052559112,379.424395079061,379.908122437816,380.503239329612,381.195837941263,381.721204143278,380.586241761273,379.450170897909,378.41858817906,377.474888166668,376.597612616522,375.765797222342,374.96175192037,374.172448051491,373.389544650132,372.608595279345,371.827866263349,371.047266255034,370.267564621353,369.489854780223,368.715230211139,367.944629699706,367.178752564616,366.418028321408,365.662644140217,364.912552432127,364.167516066664,363.427144774015,362.690934512429,359.051317112152,355.43284923105,351.80607008233,348.18232886811,344.587541206699,341.04519927788,337.574377371477,334.192971924279,330.919426376423,327.771781743734,324.765617529001,321.912419848381,319.218973183655,316.687618023594,314.31696274957,312.102741459144,310.038696782393,308.117386043772,306.330864621458,304.671309145018,303.131453625456,301.704934874474,300.386535450317,299.172357931082,298.060005195914,297.048770217256,296.139908405128,295.337000216596
20,387.943728492555,379.686747440206,377.611324173753,377.958281440624,378.106372509048,378.170252655359,378.206889946809,378.26165191609,378.367239304829,378.546832378291,378.817620139046,379.192683888008,379.680295652661,380.280615910369,380.979721562066,381.510814350712,380.38675662009,379.258871958217,378.234685057916,377.297293060842,376.425011899363,375.596873402729,374.795364854565,374.007729533541,373.225922467788,372.445695837791,371.665442175672,370.885139744154,370.105574017818,369.327819390517,368.552947621768,367.781843401313,367.015159447415,366.253295841958,365.496383557801,364.744344317569,363.99691257387,363.253678243493,362.514127196719,358.851030751162,355.201317132434,351.54218313001,347.89002052837,344.272814160373,340.714299880834,337.233070437199,333.846262821607,330.57142570654,327.425672754945,324.423728336515,321.576361905945,318.889808603407,316.365987982945,314.00320695797,311.796977409063,309.74088129643,307.827365008575,306.048414742771,304.396176880889,302.863388120878,301.443715954951,300.131994587418,298.924403938918,297.818628939609,296.814065998967,295.912084655472,295.116386241338
21,387.869628833528,379.503209695221,377.369956661814,377.723554750088,377.873901801396,377.939817514334,377.977941118626,378.033750603835,378.140255555403,378.320994286523,378.593514113634,378.971198266709,379.462580843633,380.067947939237,380.77337823988,381.310067282905,380.19649874144,379.076447332611,378.05929108693,377.127860568107,376.260268467468,375.435549216766,374.636387437295,373.850285702533,373.069459093272,372.289865938215,371.510008178066,370.729924965921,369.950413675514,369.172531655432,368.397317457134,367.625608872769,366.85803015409,366.094924172195,365.336388030277,364.582310967976,363.832402419687,363.086236174229,362.343291883902,358.656827641715,354.976772796756,351.286804454002,347.607915951259,343.969828415374,340.396374778976,336.905632273744,333.51399837838,330.23817415678,327.094404529613,324.096616163929,321.254912189788,318.575008612964,316.058436174782,313.703215929078,311.504649648015,309.456167119554,307.550106483671,305.778399129675,304.133154060297,302.607115568932,301.193982047663,299.888640187952,298.687339738607,297.587849858502,296.589664179053,295.694260326144,294.90545241856
22,387.799112354376,379.328933576701,377.139626607667,377.498781784426,377.651212600697,377.719036055974,377.758568619175,377.815375670125,377.922752483809,378.10459438215,378.378785415618,378.759012461961,379.254048392124,379.864320399727,380.575909866161,381.11807062042,380.014610472953,378.90206616289,377.891610288957,376.965826206284,376.102645059747,375.281121553516,374.484129937636,373.699433116286,372.919493007182,372.140449975069,371.360915666023,370.580979869181,369.801448194956,369.023359493846,368.247710093093,367.47532387021,366.706756519114,365.942319542217,365.182073836588,364.425879133077,363.673423118714,362.924266966572,362.17788775067,358.468207067124,354.758695239061,351.039311186923,347.335240630204,343.677652252314,340.09035645168,336.590891515325,333.194933101839,329.918384925096,326.776676049266,323.782979291133,320.946777851608,318.273297985212,315.763713702957,313.415766962438,311.224563332314,309.183388079696,307.28447977842,305.519709443511,303.881160838097,302.361583998015,300.954708449408,299.655472395072,298.460193415034,297.366721872508,296.374644477829,295.48553741048,294.703332069444
23,387.731808638637,379.163051520782,376.91934416338,377.283094161967,377.437452923616,377.507067569702,377.547934555679,377.605693086024,377.713910578234,377.896816174616,378.172612090246,378.555310409404,379.053893597463,379.668939075155,380.386532337528,380.934043814118,379.840348008489,378.735011060542,377.730943894281,376.810527557135,375.951504749799,375.132972028315,374.337985278353,373.554586639375,372.775444885262,371.99687932921,371.217602061014,370.437747572665,369.658126537119,368.879753150781,368.103603349226,367.330448932342,366.560815788372,365.794964767858,365.032935383928,364.274552433037,363.51948772308,362.767293165194,362.017446672897,358.284733723944,354.546626138992,350.799151223473,347.071308655934,343.395463904659,339.795307134971,336.287822363469,332.887988439453,329.610945231743,326.471353065957,323.481683492151,320.650834608794,317.983574774952,315.480733193559,313.139795631448,310.955678394602,308.921529178981,307.029492014104,305.271381169213,303.63925750132,302.125878071461,300.725003587674,299.431622855698,298.242119380836,297.154421909185,296.168206372867,295.285146121332,294.509271374428
24,387.667411123401,379.004788288377,376.708245998055,377.075732801698,377.231877957901,377.303177120423,377.345309854746,377.403972373173,377.513002711084,377.696935407297,377.974296111364,378.359384991857,378.861409349769,379.481106254246,380.204570143912,380.757323166724,379.67306209305,378.57465600644,377.576707445898,376.661386868215,375.8062920426,374.990564067007,374.197449036043,373.41523018108,372.636812084631,371.85865756206,371.079576198701,370.299741919845,369.519967698771,368.741246786583,367.964522696125,367.190528684883,366.419751893213,365.652416717838,364.888531974034,364.127898264292,363.370171935843,362.614898790441,361.861560783769,358.1060265434,354.340159611689,350.565832395791,346.815509353486,343.122534631267,339.510398355931,335.995521165888,332.592206901565,329.31486853597,326.177440537474,323.191734264146,320.366097010673,317.704865243483,315.208541902629,312.874369416317,310.697083755727,308.669701391194,306.78427362956,305.032569635756,303.406621216391,301.899196260998,300.504086770916,299.21633122353,298.032377248943,296.950229321643,295.969648957575,295.092401879327,294.322610495372
25,387.605635039046,378.853489210596,376.505574663428,376.876030277838,377.033832765451,377.106718471921,377.150053476748,377.209584819476,377.319393050209,377.504318743307,377.783196424054,378.170603169691,378.675985676944,379.300211700867,380.029413147617,380.587308985631,379.512182664142,378.4204515448,377.428364422923,376.517897251966,375.666519578459,374.853426834599,374.062055063683,373.280925807125,372.503153219274,371.725348698334,370.946406736264,370.166535994879,369.386544222168,368.607418294552,367.830054289131,367.055153113932,366.283160836242,365.514279276041,364.748477099144,363.985537374126,363.225103852046,362.466719249957,361.709872567554,357.931749800741,354.138934038726,350.338913711147,346.567296394584,342.858214972284,339.234894371748,335.713187563336,332.306744944019,329.02928675261,325.894060557792,322.912254604982,320.09169630538,317.43631368719,314.946300216499,312.61866662517,310.447976695188,308.42712148247,306.548066517906,304.802527437396,303.182527168289,301.680832614458,300.291270424994,299.008927871301,297.830314999783,296.753509471929,295.778351059711,294.906705227598,294.142768469614
26,387.546258418385,378.708563427591,376.310658234221,376.683396602787,376.842738345513,376.917120328761,376.96159875523,377.021961904489,377.132519595478,377.318406415603,377.598756443357,377.988421739339,378.497070237086,379.125729134099,379.860535210031,380.423473295184,379.357206478664,378.271912735055,377.285448905806,376.379611571127,375.531753876666,374.721144920821,373.931399229831,373.151272634576,372.374078593607,371.596567789689,370.81771281793,370.037752877201,369.257493224659,368.477899231984,367.69983446786,366.923963747078,366.150697450086,365.380205489154,364.612427351524,363.84713548081,363.083955722493,362.322433259759,361.562066915475,357.76160598279,353.942625482616,350.117998183791,346.326178845864,342.601923452957,338.968138658622,335.440106652607,332.030853027124,328.753429421853,325.620434515481,322.642467061447,319.826862582626,317.177161934625,314.693264299146,312.371959386199,310.207646226582,308.193095813914,306.320191781298,304.580602320741,302.966333577095,301.470162043748,300.085945750246,298.808819891704,297.635355310003,296.563700477944,295.593773974373,294.727525495428,293.969231069261
27,387.489065652068,378.569494563867,376.12291176133,376.497307668054,376.658076187392,376.733875150715,376.779442291573,376.840602649872,376.951883147301,377.138697639737,377.42047736503,377.812346129471,378.324183059026,378.957172471319,379.697469474111,380.265357922922,379.207687073371,378.128609495842,377.147547774379,376.24613342074,375.401620810305,374.593340791259,373.805123095675,373.02591952303,372.249242433426,371.471973250292,370.693156493295,369.913052921849,369.132479092067,368.352362777269,367.573540704039,366.796642737791,366.022045133842,365.249883907297,364.480086161577,363.712396465706,362.946437245052,362.181756229897,361.417864672978,357.595330013378,353.750942303099,349.90272691953,346.091713749463,342.353137283589,338.709542791391,335.175646346498,331.763862024142,328.486609467922,325.355868540582,322.381679094031,319.570907034525,316.926734893528,314.44877195534,312.133599782582,309.975459509308,307.967007000992,306.100047643726,304.366204748456,302.757469363321,301.26662835276,299.887571063386,298.61547977729,297.446984544436,296.380302438237,295.415427833607,294.554390592019,293.801540845493
28,387.433865654922,378.435824779344,375.941799616466,376.31729576773,376.479395286458,376.55652998268,376.603134851372,376.665060006005,376.777038264592,376.964755804666,377.247926885021,377.641938958771,378.15688924031,378.794115195041,379.539792433927,380.112540682989,379.063226540366,377.99015861871,377.014293027381,376.117106319577,375.275777472102,374.469703853018,373.682902011862,372.904553522168,372.128336524118,371.351256903661,370.572431498687,369.792148192252,369.011205037357,368.230517705902,367.450885689597,366.672906967977,365.896925293074,365.123048562981,364.351182185107,363.581056812144,362.812290109997,362.044434929256,361.277017368657,357.43268453865,353.563620752131,349.692774193025,345.863499926227,342.111384592715,338.458577225449,334.919232210628,331.505171987419,328.228211479942,325.099741536313,322.129271049184,319.323222583733,316.684428814618,314.212231020598,311.903008482688,309.750850753445,307.748303148839,305.887096155572,304.158810633881,302.555424070762,301.069734402341,299.695662209346,298.428436023723,297.264743634594,296.202868568561,295.24287814612,294.386878654163,293.639289158351
29,387.380511465613,378.307146356009,375.766858677029,376.142941769337,376.306280245228,376.384678878887,376.432273844053,376.494933361685,376.607585795994,376.796180032853,377.080705535718,377.476803447541,377.994801343189,378.636175281635,379.387128247336,379.96465276448,378.923468747375,377.856217215464,376.885355488967,375.992215519862,375.153920222966,374.349932160708,373.564460455039,372.786894527958,372.011084961044,371.234153355514,370.455277926309,369.674766901608,368.893411158867,368.112103405438,367.331612319641,366.552503203485,365.775088871306,364.99945089517,364.225471340807,363.452881012641,362.681283478778,361.91024303709,361.139302869901,357.273456035948,353.380418013622,349.487843318232,345.641172764571,341.876237918643,338.214763597405,334.670348585855,331.254242853789,327.977681993436,324.851495261818,321.884686197275,319.083255269398,316.449701477959,313.983109752462,311.679665319061,309.53331198988,307.536488779076,305.680854416833,303.957949547756,302.359736216111,300.8790340013,299.509784647345,298.247265467704,297.088220568549,296.030993840668,295.075735024375,294.224611091041,293.482109196356
30,387.328851779161,378.183094733949,375.597660974977,375.97386480592,376.138360878353,376.217956599512,376.266497066098,376.32986231266,376.443166666665,376.632612682109,376.918457848035,377.316596769505,377.837570929704,378.483009214894,379.239139026497,379.821366196246,378.788087134922,377.726477262557,376.760439490297,375.871185281349,375.035776387314,374.233762049099,373.449536655248,372.672690842293,371.897239786541,371.120409120745,370.341448635957,369.560669258215,368.778858427876,367.996885745505,367.215489686058,366.435204017856,365.656312146658,364.87887122096,364.102745813158,363.327657757057,362.553210239178,361.778977468627,361.004521779147,357.117451612239,353.201122199021,349.287663161775,345.424399810601,341.647308727067,337.977668254003,334.428528920133,331.010586648012,327.73452136859,324.610626056809,321.64742242512,318.850508365767,316.222061995506,313.760928821949,311.463101442258,309.322385402776,307.33111737215,305.480887264278,303.763197586399,302.169999458931,300.694125093328,299.329546851139,298.07158684759,296.917044129207,295.864324914869,294.913647197638,294.067246851445,293.329670630283
31,387.27875815352,378.063342708165,375.433819738719,375.809731873316,375.97530290469,376.056028354033,376.105477460976,376.169521443149,376.283453243195,376.473729112385,376.760861057776,377.16099604975,377.684883490128,378.334306974582,379.095519892906,379.682375079018,378.65680580205,377.600661037712,376.639278526319,375.753754558726,374.921091242939,374.120955821407,373.337899087068,372.561715458631,371.78657731574,371.009812933581,370.230725003134,369.449638983296,368.667333042813,367.88465361685,367.102309622773,366.320802656335,365.540393596411,364.761111639437,363.982807688009,363.20519003388,362.427883865969,361.650455302681,360.872494422753,356.964496299047,353.025530366574,349.091985183921,345.212877013483,341.424242749726,337.746896782758,334.193349658079,330.773760929287,327.49827697461,324.376674366355,321.417025260114,318.624532362142,316.00107216048,313.54525459487,311.252892738733,309.117656895279,307.131785089493,305.286801136449,303.574168736687,301.985837266869,300.514644117857,299.154594771805,297.901055385147,296.750878648861,295.702531273856,294.756297047046,293.914477574666,293.181674795172
32,387.234222805193,377.947595562346,375.274999242205,375.650230858916,375.816803439211,375.898605059434,375.948918703709,376.013615928711,376.128158581442,376.319240436234,376.607628131854,377.009713091503,377.536454171002,378.189787815229,378.955994812793,379.547406819698,378.529357401843,377.478517282786,376.521631535467,375.639692218795,374.809659679575,374.011298451664,373.229338260002,372.453762926061,371.678895176482,370.902159953216,370.122909149039,369.341480338723,368.558641533252,367.775216017614,366.991883827598,366.209117293254,365.427151000784,364.645993247454,363.865481486374,363.085319097682,362.305135826449,361.524511198461,360.74305832077,356.814430803042,352.853459162988,348.900580894812,345.006325511949,341.206716011456,337.522089354034,333.964425058485,330.543363243569,327.268537407445,324.149232852289,321.193078770089,318.404919135276,315.786328445518,313.335693460532,311.048654273526,308.918750648556,306.938125427098,305.098238910126,303.390520397506,301.806910878939,300.34026119838,298.984607168395,297.735358272648,296.589414006472,295.545316525951,294.603396424351,293.766023522165,293.037850819378
33,387.186889813442,377.835586964566,375.120881450635,375.495081351035,375.662587172027,375.745410310552,375.796551458681,375.86187780987,375.977012409059,376.168879083289,376.458493064986,376.862486013106,377.392024155687,378.049196690115,378.820313069587,379.41621384199,378.405504828373,377.359817947542,376.407279771901,375.528788486365,374.701271718426,373.904594794152,373.123664004353,372.348646749605,371.574004309874,370.79726865208,370.017821399091,369.236015610082,368.452608267412,367.668399586545,366.884041423837,366.099977993025,365.316419075272,364.533353800052,363.75060813451,362.967882521283,362.184809364216,361.400995211296,360.616066048161,356.667109595918,352.684739788655,348.713239687456,344.804488866766,340.994431420823,337.302916747094,333.741402774866,330.319026394346,327.044927606769,323.927920600969,320.97521331067,318.191296998296,315.577465222467,313.131887017866,310.850035576101,308.72532452006,306.749804756044,304.914875486687,303.211933325618,301.63291197614,300.170672914111,298.81929167826,297.574210785602,296.432383964153,295.39241093583,294.4546830682,293.621630110302,292.897952153991
34,387.14081277938,377.727075486608,374.971181234907,375.344027814113,375.512403112451,375.59619647278,375.648125220641,375.714062817267,375.829769682898,376.022402777896,376.313215063198,376.719076134005,377.251357581273,377.912301205587,378.688246259876,379.288570647476,378.285028566156,377.24435542675,376.296024137719,375.420852502139,374.595734705987,373.800661893588,373.020703194998,372.246197047843,371.471747481976,370.694973512243,369.915298099725,369.133082922914,368.349073330332,367.564046503266,366.778626884241,365.993231718655,365.208047450124,364.423045773003,363.638042953319,362.852738513697,362.066773204765,361.279770935854,360.491383417247,356.522399292259,352.51921640523,348.529766947042,344.607130682986,340.787115832089,337.089076928242,333.523960067313,330.100414406124,326.827104630495,323.712392612592,320.76308226649,317.983326402708,315.374148560842,312.933507966934,310.656716615456,308.537066104658,306.566518455118,304.736414066844,303.038118462461,301.46355905153,300.005611412659,298.658381377518,297.417353058431,296.279530102476,295.243568275015,294.309917594779,293.481064969704,292.761753813756
35,387.095905191032,377.621841637013,374.825638387845,375.196836623892,375.366021800572,375.450737153998,375.503425281714,375.569943750818,375.686211385886,375.879590062068,376.17157403384,376.579263462143,377.114235167183,377.778889013857,378.559585722277,379.164271268729,378.167738602433,377.131940192432,376.187682915903,375.315701387765,374.492895574782,373.699348004982,372.920297726959,372.14625159164,371.37196682161,370.595123455922,369.815189862794,369.032534601818,368.247890708325,367.462012691793,366.675498255022,365.888738820262,365.101898941289,364.314934535397,363.527654021306,362.73975782114,361.950894072987,361.160710060012,360.368887925418,356.380177263544,352.356744763441,348.349982420584,344.414027420404,340.584517501551,336.880292110613,333.311800540325,329.88721904559,326.614754076038,323.50233273294,320.556370951494,317.780696359706,315.176072627851,312.740256585444,310.468404349832,308.353689365704,306.387987654063,304.562582928696,302.868811177824,301.298594429633,299.844822709071,298.501631940899,297.264547146159,296.130620793053,295.098563153062,294.168880883838,293.344115414352,292.629049888231
36,387.05209094662,377.519685319939,374.684014812524,375.053293654057,375.223232933889,375.308824837085,375.362241112502,375.429323643024,375.546131961548,375.740237972402,376.033368274742,376.442850632619,376.980466774626,377.648765570758,378.434140326424,379.043127079363,378.053447666386,377.022398759508,376.082088162431,375.213192459717,374.392598810331,373.600499587108,372.822302869877,372.048682354371,371.274522316515,370.497580125172,369.717359785725,368.934235231335,368.148926728168,367.362166276077,366.57452562904,365.786371527159,364.997848060095,364.208896998388,363.419320666729,362.628822171224,361.837061430238,361.043706332452,360.248467421591,356.240330448257,352.197191014681,348.173713268155,344.224986761767,340.386398959427,336.676306178712,333.104651320652,329.679156820985,326.4075835512,323.297450497462,320.354790327447,317.583121275681,314.982956610767,312.551857692399,310.284829752351,308.174931721824,306.213956336949,304.393132654045,302.703768579201,301.13778160284,299.688076514409,298.348819125358,297.115574700374,295.985443470452,294.957188707874,294.031371840976,293.210586265121,292.499646618232
37,387.009306318257,377.420423648804,374.546092095607,374.913202161794,375.083839355369,375.170268833823,375.224383661619,375.292010644729,375.409344102115,375.604160032709,375.898408213438,376.309654436269,376.849867348785,377.521752198652,378.311734563167,378.924964902664,377.941996515353,376.915571931686,375.979090529911,375.113171367041,374.294700474289,373.503980436393,372.726585786225,371.953352064505,371.179285430463,370.402216498965,369.621678566363,368.838060649904,368.052058688252,367.26438624649,366.47558982769,365.686012646408,364.895778667078,364.104820303198,363.312932287705,362.519823185754,361.72516630955,360.928651557148,360.130015182044,356.102754325238,352.040430676423,348.000814676123,344.039816089972,340.192554562087,336.476877845452,332.902260603597,329.475966374405,326.205333555287,323.097478397975,320.158074273857,317.390338239568,314.794542033759,312.368058020505,310.105745238783,308.000551537727,306.0441889363,304.227833770898,302.542767179374,300.98090296459,299.535160947569,298.199736614179,296.970230827619,295.843802540645,294.819254646582,293.897205442637,293.080297966988,292.373379608469
38,386.967483986963,377.323889057164,374.411669404281,374.776380952727,374.947670642358,375.034893509211,375.089678807133,375.157828168434,375.275675304449,375.471184512111,375.766531604063,376.179504643332,376.722269848921,377.397684406019,378.192206888048,378.809625371286,377.833221386844,376.811313267169,375.878548079085,375.015503618672,374.1990711811,373.409659532378,372.633019123521,371.860140754168,371.08613788388,370.308915690598,369.52803789792,368.743896558194,367.957173792485,367.168561286638,366.37858125792,365.58755443434,364.795587106921,364.00260072912,363.2083872445,362.412661261397,361.615111008522,360.815449692303,360.01344393273,355.967352024192,351.886341755458,347.831136302172,343.858340848024,340.002779851805,336.2817970626,332.704395524584,329.277406216203,326.007754901161,322.902166266406,319.965977197943,317.202104680581,314.610590433178,312.188623932345,309.930922431056,307.830325936795,305.878468183545,304.066474607105,302.385600863597,300.827757833955,299.38588061096,298.054194143124,296.828338121712,295.705517645749,294.684585454664,293.766211134006,292.953080205474,292.250084010302
39,386.926566014514,377.22992765988,374.280561656241,374.64266278212,374.814558744591,374.902536734281,374.957965821591,375.026623053343,375.144966346964,375.341152907598,375.637576813182,376.05224519378,376.597518230299,377.276410423883,378.075408278698,378.696957619954,377.726997568466,376.709487778466,375.780322817838,374.920065253567,374.105591671625,373.317432615988,372.541500296054,371.768937789653,370.994970592122,370.217569900203,369.436327583839,368.651637590129,367.864167934322,367.074588848912,366.283398912088,365.490897586575,364.697174885317,363.902142741359,363.10559192614,362.307244656737,361.506805514036,360.704012212315,359.898662608546,355.834033551724,351.734827608556,347.664542722934,343.680398423684,339.816889186272,336.090856017989,332.510835841021,329.083252738145,325.814620065531,322.71129207016,319.778271968082,317.018196276898,314.430881324171,312.013339427945,309.76015020654,307.664048894718,305.716593248649,303.908859531814,302.232079145587,300.678160732697,299.240054912236,297.912012724157,296.689721498215,295.570422094773,294.553018939189,293.638231211867,292.828789259799,292.129611746122
40,386.88649932115,377.138397825904,374.152597921389,374.511892956672,374.684351658277,374.773048533031,374.829096029675,374.89824251691,375.017069957708,375.213918617177,375.511398177218,375.927731761232,376.475473743567,377.157789926422,377.961200974076,378.5868334651,377.623187504329,376.609970749187,375.684312037922,374.826741777961,374.014151785686,373.227183971224,372.451920220083,371.679640928549,370.905680627765,370.128077394827,369.346447021615,368.56118431274,367.772942960427,366.982374114147,366.189949522176,365.395950511673,364.600452046924,363.803358158127,363.00445993184,362.203488689697,361.400166715974,360.594257337299,359.785590418998,355.702715115224,351.585781123895,347.500907276878,343.505837065747,339.634709692482,335.903865667744,332.32138986932,328.893298481354,325.625718066555,322.524640908325,319.594748089595,316.838405180368,314.255210441426,311.842004389156,309.593232989845,307.501529570285,305.55837811121,303.7548073471,302.082025576161,300.53193987387,299.097516595098,297.773035699583,296.55422237932,295.438361509185,294.42440488315,293.513119669796,292.707278923532,292.011825700398
41,386.847235170393,377.049168930993,374.02762002093,374.383928107422,374.556908494763,374.646289894897,374.702931630137,374.772552677209,374.891849645587,375.089345775458,375.387860706623,375.805830603949,376.355998093422,377.041692908444,377.8494573677,378.479123300369,377.521670911627,376.51263828541,375.590397024625,374.735427227734,373.924649561733,373.13881347888,372.364182487732,371.592155493035,370.818178819184,370.040350089209,369.258309129643,368.472450668928,367.683413920714,366.891827348129,366.09814675743,365.302628334715,364.505333550643,363.706165420493,362.904911353313,362.101315033118,361.295117717331,360.486106577433,359.67415250729,355.573312193917,351.439107276871,347.340111302352,343.334514916239,339.45608010261,335.720649942131,332.135866898317,328.707350589369,325.440852883655,322.342016119749,319.415210105958,316.662538420154,314.083388142134,311.674433098342,309.429989251807,307.342590838676,305.403650129154,303.604149893043,301.935276417917,300.388935851907,298.958110444789,297.637104984037,296.421693609454,295.30919263102,294.298603911228,293.390736133228,292.588417695779,291.896598656622
42,386.808728719421,376.962120263811,373.905481295276,374.258635109202,374.432098420577,374.522131729053,374.579344658448,374.649424689129,374.769178671246,374.967308228496,375.266839066279,375.686417553313,376.238977228866,376.927998697379,377.740059035191,378.373710384248,377.422336277611,376.417399724648,375.498475235715,374.646023344294,373.836985147436,373.052242403835,372.278191959927,371.506391485651,370.73237645739,369.954300303242,369.171827212557,368.385350989608,367.595496261823,366.802871238236,366.007908558823,365.210852449629,364.411745920964,363.61048894129,362.806872143743,362.000651095736,361.191587227793,360.3794952104,359.564279373543,355.445764104041,351.294716845827,347.182043458293,343.166299156606,339.28084973582,335.541044570449,331.95409318306,328.52522517972,325.259842058794,322.16323471475,319.239476187839,316.49041650521,313.915238060506,311.510452786644,309.270250181061,307.187067998436,305.25224877701,303.456730817541,301.791679436059,300.248997856055,298.82169217,297.504087739347,296.291998376275,295.182782272946,294.175486421522,293.27096423315,292.472083368096,291.78381236087
43,386.770938625292,376.877137827479,373.786043173761,374.135890126171,374.30979972111,374.400449792578,374.458216070479,374.528740162014,374.648934731395,374.847688628245,375.148216641568,375.56937712036,376.124288074817,376.816595080792,377.632895873977,378.270486198816,377.325079933445,376.324144181357,375.408451407671,374.558438847575,373.751081116137,372.967377574365,372.193876717446,371.422271547942,370.648193021059,369.869848466699,369.086922605654,368.29980755161,367.509113284583,366.715426876387,365.919164615527,365.120547835936,364.319615736214,363.516258581949,362.710273561143,361.90142947611,361.089509029175,360.274355234424,359.455906363498,355.319996290708,351.152522914958,347.026599117183,343.001065240116,339.108877555127,335.364896037039,331.775906524573,328.346763154994,325.082515479072,321.988126125637,319.067373505707,316.321872187591,313.750595875708,311.349902531722,309.1138585374,307.034807619045,305.104024530012,303.312404488745,301.651092835098,300.111992973751,298.688127358015,297.373849325666,296.165009256586,295.05900638799,294.05492692726,293.153681946347,292.358162112806,291.673356693666
44,386.73382669898,376.79412240615,373.66918355319,374.015577766053,374.189898970913,374.28114036278,374.339434930587,374.410388772752,374.5310166662,374.730377630318,375.031884879401,375.454598104147,376.011833914166,376.707377533515,377.527865342173,378.169349696488,377.229805370388,376.232785823826,375.320236885254,374.472587193341,373.666845522839,372.884139747414,372.111151703891,371.339717531396,370.565553534657,369.786920491059,369.003522069025,368.215748000475,367.424193599079,366.629426586387,365.831843763664,365.031650580574,364.228874394017,363.423409058108,362.615051675937,361.803587479808,360.988821502745,360.17062586885,359.348973219041,355.195944498397,351.01245242394,346.873679820988,342.8386962071,338.940031371443,335.192060647093,331.601155258034,328.171803807686,324.908714248459,321.81653109754,318.898750559518,316.156749364964,313.589308232084,311.192632155135,308.96066756944,306.885666568162,304.958837874357,303.171035029974,301.513384328881,299.97778987113,298.557290621666,297.246267651199,296.040607370347,294.937749246961,293.93682223671,293.038779836393,292.246547769676,291.565128923398
45,386.697357600553,376.71297548199,373.554781982139,373.897590328611,374.072290296412,374.164094925636,374.222897690085,374.29426754768,374.41531764525,374.615273181171,374.917742362335,375.341987217997,375.901510933604,376.600248525341,377.424871782459,378.070206630986,377.136422597048,376.143234967237,375.233748983815,374.388392391696,373.584212125959,372.802455039261,372.029949097169,371.258658539504,370.484388071507,369.705447278473,368.921557301602,368.133104869124,367.340670648202,366.544801420464,365.745881545644,364.944095447084,364.139463853526,363.331877619223,362.521146933994,361.707066691024,360.889467210072,360.068250416797,359.243423676497,355.073548326306,350.874427894281,346.723192786881,342.679082069978,338.77418709855,335.022403713542,331.429697350046,328.000200628231,324.738286496907,321.648300698235,318.733456153451,315.994902103891,313.431231777514,311.038501284602,308.810540129758,306.7395110341,304.816558426736,303.03249546166,301.378430286037,299.846268203935,298.429064782699,297.121228624988,295.918681628163,294.818902705285,293.821062514179,292.926155640155,292.137141108031,291.459033113814
46,386.661492510457,376.633607426579,373.442728176068,373.781827136054,373.956874718912,374.049211924333,374.108504310795,374.18028022277,374.301741815198,374.502279882998,374.80569432829,375.231447076448,375.793226488815,376.495116933911,377.323825819841,377.972968961568,377.044847566544,376.055410997129,375.14891065054,374.305778846388,373.503104853488,372.722254453881,371.950199325831,371.179028348561,370.404631311314,369.625364284515,368.840964508348,368.051815149381,367.258482283625,366.461494300111,365.661217798798,364.857823352797,364.051324239296,363.241611508537,362.428501768453,361.611812591584,360.791392520286,359.967175901856,359.139195665049,354.952750905045,350.738378934225,346.575046931701,342.52211926019,338.611228096666,334.855798783081,331.261399591229,327.831816298197,324.571095207354,321.483295449119,318.571351796908,315.836193768312,313.276232305199,310.887376561758,308.663347826969,306.596215782463,304.677064148933,302.896666935314,301.246115000486,299.717315322857,298.303336322169,296.998625464455,295.7991249811,294.702360673224,293.707549285037,292.815713651143,292.029849284477,291.35497942648
47,386.62621292629,376.555934699515,373.332919028717,373.668193934752,373.843559567614,373.936407615028,373.996170567783,374.068336672061,374.190199437287,374.391308426413,374.695652066715,375.122889821434,375.68689386456,376.391897460117,377.224643823838,377.877554321039,376.955001678239,375.969238524268,375.065649663697,374.224677630525,373.423457160529,372.643471348878,371.871839403445,371.100759062996,370.326222098441,369.546611127809,368.761684013906,367.97181990943,367.177570387167,366.379445957655,365.577796281079,364.772779122561,363.964401443183,363.152555764526,362.337068226417,361.517774221177,360.694547277802,359.867352743468,359.036258471225,354.833498607818,350.604238975501,346.429166584381,342.367710129498,338.451044579971,334.69212699001,331.096136872216,327.666521929642,324.407014816575,321.321384514502,318.412307612997,315.680496239877,313.124183985901,310.739138669996,308.518970330776,306.455663404631,304.540240645581,302.763438049281,301.11633001796,299.590825649925,298.180010061581,296.878358095501,295.681846068319,294.588037854255,293.596190250952,292.707364167327,291.924585282013,291.252883706998
48,386.591484697199,376.479879318437,373.225258005438,373.556602359475,373.73225795391,373.825592451808,373.885808305991,373.958352395758,374.080606377223,374.282275082355,374.587532413403,375.01623309284,375.582430021558,376.290510166162,377.127247427076,377.783885539554,376.866807033479,375.88464694423,374.983898468793,374.145018791336,373.345206729554,372.566047265816,371.794810237886,371.023804346879,370.24910329797,369.469131208872,368.683659916697,367.893060225585,367.097880531952,366.298602816564,365.495564344035,364.688911090702,363.878644873046,363.064660787649,362.24679573517,361.424901855204,360.59888450527,359.768727530339,358.934556694775,354.715740791273,350.471944988199,346.28547005894,342.215762499407,338.293533082515,334.531276448497,330.933791532894,327.504196382024,324.245918516316,321.162445010982,318.256201648602,315.52768921254,312.974968679482,310.593670020649,308.377294636384,306.317743734721,304.405980534406,302.632704234805,300.988973538488,299.466700085426,298.058985765589,296.760332568514,295.566745646176,294.47584053273,293.486898774271,292.601022995741,291.821267430728,291.152666973312
49,386.557281471945,376.405368384967,373.119654599198,373.446969452361,373.622888299353,373.716685934761,373.777337739805,373.850248060664,373.97288364729,374.175101246022,374.481257297014,374.911399578697,375.479762167646,376.190880029526,377.031563093209,377.691890217346,376.780202947018,375.801570042475,374.903593716803,374.066751690519,373.268295120793,372.489927848713,371.719056436149,370.948103982647,370.173221117971,369.392871539352,368.606839733648,367.815491698704,367.019361678319,366.218914644039,365.414472634743,364.606170844275,363.794007062181,362.977880135902,362.157638748807,361.333154782332,360.504351230019,359.671270244061,358.834046868066,354.599429562994,350.341437222645,346.143883299398,342.066189253133,338.138595975533,334.373141709921,330.774252771979,327.344725647309,324.087690839033,321.006361366369,318.102919208218,315.377659594755,312.828475316084,310.450861881758,308.238214536584,306.182353151073,304.274182873492,302.504367204492,300.863949879195,299.344845485521,297.940172753452,296.64446059219,295.45374711546,294.365684985714,293.379593449585,292.496611007071,291.719818974482,291.054254988461
50,386.523578670033,376.332333659665,373.01602384153,373.339217230084,373.515373910918,373.609612383559,373.670683861735,373.743949086673,373.866956994259,374.06971302646,374.376753331025,374.80831661052,375.378816854608,376.092936548166,376.937521728306,377.601500340404,376.695120411142,375.719945639262,374.824675924648,373.989814392767,373.192667458007,372.415057661583,371.644522856497,370.873606825885,370.098519344507,369.317782213918,368.531174326355,367.739062061447,366.941965900424,366.140334280753,365.334474828565,364.524512948459,363.710443496044,362.892170182021,362.069554523459,361.242489021175,360.410923591868,359.574931181128,358.734688080368,354.484519571598,350.212658975143,346.004336108946,341.918907965312,337.986141030435,334.2176232725,330.617416136455,327.188002295309,323.932223020615,320.853024745067,317.952352310215,315.230300881565,312.684599338537,310.310611904321,308.10163006084,306.049394155962,304.144752684574,302.378334448613,300.741168990404,299.225174191168,297.82348568444,296.5306590729,295.342764960185,294.257492461058,293.274197632382,292.394053735293,291.620167688476,290.95757794648
51,386.490353330585,376.260705116405,372.914285862039,373.233272293517,373.409642597949,373.504300559546,373.565776034146,373.639385273866,373.762756527865,373.966040876522,374.273951445816,374.706915798426,375.279526605099,375.996613384631,376.845052726708,377.512651934125,376.611494026222,375.639715269752,374.747089168888,373.914153350102,373.118272145382,372.341386641894,371.571166735075,370.800264770674,370.024961868806,369.243816350832,368.456617290164,367.663725594206,366.865648139791,366.062817397191,365.255527388989,364.443894709609,363.627912349428,362.807489958246,361.982502892382,361.152858025185,360.318554029771,359.479675727684,358.636441777974,354.37096781841,350.08555637502,345.866761879945,341.773840565409,337.836081022251,334.064627136933,330.463183010353,327.033924972141,323.779412486508,320.702328440021,317.804399158138,315.085512704711,312.543242199011,310.17282362779,307.967446994877,305.918774868092,304.017600431414,302.254518820115,300.620546018788,299.107603602558,297.708844142865,296.418844909739,295.233722943346,294.151188745124,293.170639125704,292.293281014428,291.522245514543,290.862570013846
52,386.457583976718,376.190434666722,372.814365490743,373.129065475007,373.305626325988,373.400683324217,373.462547789666,373.536490465505,373.660216385028,373.864019258462,374.172786556195,374.607128748653,375.181827843227,375.901848044479,376.754101849084,377.425284750424,376.529270421321,375.560823895269,374.670775748389,373.839718092449,373.045060611987,372.268867655296,371.498938932232,370.728032514605,369.952498415886,369.17092980078,368.383125015315,367.58943925374,366.790365982756,365.986322273712,365.177589350318,364.364275958151,363.546374261166,362.723800926346,361.89644606306,361.064238536859,360.227205874692,359.385465498651,358.539269547794,354.258729910528,349.96007819059,345.731097347147,341.630913028052,337.68833336916,333.914064403308,330.311460205861,326.882395193353,323.629162386504,320.554183667615,317.658963671123,314.943200339129,312.404310903579,310.037406033458,307.835576443917,305.790408596889,303.892641658352,302.132838065593,300.502000912387,298.992051922443,297.596172268013,296.308953696989,295.126549138955,294.046703823918,293.068849814085,292.194226652232,291.425988253565,290.769169109712
53,386.425250493648,376.121460024817,372.71619189833,373.0265315189,373.203260903213,373.298697329992,373.360934837963,373.435202242919,373.559274425818,373.763586341142,374.073197260398,374.508902501349,375.085660599426,375.808581585165,376.664613954938,377.339341984583,376.448400278424,375.483219642236,374.59569604679,373.76646111631,372.972987080601,372.197456272187,371.427796007328,370.656867345854,369.881086850116,369.099080940026,368.31065639137,367.51616243161,366.716079459032,365.910809601385,365.100622121099,364.285618869788,363.465792212224,362.64106678655,361.81134120983,360.976588724015,360.136844546767,359.29226613952,358.443141052688,354.147774137416,349.836175652041,345.59728236252,341.490055107602,337.542819804143,333.765850904189,330.162159561113,326.733327899462,323.481381172588,320.408494890272,317.515955074773,314.803274285245,312.267717599282,309.904273139584,307.705934433708,305.664213442651,303.769796591634,302.013214515344,300.38545806222,298.878453201801,297.485398405699,296.200911007018,295.02117562898,293.943971570547,292.968765364333,292.096828133789,291.331335281719,290.67731667691
54,386.393334018852,376.053728126081,372.619698270108,372.925608791796,373.102485696061,373.198282739577,373.260880808197,373.335461648595,373.459871957587,373.664683725312,373.975125566939,374.412175767609,374.990968242646,375.716758352024,376.57653055598,377.254770018419,376.368827985194,375.406853565944,374.521798327702,373.694332253627,372.902008358131,372.127110565219,371.357696961119,370.586728950024,369.810687400446,369.028224665575,368.239172616235,367.443856947782,366.642750813619,365.836242301529,365.024589306263,364.207887763684,363.386131233938,362.559251375329,361.727168944007,360.889875551685,360.047437396617,359.200045184441,358.348021761754,354.038060081418,349.713802289379,345.465259688929,341.351200055395,337.399466075454,333.619906870709,330.015197581233,326.586634691764,323.335982215277,320.265175503198,317.375287487858,314.66564990882,312.13337919618,309.773343633482,307.578441565249,305.540112010892,303.648989798451,301.895574726397,300.270845977367,298.76673407252,297.376450013313,296.094650878901,294.917538174003,293.84292946056,292.870324948509,292.001026350741,291.238229271718,290.5869572578
55,386.361808693841,375.987188993687,372.524821509948,372.826239019033,373.003243370579,373.099382970905,373.162328165001,373.237212934519,373.361953484246,373.567252140343,373.878516646435,374.316894269812,374.897697237001,375.626325738344,376.489800137986,377.171518186983,376.290505264803,375.331679416346,374.449038383382,373.623299685232,372.832081373894,372.057790925315,371.288603056634,370.517579234551,369.741262487391,368.95833532184,368.168637038113,367.372486558931,366.570344556316,365.762585361719,364.949456544692,364.131048964711,363.307358346924,362.478318900796,361.64389059338,360.804067814149,359.958953561475,359.108771915904,358.253880870274,353.929552588815,349.592913783991,345.334974810896,341.214284410216,337.258201664887,333.476156627578,329.870495111172,326.442231052904,323.192883454183,320.124143486919,317.236879597417,314.530247053396,312.001217040539,309.644540537559,307.453022660892,305.418030971675,303.530149871151,301.779849179958,300.158096988969,298.656828665763,297.269272412258,295.990110874702,294.815575972638,293.74351529041,292.773470991902,291.906765357556,291.146615970717,290.498038417054
56,386.33067386829,375.92179550786,372.431501970916,372.728367044862,372.905479656993,373.001944464814,373.065219964683,373.140403333048,373.265466477965,373.47124735366,373.78331860552,374.223006639624,374.80579692023,375.53723396687,376.404373965192,377.089538566223,376.21338646091,375.257645659866,374.377371179492,373.553318164072,372.76317207053,371.989459894326,371.220477656131,370.449382168786,369.672776565552,368.889372152074,368.099014984386,367.302017081016,366.498826915214,365.689805686528,364.875191362469,364.055070651096,363.229442388497,362.398251321241,361.56147618555,360.719136000877,359.871363834355,359.018417237138,358.160689164565,353.822218143938,349.473467832347,345.206375760738,341.079247772938,337.118959576763,333.334528312849,329.727977034415,326.300046556672,323.052007079288,319.985321086556,317.100650423024,314.396989762573,311.871156574694,309.517790902992,307.329606489237,305.297900875597,303.413209164437,301.665972001667,300.047146980622,298.548674571163,297.163797704814,295.887231839821,294.715231451448,293.64567896522,292.678148943362,291.813992147738,291.056443977482,290.410510475152
57,386.299906026226,375.857503196027,372.339683209849,372.631940613553,372.809143134847,372.905916473164,372.969508683128,373.044982847806,373.170361170864,373.376615874405,373.689482280743,374.130464213638,374.715219301593,375.449435890578,376.320205884315,377.008785779292,376.137428352062,375.184726429274,374.306763592592,373.484349806631,372.69524168319,371.922082012491,371.153286072534,370.382103638357,369.605195979934,368.821301917083,368.030273637059,367.232416154381,366.428166035522,365.617871961501,364.801763038428,363.979922722316,363.152346479448,362.319012674815,361.479897378286,360.635052174494,359.784640545042,358.928953556594,358.068418913706,353.716024761826,349.355424015818,345.079412958621,340.946032610521,336.981676029115,333.194953629584,329.587572010266,326.160004822041,322.913279239621,319.848634513308,316.966534562819,314.265805974079,311.743127081869,309.39302553228,307.208125483977,305.179655845521,303.29810349663,301.55388072906,299.937935142199,298.442212597167,297.059973203167,295.785957663128,294.616449953888,293.549364371036,292.584305560243,291.722656449913,290.967664544276,290.324326313395
58,386.269490412194,375.794270041784,372.249311763284,372.536910169465,372.714185036726,372.811250865186,372.875152509554,372.950904062683,373.076590364749,373.283310745746,373.596961050148,374.039220846577,374.625918877269,375.362886810721,376.237252145571,376.929216819765,376.062589982298,375.112874839279,374.237174959555,373.416358609545,372.628255615388,371.855623679145,371.08699543372,370.315711311987,369.538488834777,368.754093117388,367.962376026544,367.163653084024,366.358331744564,365.546754528923,364.729142481622,363.90557667838,363.076057262778,362.240575612823,361.399127304317,360.55178985661,359.698757451525,358.840354681319,357.97704376215,353.6109418899,349.238743707404,344.954039063782,340.814584074489,336.846290321246,333.057367599919,329.449212204852,326.022036363352,322.776629776543,319.714013701741,316.834458738773,314.136627257653,311.617061411794,309.270178724018,307.088515495087,305.063233337071,303.184771940369,301.443516039995,299.830403744687,298.337381659191,296.957741752156,295.686235081292,294.519179622458,293.454520989049,292.491894742234,291.63271054167,290.880231398662,290.239441228839
59,386.239413112011,375.732056310535,372.160336942589,372.44322867404,372.620559068592,372.717898789932,372.782101376455,372.858121967029,372.984109256948,373.191287395348,373.505710660948,373.949232740409,374.537852461409,375.277544310306,376.155471238945,376.850790889826,375.988832506147,375.042053692895,374.168569730311,373.34931075827,372.562181057918,371.790053025363,371.021571081638,370.250174519742,369.472624873485,368.687715873748,367.895304239987,367.0956988754,366.289295423209,365.476425274199,364.657302119214,363.831998076056,363.000541136514,362.162914213596,361.319140500309,360.469323939984,359.61368964026,358.752595720975,357.88653863711,353.506938254277,349.123389927451,344.830208844983,340.68484983438,336.712744600574,332.921708359373,329.312833075829,325.886075102758,322.641991980014,319.581388653539,316.704356956676,314.00938856737,311.492895745446,309.149188039475,306.970715560842,304.948573915957,303.073156625066,301.334821568705,299.724494034499,298.234138013483,296.857051372155,295.588013481508,294.423371166766,293.361100853802,292.400868297716,291.54410907844,290.794100570791,290.155812697714
60,386.2096609917,375.670824390222,372.072710646382,372.350851438057,372.528221245084,372.625823112338,372.690312262822,372.766593795411,372.892875280645,373.100503476455,373.415689071468,373.860458287726,374.450979031354,375.193368101482,376.074823744122,376.773469252066,375.916119046683,374.972227712649,374.100914190421,373.283173808051,372.496986868273,371.725339797335,370.956990310259,370.185464141525,369.407575368659,368.622141819004,367.829024568824,367.028525864889,366.221029875087,365.406857521759,364.58621579382,363.759175912581,362.92577301202,362.086003885246,361.239912799988,360.387630568359,359.529413437508,358.665652999178,357.796879661622,353.403990007881,349.009327272356,344.707879042961,340.556779922914,336.580983691588,332.787916955669,329.178373156585,325.752058119654,322.509302362817,319.450702649245,316.57616639405,313.884028048965,311.370569372553,309.029994088466,306.854667698416,304.835621055518,302.96320247796,301.227743750766,299.620161558394,298.13242612214,296.757852628931,295.491244735554,294.32897775251,293.269058329601,292.311181857571,291.456808937187,290.709230255427,290.073400379867
61,386.180221641758,375.610538645589,371.986387188455,372.259735967646,372.437129738348,372.53497943056,372.599744257382,372.676278880482,372.802847958411,373.010918721953,373.326856306159,373.772857927953,374.365259585491,375.110319885522,375.995272192813,376.697215093473,375.84440214863,374.903363370624,374.034176300127,373.217917068361,372.432643460018,371.66145524932,370.893221567036,370.121549390433,369.343313021196,368.557343998662,367.763510408066,366.96210206828,366.15350939788,365.338025939562,364.515851242904,363.687078675795,362.851729069961,362.00982127611,361.161421247821,360.306687077729,359.445906323579,358.579503972717,357.708044076705,353.302068345055,348.896521820791,344.587008264717,340.430326583787,336.450954930955,332.655937164059,329.045773861546,325.619925479064,322.378500455495,319.321892014928,316.449827254603,313.760483537631,311.250024510447,308.912540324145,306.740316711514,304.724320945675,302.854857092324,301.122231541143,299.517348030637,298.032197654748,296.660098468988,295.395883024085,294.235954741211,293.178350034613,292.222793176299,291.370769072617,290.625580653186,289.992165780252
62,386.151083326205,375.55116528456,371.901323139773,372.169841822734,372.347244739002,372.44532845158,372.51035842266,372.587138437975,372.713988767404,372.922489831685,373.239174322266,373.686394015192,374.280657012667,375.028363224074,375.916780942207,376.621993400469,375.773670147794,374.835422228435,373.968325599101,373.153511359587,372.369122701196,371.598372045417,370.830238097756,370.058410134288,369.279811867514,368.493296778102,367.698736461974,366.896413953695,366.086705577572,365.269906451382,364.446199474152,363.615683252922,362.77838667667,361.934344193043,361.083644019586,360.226471905175,359.36314685805,358.494127157139,357.620010168043,353.20114760702,348.784941043534,344.467556871404,340.305444186923,336.322608015037,332.525715334263,328.91497930735,325.489620029946,322.2495286158,319.194899216102,316.325282551633,313.638705337432,311.131206081094,308.796772903823,306.627610013201,304.614622322965,302.748070541177,301.018236338722,299.416015647115,297.933406564795,296.563744067744,295.301884701595,294.144259641067,293.088934555462,292.135662009744,291.285950384426,290.543113856789,289.912072278645
63,386.12223493599,375.492672235657,371.817477183119,372.081130486678,372.258528328194,372.356832747563,372.422117669834,372.499135771496,372.62626101542,372.835190156742,373.152606887087,373.601030696567,374.197135971938,374.947463420717,375.83931605851,376.547770843887,375.703884876945,374.768386883197,373.903333104201,373.089928916314,372.30639782089,371.536064169073,370.768014437099,369.996018248081,369.217047194292,368.429975759134,367.6346786573,366.831432180449,366.020602679568,365.202476128622,364.377230855009,363.544967664139,362.705724307236,361.859551525947,361.006560347513,360.146964519473,359.281114609461,358.409502058518,357.532757199569,353.101203185793,348.674553727404,344.349486878945,340.182089018566,336.195894859955,332.397200208759,328.785936140942,325.361087236418,322.122331853546,319.069669375007,316.20247793592,313.518632938811,311.014061577665,308.68264043771,306.516497459173,304.50647631015,302.642795219435,300.91571180947,299.316114620432,297.83600895582,296.46874669005,295.209208162388,294.053851933779,293.00077246591,292.049749989723,291.202315595723,290.461793727625,289.833084963515
64,386.093665946307,375.435029035302,371.734809979211,371.993565246176,372.170944359606,372.26945663948,372.334986643369,372.412230921903,372.539624767164,372.748980033168,373.067114389653,373.516733800085,374.11466278177,374.86758741176,375.762845209648,376.474511642399,375.635013347667,374.702222071831,373.839171215736,373.027143297389,372.24444332311,371.474506839851,370.706526327399,369.934349866635,369.154995459757,368.367357701918,367.571314066374,366.767134161616,365.955174732349,365.135705620126,364.308924021098,363.474910990407,362.63372147465,361.785423178421,360.930150452987,360.06814535497,359.199790090873,358.325609107782,357.446265352169,353.002211460836,348.56532990264,344.232761865258,340.060219247395,336.07076946973,332.270342799523,328.658593414675,325.234275018998,321.99685766887,318.946150108166,316.081361534552,313.40022276863,310.898540889344,308.570093921222,306.406931215346,304.399836269288,302.538985715164,300.814613736173,299.217601919855,297.739962944288,296.375065561426,295.117813700803,293.964692972513,292.913826125786,291.965020508267,291.119829140391,290.381585786688,289.755170527607
65,386.065366377388,375.378206724119,371.653284043275,371.907111080327,372.08445835055,372.183166089632,372.248931614489,372.326399725491,372.454056475338,372.663826272737,372.982673929722,373.433470706521,374.033205317754,374.7886978787,375.687337566199,376.402193525054,375.567026766908,374.636900261083,373.77581363117,372.965127019209,372.183234907446,371.413676436554,370.64575064375,369.873382238373,369.093634221187,368.30542045327,367.508620836202,366.703498372051,365.890394757595,365.069589105783,364.24125862223,363.405493306993,362.562358664489,361.711940003799,360.854395484059,359.989995750627,359.11915470049,358.242429614905,357.360515667178,352.904149743354,348.457240775347,344.117346884,339.939794786698,335.947187816535,332.145096249156,328.532902396275,325.109133603757,321.873055902691,318.824291376132,315.96188380149,313.28342231657,310.784596160542,308.459086546453,306.298865582482,304.294657666513,302.436598651521,300.714895096676,299.120436457927,297.645228538284,296.282661748738,295.027663408826,293.876745835494,292.828059625342,291.881438592497,291.038457059207,290.302457113848,289.678297171013
66,386.037326758501,375.322177751377,371.572863631017,371.821734558152,371.999037381301,372.097928602427,372.16392038276,372.241605541491,372.369519429047,372.579697193251,372.89924909165,373.351210355542,373.952732918107,374.710776165028,375.612763709929,376.330783643767,375.499897669941,374.57239519028,373.713235265466,372.903857557097,372.122749395714,371.353550426303,370.585665324761,369.813093657373,369.032942067863,368.244142880354,367.446578122873,366.640504283727,365.826246528774,365.00409940873,364.174215259968,363.336695621948,362.491617274601,361.63908374611,360.779277457739,359.912497893801,359.039190666918,358.159945696964,357.275489994269,352.806996224829,348.350256590774,344.003208384224,339.820777199048,335.825107728207,332.02141570766,328.408816476636,324.985615405124,321.750878592472,318.704045344491,315.843997379269,313.168184951124,310.672181655528,308.349573582293,306.192256903719,304.190897945385,302.335592582897,300.616525056786,299.024578974295,297.551767524448,296.191498050378,294.938721063666,293.789975253958,292.743438611228,291.798967962436,290.958166902404,290.224376241705,289.602434511257
67,386.009538094826,375.266915886801,371.493508505116,371.737403743729,371.914650001954,372.013713132402,372.07992218497,372.157817794006,372.285983199308,372.496562528707,372.816809834879,373.269922999091,373.873216296196,374.633787879816,375.539095549116,376.260249596728,375.433599839693,374.508681794515,373.651412177508,372.843315768936,372.062964664198,371.294107298887,370.526249308565,369.753463400519,368.972898559104,368.1835048094,367.385166030889,366.578132305699,365.762719962124,364.939217642556,364.107773269733,363.26849979698,362.421479559379,361.566836985503,360.704779206753,359.835634768277,358.959880998577,358.07814024143,357.19117094326,352.710729928786,348.244354851678,343.890314135505,339.703129608606,335.704488784011,331.899258218002,328.286287660191,324.863674866202,321.63027986983,318.585366254966,315.727656970907,313.054466073811,310.561253634448,308.241512251795,306.087063427358,304.088516411398,302.235927890575,300.519456409259,298.929991928161,297.459543363268,296.101538894209,294.850952028836,293.704347502006,292.659930256044,291.717582460116,290.878927646843,290.147313129193,289.527553499798
68,385.981991836927,375.212396139146,371.415198204903,371.654088108336,371.831266146103,371.930489999144,371.996903528779,372.075002393975,372.20341869649,372.414393345986,372.735327442826,373.189580228808,373.794627459565,374.557705555814,375.466306240189,376.190574605896,375.368103187043,374.445736133514,373.590321501928,372.783476730163,372.003859580869,371.235326506034,370.467482473562,369.694471669278,368.913484166816,368.123486968935,367.324365556973,366.516363728629,365.699789362059,364.874925773933,364.041919286994,363.200888590342,362.351928578172,361.495183087794,360.63088226914,359.7593901063,358.881209436929,357.996996857474,357.107541833941,352.615330666486,348.139507866719,343.778633157844,339.586816606999,335.585292217666,331.77858260981,328.165279905744,324.743268369867,321.511215797683,318.468210303551,315.612819221009,312.942223000574,310.451770234559,308.13486161873,305.98324519994,303.987474124553,302.137566647395,300.423660051526,298.836639398446,297.368521090697,296.012750233738,294.764323162311,293.619830308536,292.577503145082,291.637248638462,290.800709602314,290.071238973351,289.453626327553
69,385.954679852608,375.158594680819,371.337895621765,371.57175844892,371.748857050789,371.848230808285,371.914844379395,371.993137135157,372.121798092736,372.333161967695,372.654774446152,373.110154871486,373.716939634776,374.482502924675,375.394370115012,376.121728748436,375.303393766733,374.383535325698,373.529941385985,372.724319502768,371.945413947236,371.177188405085,370.409345583455,369.636099535778,368.854680222283,368.06407093713,367.264158538112,366.455173014136,365.637437161878,364.81120073011,363.976634299153,363.133845454537,362.28294814749,361.424106157667,360.557575064266,359.683748344052,358.803160413182,357.916499833733,357.024586678881,352.520778995295,348.03569098109,343.668135657721,339.471800452948,335.467480827105,331.659349400478,328.045748915709,324.624354120685,321.393644293299,318.352535540967,315.499442605448,312.831414854505,310.343691379023,308.029582482755,305.880763963665,303.887733797793,302.040472545653,300.329096771551,298.744486991871,297.278667234172,295.925099504192,294.678802731118,293.536392774417,292.496127200101,291.557937244516,290.723484344531,289.996126226684,289.380626431725
70,385.927594400902,375.105488778163,371.261570994382,371.490379396673,371.667395182139,371.766908378167,371.833713783787,371.912198161608,372.041094749981,372.252841900456,372.575124551495,373.031620918336,373.640127197676,374.408154848289,375.323259481862,376.053687929561,375.239443731586,374.322057488131,373.470250941025,372.665824062321,371.887608444374,371.119674206756,370.351820236278,369.578328892693,368.79646886676,368.005239092926,367.204527602812,366.394558152843,365.575646566104,364.748037597871,363.911902178215,363.067354601562,362.214522796681,361.35359099537,360.48484055214,359.60869458046,358.725719008166,357.836634099208,356.942290106426,352.427056180037,347.932880399502,343.558792965077,339.358055900887,335.351018882821,331.541520703044,327.927655392656,324.506892043682,321.277525015836,318.238301748377,315.387487328804,312.722002461679,310.236978647197,307.925637280877,305.779581244096,303.789259705246,301.94460591027,300.235732708746,298.653501755708,297.189949717577,295.838555461175,294.594360326084,293.45400529507,292.415773602253,291.479620244538,290.647224640483,289.921948494894,289.308528288544
71,385.900728108035,375.053056726784,371.186195846717,371.409938799298,371.586846565915,371.686489140466,371.75348594226,371.832156020888,371.961279585553,372.17340776824,372.496352575269,372.953948259017,373.564165608575,374.334637254905,375.252957058759,375.986429083696,375.176231164933,374.261281672295,373.411230143015,372.607971245842,371.830424582798,371.062765926565,370.294888817006,369.521142406721,368.738830935646,367.946974570662,367.145456126568,366.334495352268,365.514401506602,364.685414911866,363.847707498437,363.001400930903,362.146637726762,361.283623056411,360.412664370355,359.534214538971,358.648870915076,357.757385186931,356.860637352392,352.334144156929,347.831053201654,343.450577477719,339.245547832298,335.23587208255,331.425060140366,327.810961622307,324.390843690489,321.16281926925,318.125470359675,315.276915228844,312.613948259488,310.131595209372,307.822990001464,305.679665521974,303.692017595187,301.849943051829,300.143535405371,298.563652098856,297.102337793156,295.753088173084,294.510966815469,293.372639488626,292.336414722928,291.402270762769,290.571904382389,289.848680474486,289.237307467357
72,385.874073945199,375.001277791516,371.111735398337,371.330403789333,371.507200911406,371.606962989423,371.674128495806,371.752986137485,371.882335235538,372.094835250374,372.418434381954,372.877123322,373.489031351896,374.261927079751,375.183437216546,375.919930116878,375.113735076694,374.201187831583,373.352854602575,372.550742703357,371.773844655831,371.006446339716,370.238534453509,369.46452347529,368.681754177977,367.889261217788,367.086920445031,366.274968948897,365.45368660142,364.623317593747,363.784029763121,362.935969990493,362.079278758335,361.214187072526,360.341032759224,359.460294531984,358.572602404915,357.678739200191,356.779614221689,352.242025499834,347.730187280744,343.343460573266,339.134246010057,335.122007421633,331.309932754932,327.695631388731,324.276172151731,321.04948991565,318.014004365173,315.167689687626,312.507216207753,310.027502032108,307.72160609141,305.580981268882,303.595974597048,301.756447200599,300.052473722166,298.474907716894,297.015801965318,295.668668926003,294.428594226225,293.292268124639,292.258024058611,291.325863018002,290.497498526132,289.776297893463,289.1669405332
73,385.847625207901,374.950132150713,371.038178359258,371.251749760682,371.428426586138,371.528298669019,371.595632777403,371.674657251624,371.804234724419,372.017101023731,372.341346826969,372.8011181165,373.414701880003,374.190002209698,375.114678359778,375.85416985318,375.051935352139,374.141756742462,373.295116381574,372.494120852762,371.717851696235,370.950698939069,370.182740975506,369.40845618626,368.625217744913,367.832083555604,367.028920570213,366.215963936997,365.393487117215,364.561731202813,363.720866176245,362.871047940393,362.012432355407,361.145272370338,360.269932527855,359.386921427848,358.496900294286,357.600682781429,356.699207054292,352.150683388739,347.630261304463,343.237420680694,339.024121326606,335.009393168154,331.196104976685,327.58162989518,324.162841975127,320.93750129001,317.903868228607,315.059775548613,312.401771706978,309.924672529368,307.621452383896,305.483496120725,303.501099202903,301.664087646973,299.96251777041,298.387239522661,296.9303139232,295.5852701585,294.347215722627,293.212865082378,292.18057616037,291.250372264488,290.42398303382,289.704777455676,289.097404993786
74,385.821375496871,374.899600844394,370.965492381141,371.173953103561,371.350500327488,371.45047321203,371.517968608931,371.597161917217,371.726947830288,371.940182708892,372.265067702712,372.725910679643,373.341155560821,374.118841431683,375.04665977495,375.789127984744,374.990812704122,374.082969982733,373.237992733557,372.438085763158,371.66242943577,370.895507895938,370.127492876362,369.352925280373,368.569212763095,367.775426742542,366.971434354753,366.157465932685,365.333788933437,364.500641901007,363.658197582014,362.80662151895,361.946085495946,361.076864828605,360.199351022598,359.314082620115,358.421751915508,357.523203082524,356.619402698921,352.060101580246,347.531254677564,343.132431074653,338.915145747538,334.897998785024,331.083544484973,327.468923681177,324.05081908783,320.826819116917,317.795027809221,314.953139039182,312.297581521964,309.823070479451,307.522497022793,305.387178993192,303.407361098205,301.572834897399,299.873638845367,298.300619581419,296.845846477608,295.502865400913,294.2668055311,293.134405253997,292.104046622539,291.175774736783,290.351334820183,289.634096788855,289.028679249671
75,385.795318700269,374.84966572598,370.893653452857,371.096991151379,371.273399800574,371.373464566643,371.441109363836,371.520470938584,371.650468171995,371.864051102679,372.189575688908,372.651479927054,373.268371628933,374.048424384583,374.979359557455,375.724785025189,374.930348628537,374.024809878391,373.181466784867,372.382627382948,371.607562267468,370.840858023606,370.072775277382,369.297916116153,368.513721725848,367.719268732294,366.914447771074,366.099461140484,365.274578509357,364.440036420304,363.596010992756,362.742678011271,361.880225710896,361.008952175035,360.129276097571,359.241765998878,358.347145088669,357.446287737979,356.540188485785,351.970264379884,347.433144180022,343.028467921206,338.80729225869,334.78779487033,330.972220191579,327.357480592907,323.940070730622,320.717410465788,317.687450284068,314.84774769837,312.194613710396,309.722664568543,307.42470939398,305.292000014684,303.314726283846,301.482660603681,299.785809364074,298.215021050341,296.762373502146,295.42142921812,294.187338884836,293.056864524852,292.02841194769,291.10204758827,290.279531702478,289.564234396067,288.960742547572
76,385.769448977212,374.800309417355,370.822638532599,371.020842131171,371.197103549476,371.29725154835,371.36504352351,371.444563456113,371.574767484548,371.788700790741,372.114842612417,372.577805606576,373.19633013994,373.978731514264,374.912762675083,375.661122266063,374.870525362722,373.967251886967,373.125522340768,372.327727148191,371.553235210458,370.786734743204,370.018573894532,369.243414637239,368.458730773401,367.663611253769,366.85794731522,366.041936322037,365.215842853145,364.37990203221,363.534293949771,362.679199486371,361.814841036055,360.941522623183,360.059696087248,359.169959924065,358.273068095658,357.369924839383,356.461552201589,351.881156616175,347.335917194509,342.925508217947,338.700534816412,334.678753101494,330.862102166358,327.24726965398,323.830565380695,320.609243636458,317.581104103159,314.743570309203,312.092837556133,309.623424686304,307.328060061098,305.197930463667,303.223176453452,301.393533587464,299.699002807256,298.130418121873,296.679869878091,295.340937155914,294.108791971914,292.980219708223,291.953649566807,291.029168884707,290.208552353724,289.49516961029,288.893574936383
77,385.743760742407,374.75151526692,370.752425496782,370.945485117231,371.121587878408,371.221813795053,371.289746216069,371.369419420365,371.499825819152,371.714104425278,372.04086397089,372.504860605683,373.125011927731,373.909740797099,374.846848758582,375.598121736156,374.811325846617,373.910294668216,373.070143849698,372.27337015628,371.499433877039,370.733124051806,369.964875007314,369.189407341746,368.404226593398,367.608433588526,366.801920152523,365.984878766874,365.157569493016,364.320222658334,363.4730344953,362.616185585052,361.749919985193,360.874564873965,359.99059978082,359.098653200502,358.199509655862,357.294102911706,356.383482066304,351.792763599297,347.239551881446,342.823529755013,338.594848300959,334.570846181793,330.753161581636,327.138261044692,323.722272697797,320.502288132,317.475958884541,314.640576827367,311.99222350666,309.525321864552,307.232520705429,305.104942709931,303.132679896388,301.305435452271,299.613193657602,298.046785970798,296.598311442853,295.261365690848,294.031139469703,292.904448499529,291.879737769217,290.957117496611,290.138376258826,289.426882551913,288.827157226228
78,385.718248651825,374.703267310458,370.68299309223,370.870899987667,371.046839071198,371.147131724963,371.215198038954,371.295019550629,371.425623992244,371.640242930665,371.967613347977,372.432641305188,373.054398564551,373.841440607774,374.78160017965,375.535766163439,374.752733686337,373.853915193637,373.015316369748,372.219542087068,371.446144431489,370.680012492651,369.911665429628,369.135881253664,368.350188532292,367.553723123281,366.746353805489,365.928276265078,365.099746450215,364.260994232617,363.412221146289,362.55361944747,361.685451524831,360.808068045717,359.92197639825,359.027835054616,358.126458903469,357.21881089115,356.305966711349,351.705071173921,347.144030247145,342.722511078367,338.490208472607,334.464047790971,330.645370650129,327.030426049605,323.61516346239,320.396514583411,317.371985388357,314.538738359637,311.892743114609,309.428328219701,307.138064069612,305.013010159584,303.043210700462,301.218337089837,299.52835738239,297.964100704621,296.51767494169,295.182692183221,293.954364142557,292.829529431964,291.806655656755,290.885873090497,290.06898365378,289.359354088934,288.761470949887
79,385.692907589407,374.655550234569,370.614320891481,370.797067383814,370.972835004802,371.073186497155,371.141380323801,371.221345296042,371.352143546852,371.567097954192,371.895072534858,372.361122252239,372.984464539558,373.773805687436,374.716999984519,375.474038942385,374.694733120196,373.798098415226,372.961025537484,372.166229174353,371.393353606491,370.627387099534,369.858932482495,369.082823845483,368.296619753928,367.499467730894,366.691236334854,365.872117081673,365.042362213691,364.202201675419,363.351842869897,362.491490269857,361.621425050523,360.74202168579,359.853815564369,358.957495112628,358.053905366268,357.144038104405,356.228995159261,351.618065568984,347.04933490572,342.622431445786,338.386591930434,334.358332538664,330.53870256914,326.923736988567,323.509209520569,320.291894702924,317.269155449644,314.438027039568,311.794368974119,309.332416898866,307.044663904835,304.922107203532,302.954743913585,301.132214208249,299.444470325985,297.882339311539,296.437937982413,295.104894833012,293.87844236997,292.755441834573,291.734383107281,290.815416096048,290.000355573883,289.292565799644,288.696498326714
80,385.667732654582,374.608341915668,370.546389250849,370.723968672041,370.899557311686,370.999958618294,371.068275099806,371.148378799208,371.279366716266,371.494651829977,371.823224004662,372.290286117728,372.915208157964,373.706820910789,374.65303186007,375.412924088184,374.637306761487,373.742829859579,372.907257538589,372.113418177797,371.341048601961,370.575235491108,369.806663938122,369.030223233794,368.243500877836,367.445655749738,366.636556258252,365.816389932626,364.985405716456,364.143834149355,363.29188906047,362.429787665883,361.557824652482,360.676415736543,359.786107302425,358.887623380196,357.981838945762,357.06977424923,356.152556804579,351.53173347814,346.95544902848,342.523270839399,338.283974077268,334.25367592052,330.433131542252,326.818167171441,323.404383732458,320.188401224559,317.167441925935,314.338416033864,311.697074710363,309.237562029301,306.952294921279,304.832209169074,302.867255496607,301.047043404582,299.361509714381,297.80147964005,296.359078992951,295.027952638542,293.803353701387,292.682165793235,291.662900735105,290.74572765674,289.932470877002,289.226499937641,288.63222222877
81,385.642719150696,374.561642912192,370.479179271162,370.651585908032,370.826988302505,370.927433328464,370.995865059337,371.076102860819,371.207276390044,371.422887545042,371.752050878854,372.220116214608,372.846605406917,373.640480760134,374.589675412753,375.35240622483,374.580444462085,373.688095595487,372.853999080369,372.061096356602,371.2892171145,370.523545647644,369.754848128677,368.978059868532,368.190820451384,367.392275954301,366.582302527464,365.761083962339,364.928866313301,364.085881231221,363.232349518019,362.368501645517,361.494651834908,360.611240517792,359.718841992299,358.818210223283,357.910249898593,356.996009376267,356.076641395935,351.446062003119,346.862356319965,342.425009850357,338.182337054586,334.150054276915,330.328632607944,326.713690850909,323.300659923683,320.086007856938,317.06681864801,314.239879472615,311.600834856496,309.143738661932,306.86093274163,304.743287340467,302.780722278972,300.962802121803,299.27945359629,297.721500322498,296.281077181458,294.951845357642,293.729078425762,292.609682113798,291.592189855294,290.676789597822,289.865317473141,289.16113939894,288.568626149033
82,385.617862574124,374.515432420635,370.412672760864,370.57990180319,370.75511093312,370.855592445257,370.924133525667,371.004500912171,371.135856082047,371.351788707541,371.681536895608,372.15059646609,372.778640460354,373.574762229815,374.526917051577,375.292467202649,374.524129955887,373.633882220907,372.801237366009,372.009251444856,371.237847298187,370.472306035895,369.703473704109,368.926338261934,368.13856752249,367.33931753835,366.528464507061,365.706188683793,364.872733759964,364.028332891466,363.173214427989,362.307622595238,361.431891551738,360.54648670722,359.652010366736,358.749246347273,357.839128819053,356.922733872,356.001239019287,351.361038650584,346.770040994317,342.327629726371,338.081657770756,334.047444753345,330.225181694915,326.610283168035,323.198012839584,319.984689236945,316.967260373553,314.142392403585,311.505624871921,309.050922769128,306.770553857332,304.655328553952,302.695121917098,300.879468608351,299.198280804614,297.642380757736,296.203912488391,294.876553471191,293.655597535997,292.53797228755,291.522232450143,290.608584393586,289.798875575819,289.096467664105,288.50569417153
83,385.593158604111,374.469689698944,370.34684634971,370.508899693062,370.683908773556,370.784419743756,370.853064422692,370.933556978244,371.065089816594,371.281339516851,371.611666380121,372.081711376434,372.711298065188,373.509650375478,374.464752934403,375.23309939895,374.468349710073,373.58017681915,372.748952415961,371.957871628303,371.186927742295,370.42150554514,369.652521956159,368.875039985212,368.086731504195,367.286770093273,366.475031954365,365.651694126811,364.816998193518,363.971179474873,363.114474342273,362.24714125935,361.369534708414,360.482145322646,359.585603490533,358.6807205721,357.768466622756,356.849938442675,355.926340082115,351.276651302583,346.678487754497,342.23111231277,337.98191578925,333.945825266698,330.122752088926,326.507920154834,323.096418102203,319.884420886128,316.868742743548,314.045930749452,311.41142107697,308.959091123507,306.681131995445,304.568305847533,302.610432855172,300.797021879817,299.117970918421,297.564101074564,296.127565597553,294.802058148827,293.582892695575,292.467018458662,291.453011137506,290.541095136581,289.733128764043,289.032468888135,288.443410943219
84,385.568603093298,374.424417449511,370.281694754471,370.438563507668,370.613365978843,370.713899576315,370.782642246309,370.863255653717,370.994958529238,371.211524735463,371.542424216657,372.01344600324,372.64456351398,373.445130788774,374.403161431901,375.174277924387,374.413090678951,373.526966944653,372.697147468442,371.906945522572,371.136447450354,370.371133466986,369.601997825927,368.824154708686,368.035302234064,367.234623589039,366.421995000568,365.59759054365,364.761650113974,363.914411682389,363.05612016137,362.187048722539,361.307572542238,360.418202032226,359.519612744501,358.612628656063,357.698254531226,356.777614099304,355.851935298592,351.192888204779,346.587681771448,342.135440029911,337.883091434857,333.845174466073,330.021328206112,326.406578621078,322.995852169794,319.78517916965,316.771242241179,313.950471267177,311.318200612941,308.868221329882,306.592652401981,304.482197865973,302.526634288299,300.715441683177,299.038504228809,297.486642094037,296.052017825089,294.728341216629,293.510946207124,292.396803393628,291.384509140979,290.474305508662,289.668061189259,288.969127683673,288.38176164758
85,385.544192058779,374.379596092324,370.217195963156,370.368877743539,370.543467261516,370.644016845513,370.712852037634,370.793582075196,370.925451292061,371.142329662516,371.473795822315,371.945785931439,372.578422619258,373.381189572032,374.342128994259,375.116004988111,374.358332577899,373.474240599657,372.645803611919,371.856462152687,371.086395820429,370.321171672494,369.551883572676,368.773668951081,367.984269897386,367.182868356223,366.369344132943,365.543868594501,364.706680366914,363.858020554079,362.998143117601,362.127336393454,361.24599660622,360.35465972653,359.45402981065,358.544960040548,357.628484057463,356.705752143486,355.778015675607,351.109735044587,346.497608665719,342.040595847516,337.785165525429,333.745471703256,329.920884910852,326.306236172525,322.896292285699,319.686941257585,316.674736153113,313.855991509605,311.225941404891,308.778291758176,306.505090389603,304.396983988665,302.443706127705,300.634708462883,298.959861705825,297.409985297933,295.97725114757,294.655385126739,293.439740982801,292.327310452399,291.316710261902,290.408199753653,289.603657549313,288.906429204064,288.320731979741
86,385.519921673758,374.335214024036,370.153334288647,370.299827437396,370.474197865786,370.574752225209,370.643679357637,370.724521896075,370.856557580759,371.073736112813,371.405767122188,371.878717248746,372.512861689292,373.317813314515,374.281642548102,375.058260154777,374.304078523917,373.421986212931,372.59490749051,371.806403172358,371.036762626605,370.271625612927,369.50216943355,368.72358011311,367.933625027284,367.131495069142,366.31707017831,365.490519274125,364.652080080342,363.801997453016,362.94053475931,362.06799598915,361.184798754038,360.29150477876,359.388846656969,358.47770664545,357.559146992353,356.634344154089,355.704572499643,351.027186533806,346.408254487409,341.946563264946,337.688119583057,333.646697001269,329.821401192575,326.206871160036,322.797716499356,319.589685088433,316.57920253296,313.762469789237,311.134622126075,308.689281511981,306.418425539469,304.312644296054,302.361625018807,300.554803328986,298.882024967396,297.334112798537,295.903248155045,294.583172920922,293.36926051642,292.258523561269,291.249598852868,290.342762642333,289.539903061541,288.844359145381,288.260308122942
87,385.495788259718,374.291260071591,370.090094597753,370.231398141375,370.405543543101,370.506101081094,370.575110263411,370.656061262823,370.788259829675,371.005738330695,371.338324526108,371.812226522602,372.447862160415,373.254989069889,374.221689474523,375.001031077918,374.250309280248,373.370184856327,372.544453065574,371.756773699375,370.987530061696,370.222478067111,369.452845986916,368.673875436568,367.883358488645,367.080491606619,366.265164287239,365.437533896263,364.597840853447,363.746334050165,362.883286935994,362.009019520587,361.123971125762,360.228729410257,359.32405552428,358.410860658634,357.490235391856,356.563381974706,355.63159732436,350.94522904402,346.319605699786,341.853326286733,337.591935689282,333.548831025035,329.722856737469,326.108462646674,322.70010353657,319.493389334716,316.484620166838,313.669885144035,311.044222164312,308.601170395923,306.33263811505,304.229159524391,302.280380049003,300.47570802702,298.804976250032,297.259007310126,295.829992023354,294.511688238405,293.29948885711,292.190427187171,291.183159792319,290.277979491,289.476783442529,288.782903669876,288.200476726473
88,385.47178827906,374.247723471578,370.027462285651,370.163575899592,370.337490529188,370.43804513434,370.507131285532,370.588186792606,370.720544726038,370.938319132134,371.27145490658,371.746300778302,372.383421867289,373.192698888015,374.162257588291,374.944305837362,374.19701354939,373.318841099959,372.494420145775,371.707556303734,370.938704284608,370.17371975611,369.403904136684,368.624545974609,367.833461462873,367.029855499621,366.213617918982,365.384904079012,364.54395440042,363.691022310108,362.826391784289,361.950399278884,361.063506134468,360.166326108487,359.259643299434,358.344414523513,357.421741564983,356.492857701865,355.559081958915,350.863852131284,346.23164916242,341.760869402394,337.496596483954,333.451853122675,329.625231881656,326.010990376412,322.603432840027,319.398033370429,316.390968540824,313.578217305128,310.954721590106,308.513935819903,306.247704042064,304.146511094155,302.199949197712,300.397404909598,298.728698381171,297.184652122054,295.757466487947,294.440915230741,293.230410584494,292.123006313747,291.117378463286,290.213836062943,289.414284872515,288.722049400542,288.141224884796
89,385.447918328181,374.204593850933,369.965423251756,370.096347226062,370.270025522312,370.370571247224,370.439729406933,370.520885552193,370.653399404556,370.871465727421,371.205145578011,371.680927478444,372.319523216021,373.130941494265,374.103335118276,374.888072919668,374.144180410386,373.267936952256,372.444813845762,371.658741465955,370.890268349381,370.125341718402,369.355335098062,368.575583083004,367.783925433613,366.979575268988,366.162422827652,365.33262173096,364.490412808645,363.636054477567,362.769841714741,361.892127822345,361.00339645358,360.104287614758,359.19561386144,358.27836092747,357.353658062395,356.422763673823,355.487018456965,350.783045646946,346.144372115466,341.669177565383,337.402085142005,333.355748988849,329.528507587589,325.914434744405,322.507684517747,319.303597234062,316.298227810235,313.487446666359,310.86610112658,308.427564994982,306.163614762161,304.064680987302,302.120314931312,300.319876909602,298.653174753037,297.111031073322,295.685655819183,294.370838585099,293.162010785237,292.056246418076,291.05224072706,290.150318608476,289.352394022973,288.661783400706,288.082540117771
90,385.424175130974,374.161861208599,369.903957949252,370.029699083859,370.203135662776,370.303666718293,370.372892042817,370.45414503802,370.586811427069,370.805165752224,371.13938427711,371.616094503519,372.256154282261,373.069699854968,374.044910688967,374.832321200132,374.091799325052,373.217462360456,372.395617137511,371.610312379849,370.842213368961,370.077335295627,369.307130381659,368.526978409914,367.734742173244,366.929642813531,366.111571048983,365.280679037868,364.437208418568,363.581423064707,362.713627813624,361.834197964295,360.943635004983,360.042606912639,359.131954680039,358.212692790851,357.285977665729,356.353092460086,355.415399106179,350.702799726028,346.057762164701,341.578232699455,337.308385351035,333.260499190088,329.43266541743,325.818776769274,322.412839314416,319.210061627708,316.206378770545,313.397554255408,310.77834212106,308.342036615258,306.080347517058,303.983651789242,302.041460286,300.24310751482,298.578389297982,297.038128528572,295.614544798967,294.301443483113,293.094275030866,291.990133449447,290.987732905582,290.087413824238,289.29109795536,288.602093154775,288.024410352077
91,385.400555532697,374.119515898371,369.843064971199,369.96361886537,370.136808513534,370.237319263212,370.30660702171,370.387953157289,370.520768765177,370.739407248953,371.074159144328,371.551790133498,372.193303535446,373.008962681438,373.98697330297,374.777039925477,374.039860112348,373.167407609639,372.346820752374,371.562275209006,370.794530754264,370.029692119157,369.259281783668,368.478723882998,367.685903730038,366.880050304676,366.061054887833,365.229068451317,364.384333838461,363.527120798175,362.657746161733,361.776602761492,360.884214947742,359.981277216947,359.068658967517,358.147403256604,357.218693377456,356.283836851485,355.344216418461,350.623104776213,345.97180726733,341.488027551365,337.215481291732,333.166086663949,329.33768750785,325.723998066626,322.318878584245,319.117407840875,316.115402829918,313.30852170656,310.691426518198,308.257332993212,305.997885024334,303.903406644676,301.963368843158,300.167080743951,298.504326465133,296.965929351712,295.544118698547,294.232715586774,293.027189356799,291.924653808843,290.923841760478,290.025108834279,289.230384166347,288.542966529308,287.966823903552
92,385.377056494223,374.077548612606,369.782725773112,369.898089789635,370.07103204186,370.171516996724,370.240862567535,370.32229821028,370.455259781392,370.674178649072,371.00945870632,371.488003030519,372.130959821685,372.948719054802,373.929512324512,374.722218697615,373.988352921441,373.117763307896,372.298408995568,371.514613919362,370.747204606337,369.982404097357,369.211781370952,368.430811697143,367.63740241615,366.830790174525,366.010866906385,365.177782675818,364.331781924599,363.473140778928,362.602188345717,361.719335503277,360.825129667498,359.920291963462,359.005720152359,358.082485680485,357.151798411311,356.214989850733,355.273463120605,350.54395146739,345.886495718452,341.398544924473,337.123357615809,333.072494900898,329.243556546085,325.630080824021,322.225784265218,319.025614976157,316.025281983175,313.220331234884,310.605336834507,308.17343700221,305.916210550131,303.823929233698,301.88602469149,300.091781123928,298.430971198065,296.894418901392,295.474363251787,294.164641012182,292.960740242544,291.859794329605,290.860554474169,289.963391171551,289.170240549054,288.484391846889,287.909769460531
93,385.35367508659,374.035942420613,369.722928056023,369.833109162463,370.005794601989,370.10624841548,370.175647282647,370.257168873366,370.390273212377,370.60946875639,370.945271859353,371.424722222403,372.069112347527,372.888958409977,373.872517463801,374.667847458261,373.937268225246,373.068520372226,372.25038653381,371.467320201768,370.700241917843,369.935463403593,369.16462146998,368.383234302903,367.589230796158,366.781855104553,365.960999912926,365.126814658303,364.279545773462,363.419476202256,362.546947753711,361.66238970126,360.766372766403,359.859644799124,358.943131869731,358.017927991964,357.085286183309,356.146544663586,355.203132145491,350.465330721674,345.801816138234,341.309771455998,337.031999428386,332.979707887503,329.15025574732,325.537007777257,322.133538854884,318.934671035963,315.93599878715,313.132965611784,310.520056134263,308.090332052869,305.83530788602,303.745203749222,301.809412468284,300.017193668431,298.358308914853,296.823582979888,295.405264662184,294.09720631224,292.894914592863,291.795542259159,290.797858632171,289.902248761103,289.11065537744,288.426357717552,287.853236068076
94,385.330408485909,373.99470436089,369.663659923249,369.768661030609,369.941084918707,370.041502381852,370.110950131773,370.192554183087,370.325798153211,370.545266731249,370.881587853591,371.36193708714,372.007750664618,372.829670520596,373.815978762224,374.613916474338,373.886596805998,373.019670015245,372.202738385279,371.420386017393,370.653627486354,369.888854888448,369.117794655738,368.335984395551,367.541381676235,366.7332380149,365.911446951295,365.076157577797,364.227618708227,363.366120536822,362.492017991881,361.605759079582,360.707938053635,359.799329572799,358.880887952514,357.95373511186,357.019150303159,356.078494690419,355.133216623727,350.387233703988,345.717757459372,341.221694163508,336.941392271037,332.88771008686,329.057768833152,325.444762187825,322.042125387094,318.844556251794,315.847536326731,313.04640814184,310.435568006683,308.008002070602,305.755161327032,303.667214875534,301.7335172345,299.943303857502,298.286325486517,296.753407839866,295.33680953772,294.030398458346,292.82969972001,291.731885241698,290.735742206193,289.841669903681,289.051617290412,288.368853138308,287.797213075875
95,385.307253968487,373.953818283012,369.604909863173,369.704734327027,369.876892071769,369.977268108606,370.046760426795,370.12844352098,370.261824042353,370.481562075551,370.818396278206,371.29963733752,371.946864655142,372.77084548474,373.759886578337,374.560416324198,373.836329742066,372.971203732579,372.155456437177,371.373803586242,370.607353790492,369.842586216365,369.071286363335,368.289054904704,367.493848093938,366.684932054243,365.862201290895,365.025804835169,364.175994269685,363.313067464775,362.43738892001,361.549437565682,360.649819536417,359.739340326547,358.818982422788,357.889895443492,356.953384566189,356.010833518276,355.063709875743,350.309651813009,345.634308916592,341.134300430353,336.851522102236,332.79648641993,328.96607999273,325.353327821579,321.951527410167,318.755254133903,315.759878239036,312.960639476412,310.351856544267,307.926431474391,305.675755650885,303.589947767977,301.658324535604,299.870097618297,298.215007219742,296.683880157085,295.268984909859,293.964204815822,292.765083326857,291.668811301723,290.674193538189,289.781643260165,288.993115276699,288.31186744502,287.741690288514
96,385.28420890631,373.913276088505,369.546666732945,369.641318330185,369.813205481157,369.913535144289,369.983067812309,370.064826599314,370.198340647365,370.418344618509,370.755687047281,371.237813009606,371.886444518058,372.712473711332,373.704231623732,374.507337884554,373.786458395452,372.923113290914,372.108530392376,371.32756537619,370.56141354801,369.796642869271,369.025104234726,368.242438984487,367.446623308466,366.636930590229,365.813256417112,364.975750044154,364.124666207479,363.260310872726,362.383062414987,361.493416997202,360.592011411504,359.67967128734,358.757409483821,357.826403106545,356.8879829457,355.943554913315,354.994605404298,350.232576672636,345.551460033805,341.047577991823,336.7623752831,332.706022247498,328.87517209199,325.262688928458,321.861728966148,318.666748690129,315.673008615656,312.875650219809,310.268906322235,307.845600102249,305.597076098237,303.513388033968,301.583820344294,299.797561306723,298.14434083846,296.614987012879,295.201778204669,293.898613160025,292.701053490885,291.606308828505,290.613201325159,289.722157836815,288.935138660523,288.255390298553,287.686657675006
97,385.261270762696,373.873069948749,369.488919743039,369.578402649839,369.750014893061,369.850293359458,369.919862251966,370.001693447401,370.135338051332,370.355604503203,370.6934503864,371.176454445758,371.826480755994,372.654545907322,373.649004751059,374.454672318057,373.736974400014,372.875390716703,372.061957435037,371.281664092632,370.515799705807,369.751017972704,368.979234304546,368.19613000421,367.399700791469,366.589227200313,365.76460602232,364.925987022302,364.073628471343,363.207844843106,362.32902877491,361.437696233262,360.534508057115,359.62031685922,358.696163512168,357.763252391821,356.82293405402,355.876652813664,354.925896887329,350.156000123766,345.469200614668,340.961514921942,336.673938561377,332.616303353002,328.785033918821,325.172830223214,321.772714571021,318.579024405358,315.586912039957,312.791422015087,310.186702379054,307.765503324418,305.519108353934,303.437514296131,301.509991070775,299.725681690086,298.074313466993,296.546715878182,295.135177227327,293.83361160519,292.63759864899,291.544366561259,290.552754604784,289.663202971276,288.877677088032,288.199411671658,287.632105567594
98,385.238437088244,373.833192293356,369.431658442589,369.515977213487,369.687310366624,369.787532933556,369.857134015466,369.939034398727,370.072806640046,370.293332173778,370.631676819956,371.115552284588,371.766964162853,372.597053065464,373.594197245508,374.402411061552,373.687869650213,372.828028285405,372.015727951249,371.236092668685,370.470505430471,369.705704865915,368.933669987926,368.15011404735,367.353074218316,366.541815663126,365.716243997411,364.876509782525,364.022875202798,363.155663646007,362.275282388633,361.382267494315,360.477304025306,359.561271615883,358.635239051481,357.700437754396,356.75824317536,355.810121322642,354.85757817124,350.079914216575,345.387520732221,340.876099620875,336.586199056771,332.527315926086,328.695649187589,325.083736867107,321.684469195925,318.492066222544,315.501573551773,312.707940090785,310.105230197899,307.686121953808,305.441838528015,303.362327759918,301.436823524663,299.654445930589,298.004912613994,296.479054597934,295.069170146967,293.769188632784,292.574707575197,291.482973575142,290.492842741723,289.604768319279,288.820720514368,288.143921836475,287.578024587
99,385.215705516969,373.793635799174,369.374872705478,369.454032253581,369.625082261326,369.725244342478,369.794873666222,369.876840078704,370.010737089791,370.231518363297,370.570357159125,371.055097448371,371.707885812064,372.539986452756,373.539800608151,374.350545814918,373.639136290491,372.781018511306,371.969834695782,371.190844255851,370.425524099302,369.660697093173,368.888405075502,368.104399719944,367.306737459805,366.494689950295,365.66816442364,364.827312525089,363.972400727244,363.103761731426,362.221817820602,361.327125438215,360.42039403473,359.502530293631,358.574630804185,357.637953806989,356.693896935005,355.743954702304,354.789643264425,350.004311183459,345.306410719212,340.791320802958,336.499144246928,332.439042746106,328.607003865542,324.995394450484,321.596978249347,318.405859524702,315.416978629428,312.625190099152,310.024475689072,307.607442191937,305.365253144188,303.287807949757,301.364304905036,299.583841569652,297.936126157159,296.411991376215,295.003745482206,293.705333064291,292.512369402511,291.422119267888,290.433455414659,289.546843842012,288.764259191389,288.088911352682,287.524405631131
100,385.193073762663,373.754393379863,369.318552717129,369.392558295336,369.563321224965,369.663418346733,369.733072049665,369.815101393002,369.949120355742,370.17015408221,370.509482490346,370.9950811317,371.649237045328,372.483337599451,373.48580659753,374.299068530442,373.590766705146,372.734354137842,371.924270747746,371.14591221514,370.380846313506,369.615988395487,368.843433359835,368.058973643858,367.260677125432,366.447844218676,365.620361564939,364.778389630023,363.92219954647,363.052133721893,362.168629803602,361.27226488681,360.363772963766,359.444087784739,358.514333625936,357.575795313606,356.629894717381,355.678147367324,354.722086331219,349.929183529757,345.225861158921,340.707167457141,336.412761954108,332.351478328306,328.519084316574,324.90778897624,321.510227560107,318.320390117744,315.333113172613,312.543158144753,309.944425173236,307.529450642638,305.289339114861,303.213942106219,301.292422785141,299.513856513023,297.867942328777,296.345514762128,294.93889208742,293.642034047927,292.450573548476,291.361793347106,290.374582603933,289.48941979411,288.70828365601,288.034371056179,287.47123986434
