p_bar,of_1,of_1_5,of_2,of_2_5,of_2_6,of_2_7,of_2_8,of_2_9,of_3,of_3_1,of_3_2,of_3_3,of_3_4,of_3_5,of_3_6,of_3_7,of_3_8,of_3_9,of_4,of_4_1,of_4_2,of_4_3,of_4_4,of_4_5,of_4_6,of_4_7,of_4_8,of_4_9,of_5,of_5_1,of_5_2,of_5_3,of_5_4,of_5_5,of_5_6,of_5_7,of_5_8,of_5_9,of_6,of_6_5,of_7,of_7_5,of_8,of_8_5,of_9,of_9_5,of_10,of_10_5,of_11,of_11_5,of_12,of_12_5,of_13,of_13_5,of_14,of_14_5,of_15,of_15_5,of_16,of_16_5,of_17,of_17_5,of_18,of_18_5,of_19,of_19_5,of_20
1,2767.1708003412,3186.36147672801,3401.29465759626,3516.45635043334,3568.14632166614,3613.12848406057,3652.1392772755,3686.14876450156,3716.06356284351,3742.63671969613,3766.46206887098,3787.9888143952,3807.52786183351,3825.23671857455,3841.09089282663,3852.38949080618,3830.84129609667,3806.92352495173,3781.04387787908,3753.12629308019,3723.1431615155,3691.16167417405,3657.38416510039,3622.17179442158,3586.02944416474,3549.54484427387,3513.29697154161,3477.77201318647,3443.31796024241,3410.14104500551,3378.33024520815,3347.89155729363,3318.77864824436,3290.9163448713,3264.21638623571,3238.58715731088,3213.93930388173,3190.18841909885,3167.25662139897,3062.61051903023,2970.16798656831,2885.69948892589,2806.5104066992,2730.97696986413,2658.48341774849,2589.50277899915,2525.40183484097,2467.65607266777,2416.94751092047,2372.94934803411,2334.7430576687,2301.2798741474,2271.62103105644,2245.00443850459,2220.83427462976,2198.64873732508,2178.08720942928,2158.86337946395,2140.74439133138,2123.53523151057,2107.06703808405,2091.18816526631,2075.7570573198,2060.63611225194,2045.68581244398,2030.75820836825,2015.68918300628
1.01325,2767.84574679378,3187.61284601788,3402.76630174915,3518.16957183901,3569.91503437871,3614.95758961516,3654.02749521,3688.0916837125,3718.05556553833,3744.67184229366,3768.53422345265,3790.0916446636,3809.65438988168,3827.37899578877,3843.24012635332,3854.53060951763,3832.93699818569,3808.96421968288,3783.02467050265,3755.04322771626,3724.99381761219,3692.94596073546,3659.10500390275,3623.835297504,3587.6442475523,3551.12066533621,3514.84294236771,3479.29547144229,3444.8240201919,3411.63279858374,3379.80925932345,3349.35839868633,3320.2333026558,3292.35850660767,3265.64563869674,3240.00307637929,3215.34151232517,3191.57660957185,3168.63056547903,3063.91239976097,2971.40140920944,2886.87428848766,2807.64364744881,2732.09594488726,2659.62683265899,2590.71384689803,2526.71084666145,2469.06588109841,2418.43778375559,2374.49212191398,2336.31372743953,2302.86035546153,2273.19902563509,2246.57183719078,2222.38578831304,2200.18093335511,2179.59787100813,2160.35108342665,2142.20822097756,2124.97457268514,2108.48142600025,2092.57716208538,2077.12014719233,2061.972603783,2046.99473783127,2032.03820767628,2016.93835948743
2,2800.33375120728,3250.75574223015,3479.03334421366,3607.90945540995,3662.51569569597,3710.72933149874,3752.95045501317,3789.95959478855,3822.57911406023,3851.52878774524,3877.38430947506,3900.57053043642,3921.3559203865,3939.84019879369,3955.95411182462,3966.62529641156,3942.51049307597,3915.4591204291,3886.18458970434,3854.68160697356,3821.02930107004,3785.44292386479,3748.29939779727,3710.12344973103,3671.52652842266,3633.11479183392,3595.40377579434,3558.76910049981,3523.44033344851,3489.52479628433,3457.04065516831,3425.94920887666,3396.17925194224,3367.64382844771,3340.25092655846,3313.90969825586,3288.533893476,3264.04333692212,3240.36437026104,3132.01366570365,3036.23645027362,2949.20504672228,2868.68236237311,2793.54088728716,2723.47380511086,2658.71092689618,2599.68053886246,2546.65544882189,2499.517275878,2457.76000596405,2420.66353662685,2387.4745967076,2357.51205911737,2330.20359994313,2305.08442503458,2281.78113001069,2259.99240566421,2239.4710894692,2220.00948817885,2201.4272982622,2183.56224917074,2166.2626058088,2149.38082037143,2132.76772357386,2116.26632830471,2099.70442395357,2082.88467076102
3,2817.43336854195,3286.72776051468,3524.55107982217,3662.51417746727,3718.8220466629,3768.97050680956,3813.15896277358,3852.03593526529,3886.35339385187,3916.79553259884,3943.91416049055,3968.10787938941,3989.60932176389,4008.47751241245,4024.61543398657,4034.68945919061,4008.89370773761,3979.76907761933,3948.27196852084,3914.4645266528,3878.51561888014,3840.75024787712,3801.65473133371,3761.83403933012,3721.92779313152,3682.51590559945,3644.05078467797,3606.83426388659,3571.03013047532,3536.69641474901,3503.81903977192,3472.3400277373,3442.1785005244,3413.24352991856,3385.44283612819,3358.68691127039,3332.89201099213,3307.98082546541,3283.88282856852,3173.56046817096,3076.25635455197,2988.45020735144,2908.16700570727,2834.37670829916,2766.57777257838,2704.53986562707,2648.15769159121,2597.3008955226,2551.67354764181,2510.78470336918,2474.02750355528,2440.78120087847,2410.47912343206,2382.63614041495,2356.85036273577,2332.79269505373,2310.1925283031,2288.82357578476,2268.4912749387,2249.02264031632,2230.25777886005,2212.04310680532,2194.22542943306,2176.64616648826,2159.13487019797,2141.50099827361,2123.52258661498
4,2828.52844308385,3311.32988593179,3556.74589353152,3701.70989077376,3759.2252909756,3810.76463873849,3856.38745569029,3896.64030022428,3932.215491194,3963.76322573605,3991.81131073654,4016.73264404567,4038.72861956035,4057.82505206334,4073.90342721198,4083.42310976661,4056.34583357499,4025.63414643962,3992.45166838914,3956.92298643293,3919.29414562765,3879.97546584337,3839.52806609153,3798.60026032999,3757.8328684326,3717.7712953002,3678.81565178875,3641.21486438645,3605.08951843326,3570.4672222003,3537.31460800314,3505.56301624637,3475.1264377268,3445.91266713452,3417.82948957441,3390.78933008713,3364.71041012885,3339.51782571744,3315.14347631492,3203.5968842546,3105.52722302556,3017.63791898428,2938.06080152075,2865.66866875012,2799.67411150171,2739.50441681182,2684.77675974574,2635.19530025562,2590.41139370462,2549.96530954752,2513.32280839798,2479.94258237507,2449.32672996367,2421.04386368817,2394.73194047496,2370.09066530158,2346.86978732843,2324.85684431901,2303.86604230489,2283.72872398855,2264.28584420914,2245.38147506164,2226.85717732684,2208.54624281389,2190.26692027325,2171.81348581223,2152.94353176973
5,2836.54797893839,3329.82615243967,3581.609132099,3732.351196805,3790.80492403261,3843.4330336929,3890.18987726321,3931.53879825379,3968.12012755653,4000.55244065999,4029.3399793229,4054.83140215177,4077.19946699392,4096.44175644803,4112.42121387295,4121.42341967127,4093.29802396786,4061.28675095118,4026.73584274351,3989.82781190933,3950.87602127768,3910.35966392579,3868.8930038091,3827.14767056858,3785.75411718561,3745.22364151139,3705.91272699818,3668.03032585249,3631.66583307953,3596.82581404249,3563.46427407127,3531.50580821618,3500.86125880895,3471.43779157594,3443.14429892348,3415.89459587944,3389.60893296474,3364.21434529035,3339.64488533784,3227.2961067404,3128.87504743178,3041.23594228134,2962.51038712105,2891.39347782346,2826.83356692673,2768.02762732462,2714.44269583699,2665.70685226378,2621.45672555932,2581.26198947791,2544.63973262264,2511.10303925206,2480.20152911407,2451.54159228098,2424.78978483584,2399.66685829235,2375.93761468511,2353.39983448859,2331.87397442618,2311.1943800213,2291.20195237756,2271.73827479422,2252.64002656832,2233.73326304314,2214.82631470587,2195.70027552979,2176.09516299272
6,2842.72640074202,3344.52964566588,3601.82576599151,3757.53051412712,3816.75285161669,3870.27703942155,3917.97402780264,3960.23721073181,3997.66054309363,4030.83319644633,4060.23670446288,4086.19660362276,4108.85928561958,4128.19713767201,4144.05636824701,4152.57188613285,4123.55343765741,4090.43506475236,4054.72764613081,4016.66754738159,3976.62753564222,3935.14330985113,3892.86795624031,3850.4845217428,3808.60790870865,3767.71708257606,3728.13251659999,3690.03076597462,3653.47828509858,3618.46574624408,3584.93822999023,3552.81555963878,3522.00688677997,3492.41933603086,3463.96276325732,3436.55247767813,3410.1104558817,3384.56567788125,3359.85392525935,3246.97443883278,3148.45534382022,3061.2405153354,2983.39182112994,2913.40287285899,2850.00433981808,2792.24119134457,2739.49679925174,2691.36277721017,2647.475040568,2607.42871911091,2570.77958311297,2537.08103251606,2505.91828896516,2476.92633294474,2449.79380227045,2424.25790074242,2400.09528194923,2377.11176163313,2355.13259321445,2333.99413232963,2313.5368514924,2293.59977808386,2274.01499879667,2254.60197556914,2235.16018611718,2215.45897075127,2195.22273757989
7,2847.69262861488,3356.65868345253,3618.83344069576,3778.91283155351,3838.7872203519,3893.07354439786,3941.57487791221,3984.62407121823,4022.77339607693,4056.58436814375,4086.51675691271,4112.87400957312,4135.777956431,4155.17789147171,4170.90464318741,4178.9591895047,4149.159163368,4115.07299238638,4078.36190062405,4039.31269012475,3998.35107801944,3956.05952286934,3913.12037846064,3870.22002509844,3827.95570451688,3786.77652337838,3746.97206549323,3708.69319687606,3671.98751340487,3636.8339904293,3603.1705318798,3570.91400903396,3539.97239594521,3510.25309368442,3481.66700459659,3454.13083731043,3427.5681865306,3401.90970216675,3377.09295704304,3263.8712920553,3165.41953484747,3078.72110513854,3001.72547931483,2932.72797329342,2870.28759207238,2813.34973207145,2761.25075526331,2713.5653802459,2669.93448213889,2629.97500598652,2593.27316205347,2559.41389559221,2528.01038846157,2498.72054125403,2471.2507538753,2445.35168571241,2420.80971097432,2397.43719363199,2375.06318368671,2353.52543686928,2332.66372551256,2312.31447641166,2292.30550465656,2272.45018764217,2252.53991084377,2232.33337217741,2211.54088071017
8,2851.80746807468,3366.93202080793,3633.49228956466,3797.49950535186,3857.94078846833,3912.89086524565,3962.09580062011,4005.83549652249,4044.62419290954,4078.997264463,4109.39367329754,4136.09573262762,4159.20190103947,4178.64041484363,4194.22725424207,4201.84300075799,4171.34563950533,4136.3976850897,4098.79897277673,4058.88375485024,4017.12513621832,3974.14504784145,3930.64719215552,3887.3167529136,3844.73213536935,3803.31544695978,3763.32946085256,3724.90348962226,3688.07000363952,3652.79857172056,3619.02177401262,3586.65412108292,3555.60298649347,3525.77620016411,3497.08571918399,3469.44965025429,3442.79307814196,3417.04819338211,3392.15403780886,3278.72788211464,3180.4555745274,3094.31989768291,3018.13363448418,2950.00912885309,2888.372794787,2832.10535199096,2780.5176144397,2733.17772236149,2689.7338146921,2649.8216122872,2613.05214362638,2579.03589580829,2547.40892622255,2517.84801991823,2490.07445637506,2463.85020829972,2438.969851351,2415.25123145467,2392.52647821648,2370.63429274654,2349.41360818388,2328.69825421861,2308.31199029607,2288.06254377082,2267.73383636711,2247.07479580062,2225.78284001119
9,2855.29557172579,3375.80816809763,3646.35802777916,3813.94042737455,3874.88368387378,3930.42196770602,3980.25284923339,4024.60900381248,4063.96972865942,4098.84573808376,4129.65587566976,4156.66214353358,4179.94099830476,4199.40070685354,4214.84323357539,4222.03928574139,4190.91092853554,4155.18492591872,4116.79016069765,4076.10532828927,4033.64656774073,3990.06899059051,3946.09193501082,3902.39636275642,3859.54159911911,3817.924987034,3777.78593822798,3739.23538553548,3702.29372025366,3666.92206366829,3633.04940014531,3600.5883504195,3569.44593271562,3539.5306024101,3510.75535947123,3483.03961422256,3456.30985427245,3430.49968412514,3405.54951648167,3292.02284405515,3194.00763824224,3108.45417391162,3033.0267808371,2965.67453241011,2904.7228097159,2849.01122560026,2797.83804917527,2750.77055077521,2707.46499682092,2667.5733231351,2630.72733060866,2596.55887397815,2564.72314343873,2534.91295057842,2506.8623056758,2480.34292389831,2455.15644996418,2431.12540759071,2408.08447941104,2385.87297088355,2364.3288332305,2343.28338236065,2322.55650627357,2301.95063556471,2281.24274647944,2260.17271557554,2238.42605957696
10,2858.30561083924,3383.59693175901,3657.81046707039,3828.68164397513,3890.07567484441,3946.14244204721,3996.53744776821,4041.45091347564,4081.32979006089,4116.66133888323,4147.84501617207,4175.12329939936,4198.55162420847,4218.019350136,4233.31497601696,4240.10807134037,4208.40235024137,4171.96645250654,4132.8497304594,4091.47323123815,4048.39159225418,4004.28848042424,3959.89450813861,3915.88395632445,3872.79753336555,3831.00982409188,3790.73957629397,3752.08238537819,3715.0473825013,3679.58989141152,3645.63537996354,3613.09513732631,3581.87614831177,3551.8875040395,3523.04325103576,3495.26404032386,3468.47766896533,3442.6190379608,3417.6297985215,3304.08318837467,3206.37939993177,3121.41139427806,3046.69155846014,2980.02623756402,2919.66461911019,2864.42159447644,2813.59076279534,2766.74184248654,2723.53936840975,2683.64948360344,2646.72172304644,2612.40608579316,2580.37425721825,2550.33282156465,2522.02697086678,2495.23689029986,2469.7704367848,2445.45420152787,2422.12494793565,2399.62241790964,2377.78344180912,2356.43688368064,2335.39893691798,2314.4670385659,2293.41165937683,2271.96422633895,2249.79918981472
11,2860.94053082173,3390.51705849619,3668.1206729915,3842.04261688808,3903.84626656089,3960.39296328264,4011.30166419592,4056.72405091925,4097.0768737437,4132.82510295038,4164.34949057676,4191.87360152403,4215.43273468207,4234.89827157922,4250.04555956792,4256.4505214809,4224.21197317718,4187.12269455318,4147.34558927605,4105.34148665213,4061.70021843775,4017.12980867314,3972.36864964821,3928.08305131685,3884.79530771333,3842.85924614792,3802.47528739722,3763.72537772193,3726.60954090305,3691.07781065587,3657.05290871615,3624.44520611769,3593.16174675801,3563.11232052953,3534.21199975334,3506.38261394715,3479.55318004371,3453.65979158287,3428.64520857922,3315.14223050422,3217.78776122929,3133.39860354849,3059.33697553567,2993.28613976301,2933.43866705938,2878.5958134028,2828.05183861971,2781.38065395352,2738.25490120309,2698.35329331233,2661.34073925895,2626.88297541119,2594.66602786303,2564.40863956054,2535.86582903273,2508.82535913123,2483.10059093932,2458.52163217821,2434.92706905414,2412.15683894661,2390.04660076666,2368.42281882225,2347.09815007931,2325.86530224679,2304.48861576496,2282.6915862716,2260.13831446008
12,2863.27434567359,3396.72861918708,3677.48884865197,3854.26026994119,3916.43943271488,3973.42594179157,4024.80646630411,4070.69741687509,4111.48727879279,4147.6197281633,4179.45743403991,4207.20564250869,4230.88028218746,4250.33551912854,4265.33385719827,4271.36393386643,4238.63011240268,4200.93530298506,4160.54954046642,4117.97178654516,4073.82356073986,4028.83390196569,3983.74632479327,3939.21788692973,3895.75329900786,3853.68726673436,3813.20389180572,3774.37267121175,3737.18623711928,3701.58987025044,3667.50425342052,3634.83891650761,3603.50113912528,3573.40143552856,3544.45587693229,3516.58741016687,3489.72618791771,3463.80939170455,3438.78077459708,3325.3722768008,3228.39325553432,3144.57030556963,3071.12068902661,3005.62252866605,2946.22706846231,2891.72987222181,2841.42905467469,2794.90384159058,2751.834626665,2711.91134149016,2674.81240200167,2640.21737450833,2607.82494339166,2577.364722863,2548.60047986937,2521.3267997278,2495.36196671506,2470.53923143396,2446.6986945834,2423.68034879438,2401.31860404709,2379.43767666638,2357.84673261968,2336.33401308771,2314.6580570716,2292.53487901861,2269.61885329376
13,2865.36190582684,3402.35199134163,3686.06703940718,3865.51514510019,3928.0412472168,3985.4337944953,4037.25075128943,4083.57604145146,4124.77162414507,4161.26074759767,4193.38856693125,4221.34253944337,4245.11994439154,4264.55835156944,4279.40767916957,4285.07472637839,4251.87785284576,4213.61855026416,4172.6687096367,4129.56303146178,4084.95238070145,4039.58372458467,3994.2035284092,3949.45887742903,3905.83759677271,3863.65668610033,3823.08546479676,3784.18271471518,3746.93420076324,3711.28151323453,3677.14332979424,3644.42873561566,3613.0452891903,3582.90424723744,3553.92264864727,3526.0244969691,3499.1409993347,3473.21032747852,3448.17711551352,3334.90412221829,3238.31809684604,3155.04515072188,3082.16490858278,3017.1663655827,2958.17143254498,2903.97554148207,2853.88289148464,2807.47844393976,2764.44999967722,2724.49754870271,2687.31160805112,2652.58393891878,2620.02458742514,2589.37290597443,2560.40059354008,2532.90848369769,2506.71920390609,2481.66887097372,2457.59886052756,2434.34909770138,2411.75274284518,2389.63172437655,2367.79193912846,2346.0173372618,2324.06094568821,2301.63169380284,2278.37478134885
14,2867.24482333346,3407.47995126248,3693.9734270129,3875.94796117878,3938.79667472624,3996.5664351974,4048.78954989742,4095.51985799594,4137.09419799493,4173.91631075665,4206.31437271214,4234.45843384942,4258.32781412148,4277.74404999412,4292.44469080576,4297.75962522544,4264.12748735503,4225.33937545025,4183.86396152276,4140.26989867857,4095.23495337323,4049.52148322764,4003.87714032172,3958.93856551542,3915.17740022429,3872.8943763495,3832.24501016575,3793.27893256122,3755.97572887012,3720.27370749994,3686.08997862192,3653.33338947501,3621.9117354424,3591.73705765225,3562.72732706445,3534.80754405225,3507.9098916732,3481.97343828373,3456.94359224834,3343.83941033417,3247.65757691475,3164.91643990423,3092.56651200256,3028.0217519788,2969.3841686009,2915.45309586775,2865.53999883583,2819.23597507109,2776.23577911476,2736.24854206253,2698.97554805489,2664.11959471559,2631.40095171321,2600.56779367015,2571.3991360423,2543.70136056327,2517.30119537229,2492.03726397571,2467.75204047237,2444.28528106937,2421.46887563249,2399.12251620027,2377.04894843698,2355.02801621394,2332.80749235043,2310.08957375822,2286.51077489291
15,2868.95544466116,3412.18542618592,3701.30163968954,3885.67064256294,3948.82101075784,4006.94309983679,4059.54609475593,4106.65593053753,4148.58564867477,4185.72015765587,4218.37113246875,4246.69180345207,4270.64391693385,4290.03360256437,4304.58615056324,4309.55883855986,4275.51589223277,4236.230338503,4194.26303789856,4150.21504956855,4104.78881518063,4058.75988867351,4012.87566647371,3967.76198922805,3923.87523793054,3881.50069658355,3840.78166356084,3801.75928078412,3764.40776398019,3728.66253674408,3694.43944927351,3661.64713603889,3630.19378717026,3599.9921789979,3570.96118547563,3543.02674293758,3516.12193430875,3490.18665622576,3465.16694743309,3352.25889072181,3256.4875049565,3174.25901285914,3102.40374727519,3038.27292682699,2979.956096877,2926.25933009557,2876.50216500481,2830.2819115867,2787.29987902332,2747.27353152072,2709.91388960254,2674.93374386112,2642.06266550267,2611.05691227532,2581.70216386,2553.80998166822,2527.2107986553,2501.74551249074,2477.25753396334,2453.58636740272,2430.56261821805,2408.00379172084,2385.70959155719,2363.455921522,2340.98553258155,2317.99420497581,2294.11021050641
16,2870.51925497243,3416.52672799502,3708.12717284667,3894.77358952969,3958.20741169651,4016.66012476827,4069.62004066611,4117.08705782588,4159.35164565604,4196.7804574999,4229.66916498474,4258.15464588116,4282.18150763978,4301.54099857234,4315.94620869879,4320.58579795819,4286.1536200245,4246.39835045863,4203.96899490324,4159.49730682535,4113.70870091813,4067.38977978302,4021.28649234117,3976.01407967001,3932.01383358856,3889.55695635659,3848.77551941957,3809.70289898761,3772.30862860806,3736.52557899559,3702.26855073406,3669.44597700401,3637.96675020705,3607.74410789833,3578.69787126764,3550.7548535341,3523.84899033553,3497.9208324879,3472.91705704022,3360.22743728691,3264.86923831258,3183.13392352391,3111.74082523593,3047.98910118175,2989.96171286115,2936.47348181596,2886.85245495447,2840.70219594822,2797.73010862612,2757.6613230601,2720.21572689743,2685.11522528445,2652.09791102544,2620.92748408198,2591.39576479049,2563.31915383429,2536.53144313879,2510.8756086763,2486.19586139416,2462.33138197752,2439.11148321619,2416.35153317943,2393.84829200271,2371.37387629208,2348.66622421341,2325.41498703693,2301.24059229153
17,2871.9567140128,3420.55117628223,3714.51171855413,3903.3310798737,3967.03224646425,4025.79648434933,4079.09306479696,4126.89750516183,4169.47872969446,4207.18585477848,4240.29892819237,4268.93883240116,4293.03356457209,4312.35966331472,4326.61854172723,4330.93347059515,4296.13121211694,4255.93096564772,4213.06617655337,4168.19772362767,4122.07208318277,4075.485434056,4029.1813424301,3983.76412598506,3939.66106275174,3897.12964217154,3856.29207701197,3817.17449999951,3779.74235631564,3743.92630988123,3709.64021445913,3676.79236707202,3645.29229271316,3615.0538311445,3585.99766101546,3558.05144413771,3531.14980028442,3505.23398188019,3480.25113046708,3367.79830359697,3272.853183299,3191.59170800526,3120.63116334584,3057.22789006426,2999.46292653946,2946.16125066198,2896.65967062398,2850.56781926415,2807.59891242805,2767.48512105349,2729.95445879337,2694.73719697347,2661.57928397159,2630.25132572371,2600.5508156972,2572.29865209796,2545.33176046938,2519.49499363001,2494.63324277586,2470.58530616104,2447.17920155718,2424.22820365929,2401.52622471529,2378.84173057435,2355.9080387816,2332.40893175077,2307.95735718938
18,2873.28459135975,3424.29766962103,3720.50635835019,3911.40456227219,3975.35895826918,4034.4177339707,4088.03297150595,4136.1572350812,4179.03887216492,4217.01008540313,4250.33555277397,4279.12066854247,4303.2771705923,4322.56733861254,4336.68084431346,4340.6788170522,4305.52388028252,4264.90095472288,4221.62447960417,4176.38324583153,4129.94309537261,4083.10835906327,4036.61938671231,3991.06960355927,3946.87275503182,3904.27390457023,3863.38572265271,3824.22801425549,3786.7623784381,3750.91755168446,3716.60662971339,3683.73795666472,3652.22153825996,3621.97190662288,3592.91054606877,3564.96581587913,3538.07308627971,3512.17414789052,3487.21653581894,3375.01549103373,3280.48129288153,3199.67472703723,3129.11972625963,3066.03780737633,3008.51178094806,2955.37774848264,2905.98134825575,2859.93812810853,2816.96678500412,2776.80600712804,2739.19129638131,2703.86064616004,2670.56728550254,2639.08823389462,2609.22631857167,2580.80657165372,2553.6689066522,2527.65982450851,2502.62481312218,2478.40223895134,2454.8188233007,2431.68579383527,2408.79429945672,2385.90928389481,2362.75961920151,2339.02345556102,2314.30659934188
19,2874.51630746556,3427.79855037388,3726.15385363471,3919.04574017397,3983.24065751842,4042.57893964013,4096.49669622861,4144.92497717605,4188.09246297841,4226.31491240189,4259.84212767104,4288.76423044684,4312.97709099356,4332.22914302465,4346.19835409841,4349.88660989174,4314.3946203663,4273.36919587149,4229.7024766653,4184.10999838776,4137.37546249205,4090.31005798205,4043.65025746607,3997.9786691325,3953.69609615389,3911.03592162476,3870.10204503671,3830.90842708615,3793.41322166002,3757.54343349644,3723.21155717111,3690.32602886603,3658.79730888435,3628.54073332478,3599.47835215294,3571.53933625658,3544.65965181659,3518.7815707623,3493.85294078921,3381.91590784264,3287.78888686928,3207.41888272015,3137.2447605538,3074.46011709889,3017.1524686264,2964.1696816684,2914.86618446527,2868.86326065726,2825.88478260844,2785.6754964323,2747.97783787805,2712.5369646463,2679.11289962099,2647.48861304238,2617.47197444777,2588.89187354162,2561.5910019096,2535.41737355857,2510.21697836895,2485.82770794971,2462.07499020799,2438.76804777571,2415.6953468778,2392.61842691128,2369.26187470677,2345.29843098227,2320.32708803564
20,2875.66338869912,3431.08098316238,3731.49035860613,3926.29841413749,3990.72248133151,4050.32663743247,4104.53242652558,4153.25051518234,4196.69070341913,4235.15282248122,4268.87214869893,4297.92385144009,4322.18829082423,4341.40032857874,4355.22636575946,4358.61165456215,4322.79681905457,4281.3871815889,4237.34973191158,4191.42545851113,4144.41451209093,4097.13408521554,4050.31593745774,4004.5322321177,3960.17093216339,3917.45484890825,3876.47965018713,3837.25391102511,3799.73266381459,3763.84136841571,3729.49205128676,3696.59325994234,3665.0559800428,3634.79613448688,3605.73653604316,3577.80698994102,3550.94401471203,3525.09029025718,3500.19389822747,3388.53079407606,3294.80600613894,3214.85490112013,3145.03909650149,3082.53023173891,3025.42285417661,2972.57699522646,2923.35575935068,2877.38597416265,2834.39640530548,2794.1374511314,2756.35796393757,2720.80987508429,2687.25944944499,2655.49531399139,2625.33003966014,2596.59617206533,2569.13894879834,2542.80781875562,2517.44917613771,2492.90040124755,2468.98563262538,2445.51209346228,2422.26575040133,2399.00473968626,2375.44954893077,2351.26770923485,2326.05166712914
21,2876.73534299968,3434.16799119476,3736.54670718889,3933.20002974707,3997.8429872512,4057.70074162462,4112.1814250558,4161.17641594142,4204.87737794102,4243.56867092677,4277.471373953,4306.64598259188,4330.95775712079,4350.12814611607,4363.81211644843,4366.90080662475,4330.77609258172,4288.99902608274,4244.60855568021,4198.37013801447,4151.09918764398,4103.61760166769,4056.65225430978,4010.76477782237,3966.33114328762,3923.56410917051,3882.55151526231,3843.29707619328,3805.75298564247,3769.84333953621,3735.47976500653,3702.57099986778,3671.02845641996,3640.76875817674,3611.71535003991,3583.79863950648,3556.95563426711,3531.12935205459,3506.26803399767,3394.88682940382,3301.55843403771,3222.00930714166,3152.5311467473,3090.27878586541,3033.35564210648,2980.63413162964,2931.48587221456,2885.54303814533,2842.53902953769,2802.22953604482,2764.36943149735,2728.71689496218,2695.04414027381,2663.14509179009,2632.83675606527,2603.95512279736,2576.34779926678,2549.865603656,2524.35521203031,2499.65347786877,2475.58325757079,2451.94984872162,2428.53668465131,2405.09870425967,2381.35239861985,2356.96028112875,2331.50851476208
22,2877.7403838696,3437.07924855431,3741.34940779166,3939.78285784774,4004.63539499613,4064.73560225976,4119.47923767239,4168.73937505516,4212.69022301716,4251.60111876133,4285.67930199209,4314.97077263746,4339.32597276068,4358.45332165318,4371.99644593564,4374.79442408604,4338.37172495235,4296.24259752763,4251.51535363944,4204.97888203998,4157.46271869434,4109.79255962143,4062.69002590976,4016.70638337196,3972.20618261513,3929.39248379589,3888.3460390907,3849.06600465082,3811.50198653242,3775.57686637764,3741.20195933333,3708.28616638938,3676.74143037049,3646.48496192362,3617.44082552513,3589.53997687941,3562.71985170722,3536.92373851039,3512.09996778667,3401.00698781156,3308.06848168256,3228.90517685126,3159.74568114575,3097.73247171767,3040.97928442854,2988.37100736939,2939.28752543829,2893.36628511898,2850.34501533408,2809.98434241839,2772.04481067699,2736.29048091805,2702.49912426251,2670.46971553522,2640.02344300583,2610.99955073239,2583.24788604125,2556.62048462574,2530.96428723838,2506.11557966385,2481.89594103349,2458.10878226594,2434.53506946686,2410.92663945374,2386.99611610112,2362.4011898897,2336.72192655865
23,2878.6853403547,3439.83168676678,3745.921413364,3946.07490636561,4011.12853606115,4071.46103148239,4126.456706531,4175.97123427277,4220.16200946745,4259.28374555192,4293.53003905292,4322.93290199266,4347.32809659896,4366.41120681678,4379.81456150287,4382.32755298019,4345.61778809104,4303.15075915193,4258.10160299885,4211.28187506806,4163.5339684893,4115.68664093082,4068.45610055245,4022.38299004563,3977.82134813174,3934.96492530366,3893.88784675168,3854.58504892887,3817.00377275439,3781.06583913304,3746.68217457443,3713.76215547765,3682.2180165814,3651.96755441164,3622.93552274476,3595.05326369306,3568.25862153053,3542.49509065654,3517.71102491405,3406.91119526748,3314.35559824834,3235.56272614391,3166.70443666633,3104.91469786691,3048.31869726114,2995.81378081233,2946.78793321761,2900.88356333861,2857.84257283834,2817.43026709519,2779.41249746195,2743.55885127313,2709.65239169504,2677.49683754734,2646.91735789254,2617.75627934352,2589.86555748285,2563.09835035982,2537.30180725394,2512.31162045862,2487.94810247736,2464.01281315411,2440.28431419045,2416.51142887311,2392.40303421719,2367.61214296652,2341.71301475917
24,2879.57622027163,3442.43998864852,3750.28272808721,3952.10064066727,4017.34759383486,4077.90306887366,4133.14077469711,4182.89984062422,4227.32135660508,4266.64587710447,4301.05364290429,4330.5628192022,4354.9948374185,4374.03266947763,4387.29750110558,4389.53070119035,4352.5440246461,4309.75218753254,4264.39495801271,4217.30543616628,4169.33809972549,4121.32397860448,4073.9734861057,4027.81725055659,3983.19878206045,3940.30321149958,3899.19843234854,3859.87546575829,3822.279385749,3786.33104758218,3751.94117214366,3719.01938484568,3687.47839076091,3657.23653792497,3628.21911623722,3600.35791453672,3573.59108785229,3547.86227723074,3523.11979773235,3412.61685162432,3320.43685169823,3241.99977708291,3173.42660307789,3111.84611517554,3055.39582946762,3002.98546344426,2954.01087412914,2908.11924518773,2865.05644855364,2824.59220802764,2786.49737991013,2750.54677288643,2716.52846430056,2684.25067964047,2653.54237334903,2624.24879813597,2596.22387452673,2569.32186704944,2543.39001061441,2518.26340967104,2493.7611168676,2469.68287689604,2445.8049060274,2421.87309718992,2397.59269441263,2372.61218523301,2346.5002424403
25,2880.41816055846,3444.91693604199,3754.45089010902,3957.88155775262,4023.31469510862,4084.08459318474,4139.55511593335,4189.54958637998,4234.19341975928,4273.71329275997,4308.27637720159,4337.88717758607,4362.35321783833,4381.34487673335,4394.47239401278,4396.43075090411,4359.17655143658,4316.07205244843,4270.4194948544,4223.07265002922,4174.8971799124,4126.7257385707,4079.26274148577,4033.0289802993,3988.35792026846,3945.42646179294,3904.29666800925,3864.95591932409,3827.34732284536,3791.39080273462,3756.99699159708,3724.07575437732,3692.54024796933,3662.30936638174,3633.30887356757,3605.47096141497,3578.73404341635,3553.04184842924,3528.34259362491,3418.13924405248,3326.32731173836,3248.23213128109,3179.92921385428,3118.54503783453,3062.23012194898,3009.90640999704,2960.97740016928,2915.09487009741,2872.008474739,2831.4921209356,2793.32139785436,2757.27606085467,2723.14894952925,2690.75258175736,2659.91951911774,2630.49779760177,2602.34321383889,2575.31097783417,2549.24848228603,2523.99015028063,2499.35380306555,2475.13740350308,2451.11487809552,2427.02926933845,2402.58231245676,2377.41805635377,2351.09985124155
26,2881.21560008713,3447.27375381783,3758.44131825752,3963.43664851355,4029.04938623942,4090.02581477469,4145.72064388959,4195.94209557874,4240.8004256029,4280.50877245694,4315.22148665428,4344.92969184621,4369.42708642863,4388.37180371636,4401.36307220891,4403.05136345857,4365.5384255392,4322.13256731756,4276.19651177683,4228.60387493876,4180.23057830854,4131.91058648264,4084.34188548227,4038.03572292135,3993.31591594558,3950.35155292465,3909.19921366597,3869.84288635487,3832.22384908522,3796.26124972263,3761.86561111118,3728.94706850438,3697.41922494071,3667.2014702,3638.21998810717,3610.40742699834,3583.70229759758,3558.04839743929,3533.39379318088,3423.49187912965,3332.0403575066,3254.27387220985,3186.22746391296,3125.02779225356,3068.83888017433,3016.59466909078,2967.70620807186,2921.82955179095,2878.71801348827,2838.14946889329,2799.90399399118,2763.76604166547,2729.53298781032,2697.02144448584,2666.06741832978,2636.52159736878,2608.24155463291,2581.08338898478,2554.89455858882,2529.50884060466,2504.74281824712,2480.39270519534,2456.23019071339,2431.99554124208,2407.38706539294,2382.04456405121,2355.52620426176
27,2881.97247904855,3449.52032930745,3762.26778985292,3968.78277328178,4034.56905563505,4095.74467564423,4151.65592576816,4202.0965444862,4247.16211061119,4287.05251709144,4321.90963845715,4351.7112767582,4376.23762611212,4395.13473651035,4407.99090917766,4409.41367955363,4371.65010403642,4327.95343285506,4281.74489116657,4233.91715481789,4185.35571563186,4136.89521004032,4089.22689213821,4042.85301668783,3998.08798353848,3955.09345651131,3913.92084979174,3874.55100783801,3836.92345475001,3800.95671121168,3766.56120457147,3733.64734467665,3702.12916830638,3671.92652431169,3642.96603365035,3615.18062824136,3588.50897767346,3562.89486083558,3538.28614226559,3428.68675223786,3337.58792859333,3260.13761203898,3192.33497011259,3131.30899510378,3075.2375797079,3023.0664984263,2974.21398059193,2928.34033281739,2885.20231892426,2844.58158888052,2806.26249839388,2770.03392365564,2735.69761692336,2703.07408996923,2672.00264477057,2642.33650083083,2613.9349133765,2586.65480568057,2560.34366216678,2534.83460112633,2509.94297819683,2485.4632888422,2461.16503670569,2436.78578095276,2412.02049781546,2386.50487183215,2359.79206832879
28,2882.69225526104,3451.66541821013,3765.94243586019,3973.93496949519,4039.88910936271,4101.25717713537,4157.37752120838,4208.03003735132,4253.29608032417,4293.36262843948,4328.35920176434,4358.25063712731,4382.80373875381,4401.6526664215,4414.3748622459,4415.53638663012,4377.52982052074,4333.55220236386,4287.0814513131,4239.02851626881,4190.28785952281,4141.69406568779,4093.93201076817,4047.49470425704,4002.68768025626,3959.66543708072,3918.4747712842,3879.09326834752,3841.45895837449,3805.48995117818,3771.09639987936,3738.18907274063,3706.68242183228,3676.49673021733,3647.55900311985,3619.80242403773,3593.16577204347,3567.59275582292,3543.03099035301,3433.73456793826,3342.980729289,3265.83469495785,3198.26398663009,3137.40178902482,3081.44011842364,3029.33635105256,2980.5156700368,2934.64247599203,2891.47683503065,2850.8039929712,2812.4123662102,2776.09509489094,2741.6580711966,2708.92555755897,2677.74001363804,2647.95707871928,2619.43760489093,2592.03927841664,2565.60957500675,2539.98094302784,2514.96752091871,2490.36211666643,2465.93209548765,2441.41237656144,2416.49469317694,2390.8107339707,2363.90883653088
29,2883.37795896884,3453.71680841203,3769.47619248959,3978.90670570363,4045.02344254495,4106.57765045725,4162.90026205944,4213.75789501443,4259.21810599578,4299.45524816589,4334.58669932017,4364.56458687264,4389.14235596999,4407.94260482423,4420.53192580041,4421.43631162609,4383.19389585657,4338.94458217217,4292.2212340328,4243.95237365413,4195.04073875536,4146.32045769411,4098.46992357109,4051.97317059653,4007.12713826302,3964.07959179475,3922.8727275207,3883.48135139127,3845.84205427733,3809.8723934231,3775.48250102029,3742.58342757262,3711.09002324621,3680.92298328224,3652.00963994573,3624.28342009577,3597.683133212,3572.15238177759,3547.63848723247,3438.64492026266,3348.22835655163,3271.37536603108,3204.02558433486,3143.31803726337,3087.45902651124,3035.41728566564,2986.62473058494,2940.74970598712,2897.55544242245,2856.83061781879,2818.36752343037,2781.96337438115,2747.42802910606,2714.58934896267,2683.29282411052,2653.39641036626,2624.76247659879,2597.2494163863,2570.7046463624,2544.95998921311,2519.82832395167,2495.10081730369,2470.54274174916,2445.88645976766,2420.82048726151,2394.97269185206,2367.88672969407
30,2884.03230585018,3455.68145542454,3772.87881934889,3983.71009106825,4049.98451839612,4111.71898161294,4168.23748500722,4219.29389490002,4264.94237129508,4305.34491656945,4340.60697145359,4370.66808894962,4395.26870564747,4414.01984948427,4426.47737956508,4427.12856129801,4388.65695344902,4344.14468155451,4297.17774904811,4248.70164794455,4199.62667802874,4150.78621334346,4102.85207979281,4056.29954058794,4011.41725757506,3968.34659239847,3927.12533453344,3887.72573656634,3850.0830385232,3814.11430232511,3779.72966202896,3746.84044899657,3715.36189487374,3685.21507468327,3656.32762280705,3628.63313890275,3602.07044547371,3576.58298551557,3552.11774615845,3443.42644543101,3353.33960659637,3276.76891236961,3209.62980121886,3149.06848649023,3093.30564239414,3041.32110695235,2992.55331443458,2946.67441142429,2903.45066424578,2862.67403266102,2824.14051185031,2787.65118750046,2753.01981962414,2720.0776323045,2688.67306048078,2658.66628059953,2629.92110367193,2602.29657929642,2575.64005261335,2549.78266073183,2524.53608565726,2499.6898639036,2475.00721947783,2450.21799894355,2425.00763692571,2399.00023478987,2371.73494302117
31,2884.65770750872,3457.56559511777,3776.15910092507,3988.35605883755,4054.78358453616,4116.69284475748,4173.40122628511,4224.6504719093,4270.48164942467,4311.04474391639,4346.43339960322,4376.57480314742,4401.19653347073,4419.8982075132,4432.22501190701,4432.62673666016,4393.93230477053,4349.16522183459,4301.96317201915,4253.28793431562,4204.05691833057,4155.1019909701,4107.08878028676,4060.48384424772,4015.56786874641,3972.47607987242,3931.24214879136,3891.83587562804,3854.19126491249,3818.22493441916,3783.84703926035,3750.96912291538,3719.50697691603,3689.38182956433,3660.52164629052,3632.86011855323,3606.33616626438,3580.89289971397,3556.47698036958,3448.08694545209,3358.3223459486,3282.02378177924,3215.08576936854,3154.66290484606,3098.99026089109,3047.05852288078,2998.31243608556,2952.42781391284,2909.17380938345,2868.34561404102,2829.74268115902,2793.16986821677,2758.44459531264,2725.4014132974,2693.89156096038,2663.77734577394,2634.92395274947,2607.19101622672,2580.42584906153,2554.45883009309,2529.10047733264,2504.13872422549,2479.33478763437,2454.41605549999,2429.0649591739,2402.90193667607,2375.46178412758
32,2885.8103544859,3459.37483814731,3779.32504516627,3992.85450481361,4059.43082630282,4121.50968223788,4178.40238565693,4229.83888762137,4275.84759369641,4316.56665101917,4352.07814895362,4382.29705403976,4406.93828953598,4425.59018316908,4437.78730790973,4437.94316678382,4399.03188067951,4354.01771197169,4306.58851510499,4257.72174152838,4208.34124087742,4159.2774287969,4111.1893420626,4064.53515627353,4019.58786219114,3976.47683304563,3935.23181907232,3895.8203225523,3858.17519838651,3822.21266598395,3787.84291755222,3754.97776829434,3723.53335734206,3693.43123073558,3664.59958516821,3636.97220433245,3610.48793929333,3585.08965937519,3560.7236178469,3452.63349490678,3363.18377442285,3287.14768385577,3220.40182276671,3160.11019885056,3104.52225923833,3052.63927791841,3003.91211135698,2958.02011234384,2914.73523629457,2873.85570969816,2835.18433560305,2798.52961607447,2763.71247842599,2730.57067978125,2698.95816056641,2668.73927583158,2639.78051953469,2611.9420876398,2585.07117333143,2558.99745277285,2533.5302714324,2508.45598482385,2483.53382383352,2458.4888311753,2433.00044812032,2406.68557022893,2379.07478064981
33,2886.38625894911,3461.11424951258,3782.38384869743,3997.21442240497,4063.93549660893,4126.17910379258,4183.25086531654,4234.86937362439,4281.05071149988,4321.92142577769,4357.55223147682,4387.8460408617,4412.50528645788,4431.10713695569,4443.17560868522,4443.08904665758,4403.96655029122,4358.7125981191,4311.06377005957,4262.01260587915,4212.48887905212,4163.32127083736,4115.16221987779,4068.46171103842,4023.48533591889,3980.35679668067,3939.10219781786,3899.68684365032,3862.04252405697,3826.08510104868,3791.72481716134,3758.87375311093,3727.44837606136,3697.37052235344,3668.56858125813,3640.97639445809,3614.53269705332,3589.18010035883,3564.86439839549,3457.07253010601,3367.93046892622,3292.14767528764,3225.58558950463,3165.41851326876,3109.91020407459,3058.0722664903,3009.36147608148,2963.46060312751,2920.14430216363,2879.21369842601,2840.4748586439,2803.73974703376,2768.83268490782,2735.59452427307,2703.88181171843,2673.56087170528,2644.49944681951,2616.55825312545,2589.5843396286,2563.40665968266,2537.83344900837,2512.64945881331,2487.61200685311,2462.44378608326,2436.82137577624,2410.35820457783,2382.58078005359
34,2886.93897647829,3462.78841595648,3785.34207773419,4001.44400446397,4068.30602652661,4130.70982617593,4187.9557316214,4239.7512535854,4286.10058698583,4327.11891432359,4362.86569732728,4393.23197070271,4417.90783404429,4436.45942113275,4448.40024704854,4448.07457300576,4408.74618014063,4363.25938982626,4315.39803034571,4266.16920149284,4216.50804530588,4167.24149672298,4119.0151078334,4072.27100770118,4027.26759991128,3984.12321647364,3942.86043709586,3903.44251390939,3865.80024000821,3829.84916331263,3795.49958481554,3762.66384328361,3731.25871397086,3701.20629265277,3672.43513495053,3644.87909634456,3618.47676475466,3593.17044319347,3568.90545620821,3461.40992519207,3372.56845542393,3297.03023361066,3230.64406990369,3170.59531677902,3115.16194355146,3063.365630111,3014.66888690409,2968.75778660866,2925.40958450604,2884.4281945628,2845.62282299701,2808.8087688251,2773.81363021388,2740.48124862295,2708.67068763376,2678.25016800053,2649.08862355091,2621.04725234497,2593.97293795986,2567.69392354718,2542.01729495186,2516.72627394199,2491.5762879784,2466.287726999,2440.53437591119,2413.92628772048,2385.98602549246
35,2887.47005182566,3464.40150335914,3788.2057214803,4005.55073804955,4072.55011993426,4135.10981424406,4192.52514425707,4244.49306969298,4291.00602952372,4332.16811551952,4368.02773212755,4398.46415646785,4423.15534995251,4441.65649571591,4453.47066364534,4452.90905946622,4413.37987062999,4367.66676866681,4319.59959488038,4270.19957010224,4220.40644855146,4171.04532284187,4122.75503048517,4075.96981730148,4030.9413868723,3987.78270369162,3946.51306387436,3907.09378488617,3869.45473669395,3833.51117479063,3799.17347159963,3766.35421537926,3734.97046916914,3704.94456109163,3676.2051755973,3648.68614978408,3622.32585980845,3597.06635794408,3572.8523904348,3465.65105700134,3377.10327063727,3301.80132033291,3235.58372291092,3175.64747582229,3120.28468598124,3068.52684093591,3019.84200849404,2973.91945486987,2930.53894356207,2889.50707509378,2850.63607952516,2813.74447303557,2778.66302005755,2745.23845369767,2713.33227061959,2682.81451862398,2653.55527087626,2625.41616958167,2598.2439138788,2571.86603338059,2546.08847514938,2520.69295537927,2495.43304588806,2470.02688169221,2444.14551741636,2417.39571762839,2389.29622648387
36,2887.98097115183,3465.95730584793,3790.98025747718,4009.54148272694,4076.67483418426,4139.3863651176,4196.96669887682,4249.10258531429,4295.77506250931,4337.07727562449,4373.0467535354,4403.55123594153,4428.25647708175,4446.70702824577,4458.39550681901,4457.60103561999,4417.87580435837,4371.94268140791,4323.6759547386,4274.11071251768,4224.19093590771,4174.73941582678,4126.38841595873,4079.56455287157,4034.51284264396,3991.34131228359,3950.06606111814,3910.64657683553,3873.01186518774,3837.0769234155,3802.75219991535,3769.95052292132,3738.58922279249,3708.59083232036,3679.88413260193,3652.40290840133,3626.08532195838,3600.87305214227,3576.71032639154,3469.80086089462,3381.54001519796,3306.46645914749,3240.41045762987,3180.58132980173,3125.28506916879,3073.56277396486,3024.88788851866,2978.95271678432,2935.53960079286,2894.45757500516,2855.52183791249,2818.55401330244,2783.38792860461,2749.87311671115,2717.87342857914,2687.26067423508,2657.90601618509,2629.67150594655,2602.40364104876,2575.92923458162,2550.05310581943,2524.55548834179,2499.18813167034,2473.66696340459,2447.66036687366,2420.77190332009,2392.51662759301
37,2888.47304239738,3467.45928801025,3793.67070797688,4013.42253885918,4080.68665019143,4143.54618087854,4201.2873336121,4253.58699250148,4300.4150719457,4341.8539700812,4377.93043694708,4408.50093347825,4433.21914240144,4451.61897997881,4463.18271887648,4462.15833251787,4422.24170329711,4376.09442040097,4327.63428314503,4277.90938894075,4227.86785318782,4178.3298706723,4129.92116238992,4083.06089178859,4037.98760822839,3994.80459951787,3953.52484018848,3914.10631543894,3876.47699749528,3840.5517214083,3806.24102128733,3773.45795360777,3742.12000394583,3712.15015676579,3683.47698394634,3656.03427659083,3629.75995137973,3604.59528576335,3580.48395710614,3473.86387886987,3385.88339965649,3311.03069034218,3245.12978338957,3185.40270194453,3130.16922577196,3078.47976983948,3029.81302299833,2983.86427264352,2940.41820684969,2899.28635545037,2860.28673513526,2823.24397389193,2787.99486613542,2754.39165806486,2722.3004807202,2691.59484517445,2662.14695545095,2633.81924202033,2606.45798249289,2579.88927189561,2553.91681261308,2528.31939620497,2502.84692751152,2477.21322491783,2451.08404351921,2424.0598176692,2395.65202256075
38,2888.94743219873,3468.91062133431,3796.28168877672,4017.19970684607,4084.59154144583,4147.59543162728,4205.49343606351,4257.9528611874,4304.93285860634,4346.50517447412,4382.68601686578,4413.32053749401,4438.05064886988,4456.39968066065,4467.83961091832,4466.58815685494,4426.48458600249,4380.12869358055,4331.48088493228,4281.60170734526,4231.4430350235,4181.82227165532,4133.35871308589,4086.46412396459,4041.37087354531,3998.17767873853,3956.8946029769,3917.47799702632,3879.85507090014,3843.94045700367,3809.64476648746,3776.88127893669,3745.56770404879,3715.62717874338,3686.98830731233,3659.58476493616,3633.35419284238,3608.23744119606,3584.17762513784,3477.84430125153,3390.13781602067,3315.49875077539,3249.74678964235,3190.11701454751,3134.94280900104,3083.2836887873,3034.6234127835,2988.66016411352,2945.18091724,2903.99956389172,2864.93689419971,2827.82042895896,2792.48983785006,2758.79999947751,2726.61925493957,2695.82275853363,2666.28371135393,2637.86489252827,2610.41234404418,2583.75144184067,2557.68478199202,2531.98971785936,2506.41439417135,2480.67050938791,2454.42126268283,2427.26405175776,2398.70685385755
39,2889.40522488767,3470.31421579419,3798.81745169239,4020.87833871405,4088.39501152094,4151.53981039532,4209.59090011322,4262.20634699873,4309.33469836303,4351.03732633587,4387.32000938822,4418.01672217511,4442.75771383344,4461.05589365122,4472.37292800566,4470.89708308369,4430.61072421211,4384.05168462614,4335.22178321298,4285.19329643586,4234.92185805645,4185.22182435755,4136.70603208475,4089.77912656713,4044.66742422876,4001.46526530834,3960.17993255808,3920.76622710192,3883.15064550886,3847.24763305865,3812.96788950586,3780.22489933388,3748.93657292434,3719.0261785563,3690.4223213192,3663.05853023586,3636.8721428128,3611.8035579423,3587.79531092128,3481.74600295671,3394.30724753899,3319.87501861699,3254.26620134102,3194.72928732601,3139.61107749525,3087.97996251108,3039.32461334469,2993.34602858916,2949.83337836198,2908.60288554687,2869.47797775021,2832.28899447927,2796.87839516833,2763.10361467659,2730.83513780094,2699.94970733632,2670.32147937844,2641.81355284258,2614.27172095656,2587.52063842435,2561.36178710417,2535.57115983397,2509.89511476665,2484.04329008308,2457.67638346785,2430.38882168839,2401.68521527282
40,2889.84741323619,3471.67274733127,3801.28192163769,4024.46338321371,4092.10215207059,4155.38458114466,4213.58517558635,4266.35303250195,4313.62639492722,4355.45637918404,4391.83849245365,4422.59565999339,4447.34661321568,4465.59387285871,4476.78890612834,4475.09139745546,4434.62615895199,4387.86910652754,4338.86220368678,4288.68935415899,4238.30928750367,4188.5331888383,4139.96775658418,4093.0104058194,4047.88167382626,4004.67170748833,3963.38512344665,3923.97525207223,3886.36792054039,3850.4774162055,3816.21450414102,3783.49287268525,3752.23061980869,3722.35110939341,3693.78292193253,3666.45941132903,3640.31758469857,3615.2973674934,3591.34069914356,3485.57257516323,3398.39548532564,3324.1635679722,3258.69241348745,3199.24418580028,3144.17890902716,3092.57362338204,3043.92177767408,2997.92709333729,2954.38087044429,2913.10158918982,2873.91523221342,2836.6548727288,2801.16568112389,2767.30757378404,2734.95311829184,2703.98059359719,2674.26507094536,2645.66994231094,2618.04073883173,2591.20139315738,2564.95230217299,2539.0680632278,2513.29333226784,2487.33570823494,2460.85343885083,2433.43805106256,2404.59089481092
41,2890.2749082125,3472.98868185232,3803.67872911114,4027.95942538144,4095.71768047657,4159.13462087361,4217.48131181619,4270.39817635075,4317.81332612254,4359.76784993263,4396.24709841608,4427.06307083949,4451.82313626273,4470.01941268975,4481.09332216231,4479.17671954562,4438.53640568789,4391.58635418087,4342.40730444168,4292.09469042406,4241.6099179566,4191.76092419776,4143.14816247997,4096.16213364169,4051.01773415862,4007.80105891636,3966.51418089187,3927.10903332199,3889.51081450445,3853.63364970827,3819.38842004676,3786.68896447259,3755.4534910795,3725.60562968252,3697.07371441727,3669.79096062559,3643.69401991248,3618.72228810751,3594.81720218774,3489.32739298731,3402.40603232425,3328.36819704414,3263.02952173095,3203.66605443623,3148.65084218042,3097.0693592529,3048.41969551219,3002.40821470598,2958.82828264921,2917.50056715751,2878.25352838491,2840.92289373408,2805.35646754399,2771.41658231577,2738.9778262679,2707.91996615185,2678.11895057089,2649.43843936172,2621.72368883233,2594.79791036122,2568.46044265915,2542.48445515079,2516.61298251806,2490.55160417771,2463.95617812152,2436.4153734842,2407.42740450602
42,2890.68854749134,3474.26429625754,3806.01123875515,4031.37072136174,4099.24597569026,4162.79445667705,4221.28399599013,4274.34660487911,4321.90048461811,4363.97686063049,4400.55105662987,4431.42426527866,4456.1925741345,4474.33789201938,4485.2915378756,4483.15832887147,4442.34658160415,4395.20812623323,4345.86176585929,4295.41376465136,4244.82803139603,4194.90910728971,4146.25119755779,4099.23817173153,4054.07939541216,4010.85705407775,3969.5707932322,3930.17121763586,3892.58293398246,3856.71992992332,3822.49315971797,3789.81666192398,3758.60875469922,3728.79313236152,3700.29804144226,3673.05647183411,3647.00469520092,3622.08159414685,3598.2279855612,3493.01348167697,3406.3421575151,3332.49245305849,3267.28134934156,3207.99894520721,3153.03110746105,3101.47153442174,3052.82282617645,3006.79391297411,2963.18016423636,2921.80437066959,2882.49739670935,2845.0975489088,2809.4551942522,2775.43501577656,2742.91356634226,2711.77205400483,2681.8872686378,2653.12311410524,2625.32453708588,2598.31409732777,2571.88999980585,2545.82407845574,2519.85772330384,2493.69454781024,2466.98805950022,2439.32416307349,2410.19800667062
43,2891.0891029028,3475.50167922447,3808.28256648319,4034.70122915659,4102.69110988095,4166.36833301169,4224.99758700933,4278.20282456185,4325.89253541798,4368.08817532296,4404.7552308497,4435.68418275354,4460.4600082096,4478.55431302067,4489.38853875092,4487.04113315466,4446.06144252013,4398.73904217193,4349.2299357867,4298.65071888993,4247.96754096609,4197.98150594733,4149.28058151784,4102.24213237487,4057.07018803986,4013.8431724979,3972.55839754902,3933.16520360295,3895.58764005117,3859.73945049842,3825.53202649532,3792.87919492819,3761.6995447928,3731.91676607332,3703.4590078779,3676.25900442437,3650.25262675204,3625.3782271301,3601.57599172474,3496.633773267,3410.2068578991,3336.53965439329,3271.45147126579,3212.24664483129,3157.32365489209,3105.78422145576,3057.13532945559,3011.08840187454,2967.4407556317,2926.01720953845,2886.65105850754,2849.18302274902,2813.46599571995,2779.36694905231,2746.7643482228,2715.54079581723,2685.57389036333,2656.72775692109,2628.84704442547,2601.75359332511,2575.24455297353,2549.09041802814,2523.03096013606,2496.76786953938,2469.95232755179,2442.16756101419,2412.90573709712
44,2891.47728697296,3476.7028180394,3810.49563384602,4037.95463585997,4106.0568764659,4169.86010350192,4228.62614547859,4281.97103368302,4329.7937622341,4372.10623270535,4408.86415342946,4439.84740352066,4464.6299659127,4482.67333555896,4493.38896838781,4490.82970238109,4449.68541621061,4402.1834198722,4352.51586018908,4301.80924867291,4251.03216464085,4200.98165951285,4152.23971928628,4105.17735537624,4059.99339893158,4016.76265382766,3975.48019398563,3936.09415540711,3898.52806175459,3862.69554129361,3828.50806560741,3795.8796011788,3764.72882528048,3734.97946584088,3706.55950274314,3679.40140527435,3653.44062152441,3628.61495780364,3604.86396043988,3500.19097035961,3414.00311210961,3340.51291028558,3275.54323552158,3216.41269659519,3161.53217873147,3110.01122690213,3061.36109124956,3015.29561779608,2971.61401600763,2930.14310523868,2890.71845369064,2853.18322033537,2817.39273021458,2783.216185255,2750.53391156207,2719.22986606095,2689.18242150467,2660.25590327181,2632.2946531843,2605.11979225264,2578.52742478779,2552.28672408678,2526.13586900387,2499.7746532611,2472.85199898974,2444.9484946862,2415.55342622219
45,2891.85375868459,3477.8695076456,3812.65313990441,4041.13438184994,4109.34681500832,4173.27346095138,4232.173460345,4285.65514984453,4333.60822316623,4376.03517513262,4412.88205354094,4443.91826566035,4468.70684095499,4486.69930777756,4497.2971590565,4494.52829904808,4453.22263183001,4405.54517693757,4355.72331294586,4304.89326085986,4254.02530453693,4203.91286716947,4155.13182251454,4108.04696234276,4062.8520932837,4019.61851936308,3978.33916699644,3938.96102385317,3901.4071169277,3865.59089317167,3831.42412576129,3798.82067886536,3767.69938910714,3737.9839508526,3709.60221868523,3682.48632788115,3656.57129617262,3631.79436979028,3608.09444755707,3503.6876015045,3417.73354622359,3344.41513857161,3279.55978231924,3220.50042160321,3165.66013864177,3114.15611421229,3065.50374781682,3019.41925864283,2975.70364798594,2934.18572885464,2894.70326542633,2857.10179184121,2821.23900381931,2786.9862780594,2754.2257527252,2722.84269828061,2692.7162312076,2663.7108568924,2635.67060037128,2608.4158652008,2581.74171931272,2555.41603290869,2529.17541667364,2502.71780064577,2475.68989144305,2447.66969949082,2418.14371447141
46,2892.21911609622,3479.00343339543,3814.75761059104,4044.24368233704,4112.56423339374,4176.61181965475,4235.64303860768,4289.25883446957,4337.33969157785,4379.87887446247,4416.81288451259,4447.90076246638,4472.69468547288,4490.63629318315,4501.11715891211,4498.1409051006,4456.67694610892,4408.82800648696,4358.85580847943,4307.90595727807,4256.95017819311,4206.77820913346,4157.95987098519,4110.85386863878,4065.64913406819,4022.41359120427,3981.13810426397,3941.76856508008,3904.22753072019,3868.42834921916,3834.28286687383,3801.70505570663,3770.61381465122,3740.93279516644,3712.58965950751,3685.51624945746,3659.64709388972,3634.91887602012,3611.26985438367,3507.12603626569,3421.40068143849,3348.24904451859,3283.50406118846,3224.51293711829,3169.71078050686,3118.22222423267,3069.56670682361,3023.4627384028,2979.71311886245,2938.14854676613,2898.60894214784,2860.94215441092,2825.0081592985,2790.68055412387,2757.84314331901,2726.38250584283,2696.17847241298,2667.09570913228,2638.97791565977,2611.6447960844,2584.89034105959,2558.48116535622,2532.15238615025,2505.60001942547,2478.46864061672,2450.33373291549,2420.67907414032
47,2892.57395029491,3480.10616500522,3816.81140649374,4047.28554660866,4115.71222763486,4179.87839102623,4239.03826183482,4292.78551468687,4340.99169955974,4383.64095513866,4420.66034712902,4451.79865195982,4476.5972924899,4494.48809515801,4504.8527562982,4501.67124598211,4460.05196681422,4412.0353623268,4361.91664318402,4310.85045974058,4259.80978036358,4209.58046160629,4160.72665384717,4113.60078658231,4068.38720213685,4025.15050935854,3983.87961358731,3944.51935726832,3906.99185214079,3871.210354052,3837.08677662864,3804.53518484344,3773.4745234788,3743.8283729115,3715.52419476745,3688.49348618535,3662.67029942824,3637.99073357658,3614.39238954302,3510.50849867448,3425.00688942648,3352.01728049844,3287.37884635776,3228.45317313123,3173.68715308203,3122.21269356747,3073.55316630204,3027.42931449328,2983.64568144027,2942.03480982982,2902.43871724318,2864.7075117319,2828.70342614423,2794.30213043465,2761.38915036755,2729.8523004877,2699.57210006828,2670.41335711471,2642.21943786406,2614.80933162739,2587.97601116184,2561.48482277771,2535.06936410729,2508.42384645297,2481.1907156669,2452.94299064462,2423.16181877897
48,2892.91877588102,3481.17916669692,3818.81673688512,4050.2627952589,4118.79369960276,4183.07616977297,4242.36220326373,4296.23840292523,4344.56755809623,4387.3248148607,4424.42791072398,4455.61545708487,4480.41819822939,4498.25827858429,4508.50750150501,4505.12281216307,4463.35110329518,4415.17047911501,4364.90889919639,4313.72972461334,4262.60691500225,4212.32252183583,4163.43478825653,4116.29029831442,4071.06879953165,4027.83174896148,3986.56613799714,3947.21574051226,3909.70246886112,3873.9392670302,3839.83818469659,3807.31336565784,3776.28377817258,3746.67291864361,3718.40801510247,3691.42019725614,3665.64305254203,3641.01210807335,3617.46415949882,3513.83707926426,3428.55440427959,3355.72224230217,3291.18675059817,3232.32388726602,3177.59212404971,3126.13047107391,3077.46613167119,3031.32202418871,2987.50439066042,2945.84757021898,2906.19562701086,2868.40087158471,2832.32774266371,2797.85393465606,2764.8666506138,2733.25490896092,2702.899887476,2673.66651975957,2645.39783111593,2617.91209768169,2591.00128383895,2564.42949018435,2537.9287962661,2511.19166212007,2483.85843299716,2455.4997199039,2425.59411842083
49,2893.25408311788,3482.22380626348,3820.77567229949,4053.1780756521,4121.81137293983,4186.2079716142,4245.61777866323,4299.62051449933,4348.07037516578,4390.93364313696,4428.11883211378,4459.35448494029,4484.16077861477,4501.95018941528,4512.08472629667,4508.49887845842,4466.57746670815,4418.23639044789,4367.83546663137,4316.54647805675,4265.34421107805,4215.00682868073,4166.0867266523,4118.92478675562,4073.69628445346,4030.45962539426,3989.19997219494,3949.86012897353,3912.3616204993,3876.61730100672,3842.53927585348,3810.04175336774,3779.04370636182,3749.46852222994,3721.24318353663,3694.2984354262,3668.56740270172,3643.98488268484,3620.48712933095,3517.11374587705,3432.04533326369,3359.36622385399,3294.93023771245,3236.12767821904,3181.4283942499,3129.97833293268,3081.30843105519,3035.14372732631,2991.2921196934,2949.58969892152,2909.88252504243,2872.02506161591,2835.88390135813,2801.33871773584,2768.27835065565,2736.59298824442,2706.16444097573,2676.85775218926,2648.51559896425,2620.9555460239,2593.96855869482,2567.3175009694,2540.73297672319,2513.90570174497,2486.47396866478,2458.00603157063,2427.9780116977
50,2893.58032907479,3483.24136319113,3822.69015583352,4056.03387583296,4124.76780737386,4189.2764428077,4248.80772837767,4302.93468343007,4351.50307202444,4394.47043797624,4431.73617263124,4463.01884408146,4487.82815160168,4505.56697224886,4515.58756147559,4511.80252140055,4469.73406420083,4421.23594512143,4370.69905908332,4319.3033153975,4268.02413678765,4217.63575074363,4168.68471807172,4121.50650204241,4076.27185335202,4033.03632146443,3991.78326160184,3952.45457721901,3914.97141056491,3879.24653415406,3845.19210170802,3812.72237165396,3781.75630264218,3752.21715255511,3724.0316369437,3697.13010068137,3671.44515102053,3646.91096142915,3623.46314636386,3520.34035337407,3435.4816665212,3362.9513920453,3298.61163382734,3239.8669979025,3185.19851052933,3133.75889505499,3085.08272909897,3038.89711764538,2995.01157424864,2953.26389859393,2913.50209950554,2875.58274355227,2839.37453061097,2804.75906890139,2771.62679636638,2739.86903765172,2709.36821345276,2679.98945870636,2651.5750970951,2623.94198355451,2596.8800935278,2570.15106981927,2543.48406196133,2516.56806966891,2489.03936951499,2460.46391070664,2430.31541325688
51,2893.89794047455,3484.23303462333,3824.56201332297,4058.83253706692,4127.66541162251,4192.28407349173,4251.93463029162,4306.18357670735,4354.86839788765,4397.9380209377,4435.28281348499,4466.61146012107,4491.42326941413,4509.11158617128,4519.01890411114,4515.0366348983,4472.82360451008,4424.17182178444,4373.502227617,4322.00266346795,4270.64901235652,4220.21152061818,4171.23103556605,4124.03756036539,4078.79761271769,4035.5638868182,3994.31803636847,3955.00108665784,3917.5338172241,3881.82892062608,3847.79859122958,3815.35712308433,3784.42344219596,3754.92065706284,3726.77519609818,3699.91704260563,3674.27811066165,3649.79211487215,3626.39394878842,3523.51865241355,3438.86528584623,3366.47979613747,3302.23313762485,3243.54416244069,3188.90487736804,3137.4746269444,3088.79153945631,3042.58473552637,2998.66530016947,2956.87271711264,2917.05688307636,2879.07642602858,2842.80210742402,2808.11742809004,2774.91438674183,2743.08541352203,2712.51351489128,2683.06390450841,2654.57854482624,2626.87358358718,2599.73802241441,2572.93227667688,2546.18408361282,2519.18074693637,2491.55656331375,2462.87522698715,2432.60812909185
52,2894.20731624733,3485.1999471869,3826.39296252643,4061.57626516978,4130.50645505133,4195.23320973843,4255.00091578462,4309.36970717622,4358.16894319501,4401.33905072926,4438.76146963753,4470.1351057375,4494.94891374616,4512.5868190719,4522.38162770979,4518.20394438095,4475.84880479634,4427.04654216685,4376.24738340504,4324.64680995137,4273.22102159313,4222.73623990724,4173.72766498589,4126.51995434582,4081.27550681179,4038.0442516849,3996.80620282556,3957.50154186659,3920.0507030218,3884.36630018269,3850.36056028321,3817.94779881937,3787.04689185766,3757.580774528,3729.47557474806,3702.6608443907,3677.0679503097,3652.62998528259,3629.28116600206,3526.65028561382,3442.19797263737,3369.95337629605,3305.79682969266,3247.16136214664,3192.5497674194,3141.12786128101,3092.43719135354,3046.20897952437,3002.25571594411,2960.4185593743,2920.54926611495,2882.50847619688,2846.16896890678,2811.41609728316,2778.14338503014,2746.24433794452,2715.60252578903,2686.08322627653,2657.5280527415,2629.75239584022,2602.54433718237,2575.66308336419,2548.83495770766,2521.74560195488,2494.02736780795,2465.24174307638,2434.85786079291
53,2894.50882982554,3486.14315510242,3828.18462143032,4064.26714076399,4133.29307822721,4198.1260644653,4258.00885283826,4312.4954452029,4361.40715161999,4404.67603551968,4442.17470237076,4473.59235002095,4498.40770865849,4515.9953006025,4525.67829620302,4521.30701959951,4478.81226196933,4429.86248304419,4378.93676952393,4327.23790719124,4275.74222233774,4225.21188924322,4176.17652826192,4128.95556243858,4083.70738142066,4040.47923591629,3999.24955822165,3959.95772210487,3922.52382368066,3886.86040690237,3852.87972025714,3820.49608574164,3789.6283102476,3760.19914371408,3732.13444429982,3705.36315114238,3679.81624301681,3655.42612962053,3632.12636018078,3529.73684133964,3445.48141512039,3373.37397135653,3309.30468066513,3250.72067059192,3196.13533108934,3144.72080433972,3096.02201800476,3049.77211683281,3005.78509239592,2963.90369716097,2923.98150716624,2885.88113025006,2849.47732269185,2814.65725091234,2781.31592941072,2749.34790960492,2718.63730455669,2689.04944178722,2660.42556352297,2632.58035604108,2605.30093934164,2578.34534160253,2551.43849329079,2524.26439869276,2496.45349896353,2467.56512244569,2437.06621080317
54,2894.80283121068,3487.063650684,3829.93851577361,4066.90712858179,4136.02730249109,4200.96472733192,4260.96065092642,4315.56302925672,4364.58533096399,4407.9513441072,4445.52493068492,4476.98566482824,4501.80213227779,4519.33951393281,4528.91138342189,4524.34828623578,4481.71622358295,4432.6218870763,4381.57253026755,4329.77800844113,4278.21455593451,4227.6403373704,4178.57943902189,4131.34615746512,4086.09497866736,4042.87054463109,4001.64979916257,3962.37129702642,3924.95483944052,3889.31287708159,3855.35768585613,3823.00357665638,3792.16926985331,3762.77724785589,3734.753217348,3708.02546565232,3682.52447340989,3658.18201784565,3634.93098245653,3532.77979071814,3448.71721492048,3376.74332590255,3312.75855953177,3254.22405286675,3199.66360525035,3148.25554505811,3099.54810005768,3053.27629279401,3009.2555825675,2967.33028018614,2927.35574157968,2889.19650311316,2852.72925640072,2817.84294457928,2784.43403943879,2752.39811276162,2721.61979735483,2691.96445861904,2663.27296272743,2635.35930077634,2608.00961933366,2580.98080267127,2553.996400284,2526.73880435833,2498.83657852234,2469.84693748379,2439.23469800853
55,2895.08963493082,3487.96236790811,3831.65608587871,4069.49808591926,4138.71103865637,4203.75117373356,4263.85833333956,4318.57457552677,4367.70566305722,4411.16715391102,4448.81444165921,4480.31737235641,4505.13452742942,4522.62180643274,4532.08322476032,4527.33003644956,4484.5629065623,4435.32687302005,4384.156682003,4332.26898910935,4280.63985025063,4230.02334939206,4180.9381105575,4133.69341436266,4088.43994460676,4045.21982567428,4004.00852829047,3964.74385647595,3927.3453063419,3891.72525640921,3857.79598224807,3825.47177526124,3794.67125227301,3765.31672940176,3737.33338731519,3710.64920746055,3685.19404423382,3660.89903934835,3637.6964133351,3535.78053958794,3451.90689305439,3380.06309672845,3316.16024006869,3257.67337337433,3203.13652118976,3151.73406329978,3103.01746668477,3056.72353955982,3012.66922552462,2970.70034357894,2930.6739922141,2892.45659647751,2855.92674622295,2820.97512468769,2787.49962948726,2755.39682564396,2724.55184612628,2694.83008208774,2666.07201885358,2638.09094819509,2610.67207162785,2583.57112360567,2556.51027517956,2529.17039638592,2501.17814074974,2472.08867536403,2441.36475651419
56,2895.3695768159,3488.84018680634,3833.33869286376,4072.0417703329,4141.34609492821,4206.48727298859,4266.70382793116,4321.53208667723,4370.77021277298,4414.32570748362,4452.0453998848,4483.58967040233,4508.40711131846,4525.84439939935,4535.1960298715,4530.25443847896,4487.35440766629,4437.9793691119,4386.69108544727,4334.71268453008,4283.01984963418,4232.36259427237,4183.25416307277,4135.99891724899,4090.74383614061,4047.52860190481,4006.32726207346,3967.07689801412,3929.69671222037,3894.09900649971,3860.19605148773,3827.90210322786,3797.1356582204,3767.81879289325,3739.87631572429,3713.23571890507,3687.82628230187,3663.57850883413,3640.42395860121,3538.74042243949,3455.05189540316,3383.33485874986,3319.51140755386,3261.07040142929,3206.55591189755,3155.15823748445,3106.43199460553,3060.11578399163,3016.02795432036,2974.0158090705,2933.93817557862,2895.66330805789,2859.07166481668,2824.05563519032,2790.51451187599,2758.34582706375,2727.43519608103,2697.64802247194,2668.82440724629,2640.77692111916,2613.28990112277,2586.11787243116,2558.98169350412,2531.56066879859,2503.47963866502,2474.2917443689,2443.45774430951
57,2895.6429336923,3489.69793745674,3834.98762430199,4074.53984665868,4143.93418412548,4209.17479580495,4269.4990279047,4324.43745983206,4373.78093624911,4417.42895208358,4455.21985606913,4486.8046411022,4511.62198435935,4529.00939692682,4538.2518915277,4533.12354539328,4490.09271198968,4440.5814196776,4389.17763419256,4337.11081067553,4285.35618909306,4234.65965167314,4185.52913029091,4138.2641658505,4093.00812732402,4049.79832678994,4008.60743594205,3969.37183968053,3932.01045754033,3896.43551084465,3862.55925842375,3830.2959060181,3799.56387306664,3770.28480066984,3742.38328732829,3715.78627063337,3690.42244391742,3666.22167148566,3643.11485699503,3541.6607073246,3458.15359773662,3386.56011041801,3322.81366460399,3264.4168201416,3209.92351857554,3158.5298510899,3109.79351215554,3063.45485487929,3019.33360353138,2977.27852148934,2937.15010994477,2898.81843750636,2862.16578842446,2827.08622503454,2793.4804056053,2761.24680489864,2730.27150157848,2700.4199016103,2671.53171656515,2643.41882274237,2615.86462990248,2588.62253819564,2561.41208559792,2533.91099636941,2505.74244970405,2476.45747940604,2445.51494877646
58,2895.90997879685,3490.53640361715,3836.60409938643,4076.99389342392,4146.4769302776,4211.81542110015,4272.24557883437,4327.29249386954,4376.73968839913,4420.47879191927,4458.33975489668,4489.96425891587,4514.78113824263,4532.1187940098,4541.25279371333,4535.93930308748,4492.77970072751,4443.13474769186,4391.61799253166,4339.46500017169,4287.65042259223,4236.91601819385,4187.76446548591,4140.49058137891,4095.23421512498,4052.03037778316,4010.85039875395,3971.63002783033,3934.28786925859,3898.73608025023,3864.88689607661,3832.654458197,3801.95703521355,3772.71598996307,3744.85552400071,3718.30206738017,3692.98371981486,3668.82970811747,3645.77028305225,3544.54260034366,3461.21331021475,3389.74027868879,3326.06853657255,3267.71422962049,3213.24099695968,3161.8505996795,3113.10374156857,3066.74248955279,3022.58791472029,2980.49021223162,2940.31152191488,2901.9236936984,2865.21080344588,2830.06855461134,2796.39894256609,2764.1013611915,2733.06233395683,2703.14725893364,2674.19546165422,2646.0181056525,2618.39770238825,2591.08653280644,2563.80283181325,2536.22280539695,2507.96788088617,2478.58714690759,2447.53759003151
59,2896.17096965925,3491.35632603764,3838.1892736505,4079.40540871417,4148.97587466099,4214.4107053051,4274.94517321309,4330.09889609666,4379.6482297848,4423.47703440057,4461.40694222258,4493.07039793341,4517.88646331651,4535.17448395792,4544.20061902952,4538.70355759506,4495.41715827687,4445.64105720952,4394.01378128072,4341.77677934228,4289.90402359421,4239.13311307692,4189.96145695642,4142.67951190446,4097.42342469282,4054.22606156384,4013.05746379407,3973.85273144737,3936.5302067044,3901.0019578101,3867.18019055934,3834.97902905547,3804.31639305294,3775.11353391092,3747.29418213005,3720.78424886318,3695.51123990409,3671.40373937552,3648.39135207121,3547.38724344952,3464.23228178728,3392.8767235836,3329.2774765154,3270.96415357177,3216.50992270976,3165.12209611498,3116.36432026413,3069.98033991772,3025.79248933606,2983.65253259575,2943.424052792,2904.98070066843,2868.20831243904,2833.00420166644,2799.27167336437,2766.91101705713,2735.80918600956,2705.83157439128,2676.81706134306,2648.57617230974,2620.89049083865,2593.51119817445,2566.15524166346,2538.49733269522,2510.15717357121,2480.68194977821,2449.52682926445
60,2896.42614924901,3492.15840548551,3839.74424328973,4081.77581554932,4151.43248133016,4216.96223522661,4277.59937869271,4332.8582883658,4382.50823291519,4426.42539659814,4464.42317166554,4496.12483857154,4520.93975535209,4538.17826519088,4547.09715547905,4541.41806178834,4498.00677874279,4448.10196516875,4396.3665378623,4344.0476200804,4292.11839050357,4241.31228343234,4192.12159176876,4144.83223727733,4099.57701418453,4056.38661875491,4015.2298447314,3976.04116544951,3938.73866814336,3903.23432346107,3869.44030558474,3837.27064605758,3806.64307656583,3777.47854587685,3749.70035954978,3723.23390131278,3698.00607646354,3673.94482989064,3650.979124134,3550.19574338587,3467.21170386312,3395.97074240743,3332.44186975622,3274.16804392354,3219.73179661227,3168.34587607931,3119.57680763638,3073.16997805739,3028.94901315189,2986.76705534158,2946.48926283157,2907.99100335933,2871.15983962765,2835.89466673311,2802.10007258828,2769.67722042999,2738.51347551028,2708.47420431665,2679.39788458369,2651.09435623101,2623.34429974024,2595.89780826834,2568.4705609978,2540.73579135031,2512.31150779191,2482.74303093499,2451.48376509245
61,2896.6757470213,3492.94330551185,3841.2700491242,4084.10646681835,4153.84814219459,4219.4714134907,4280.20968570204,4335.57221268874,4385.32128802788,4429.32551117181,4467.39011065962,4499.12927372047,4523.9427217529,4541.13184747491,4549.94410269346,4544.08448152646,4500.55020656178,4450.51900798454,4398.67772308039,4346.27891178446,4294.2948516598,4243.45480902885,4194.24602456383,4146.94991897271,4101.69617919261,4058.51322826517,4017.36870594683,3978.19646900354,3940.9143823239,3905.43429816269,3871.66840799069,3839.53045738416,3808.9381590602,3779.81208344892,3752.0750991915,3725.65205411671,3700.46924949527,3676.45399199373,3653.53460770683,3552.96913748568,3470.15271399691,3399.02357360005,3335.56303824052,3277.3272853231,3222.90804937155,3171.52340297655,3122.74268876112,3076.3129013069,3032.05893252577,2989.83527697156,2949.5086048173,2910.95607185107,2874.06683632997,2838.74137812221,2804.88554385792,2772.40134875239,2741.17655427943,2711.07649615077,2681.93922758906,2653.57392645742,2625.76037085641,2598.2475780151,2570.74997274957,2542.939336208,2514.43200624215,2484.77147812135,2453.40944770199
62,2896.91997987199,3493.71165498589,3842.76768023675,4086.39864981395,4156.22418168446,4221.93960929461,4282.77751244025,4338.24213540168,4388.08890840318,4432.17899042509,4470.3093460172,4502.08531439413,4526.8969872625,4544.03685765507,4552.7430776557,4546.70440130481,4503.04892845359,4452.89361472293,4400.94872567991,4348.47197532075,4296.43466992236,4245.56190669443,4196.3359375548,4149.03382211688,4103.78205681523,4060.60701136527,4019.47515462934,3980.31975630437,3943.05835989637,3907.6029477376,3873.8654280248,3841.75949873193,3811.20266087627,3782.11515206492,3754.41939263668,3728.03968690471,3702.90172904446,3678.93218914771,3656.0587630555,3555.70842184994,3473.05639914374,3402.03640032543,3338.64224369798,3280.44319928464,3226.04004564275,3174.65607244168,3125.86337968805,3079.41053697825,3035.12367784052,2992.85862375442,2952.48356248551,2913.87730778966,2876.93068377514,2841.54569651997,2807.62942422722,2775.08471416127,2743.79970884642,2713.63969703703,2684.44232519816,2656.01609167946,2628.13988670838,2600.5616630539,2572.99460737834,2545.10906700356,2516.51973796618,2486.76832675452,2455.30487443304
63,2897.15905301143,3494.46405041949,3844.2380773185,4088.65359040733,4158.56186104523,4224.36812651694,4285.30420947294,4340.86945600761,4390.81253525565,4434.9871982216,4473.18238904979,4504.99449493139,4529.80409921874,4546.89484493134,4555.4956199674,4549.2793294539,4505.50438757167,4455.22723845291,4403.18086700553,4350.62806741706,4298.5390468876,4247.63473436393,4198.39245587542,4151.08499368951,4105.83572939455,4062.66903531863,4021.55024462636,3982.41205793578,3945.17177588325,3909.74128854547,3876.03242507429,3843.95875550926,3813.43755279672,3784.38870838417,3756.7341835449,3730.3977321173,3705.30443873342,3681.38033908959,3658.55250531493,3558.41454810263,3475.92379870021,3405.01035377266,3341.68069265714,3283.51704801892,3229.12908862432,3177.74521668202,3128.94023157997,3082.46424669902,3038.14461343628,2995.83845595467,2955.41544329501,2916.75604706699,2879.75270109824,2844.30891937296,2810.33298839669,2777.72856769162,2746.3841655364,2716.16501542312,2686.90835433505,2658.42200401953,2630.48397420087,2602.84116517606,2575.20553974318,2547.24603183004,2518.57572172302,2488.73456346225,2457.17099558878
64,2897.39316076477,3495.20105810259,3845.68213574919,4090.87245689517,4160.86238229558,4226.75820780963,4287.79106396791,4343.45554502456,4393.49359320574,4437.75160228949,4476.01074794491,4507.85827779024,4532.66553239629,4549.70728572167,4558.20319670289,4551.81065203616,4507.91799555233,4457.52117203696,4405.3754052786,4352.74838475227,4300.60912677235,4249.67439480645,4200.41665118587,4153.10448231043,4107.85822797254,4064.70031679982,4023.59497979912,3984.47436538038,3947.25553592914,3911.85034452736,3878.1703514011,3846.12916601896,3815.64375918949,3786.63366337893,3759.02037063956,3732.72707800654,3707.67825871036,3683.79931674393,3661.01670733652,3561.0884260689,3478.75590731308,3407.94651621348,3344.67953837149,3286.5500379763,3232.17642331254,3180.79210751065,3131.97453465763,3085.47533041966,3041.12304164662,2998.77607185672,2958.30555469395,2919.59356463515,2882.53414551106,2847.03228401725,2812.99745255961,2780.33410244783,2748.93109462835,2718.65359777998,2689.33843778149,2660.79276252623,2632.79370867581,2605.08713477984,2577.38379610101,2549.35123033786,2520.60092911109,2490.67112910493,2459.00871730649
65,2897.62248730599,3495.92321606731,3847.10070843719,4093.05636355021,4163.12689188029,4229.11103837397,4290.23930360499,4346.0015940076,4396.13329167516,4440.47354801014,4478.79566300611,4510.67805802023,4535.48269347646,4552.47551586636,4560.86720688863,4554.29983984582,4510.29107553551,4459.77667733038,4407.53353953602,4354.83406297247,4302.64599999492,4251.68193906338,4202.40954499867,4155.09328761589,4109.8505354671,4066.70182502913,4025.61031711616,3986.50762375786,3949.3105630059,3913.93091528108,3880.28011448814,3848.27162439407,3817.82216090516,3788.85088519258,3761.2788105211,3735.0285714025,3710.02402836812,3686.18995679328,3663.45220231323,3563.73092627196,3481.55367747994,3410.84592383571,3347.63988455617,3289.54332312442,3235.18324008739,3183.79796137963,3134.9675219663,3088.44503011845,3044.06020653332,3001.67271150327,2961.15511832958,2922.39107800846,2885.27621799078,2849.71697283967,2815.62397792797,2782.90245816977,2751.44161962063,2721.10653864822,2691.7336474327,2663.1294164152,2635.07011648242,2607.30057546576,2579.53035466722,2551.42561754167,2522.59628744733,2492.57892156975,2460.81890422943
66,2897.84720733235,3496.63103589698,3848.49460844135,4095.20637390218,4165.35648404525,4231.42774945028,4292.65010018613,4348.50885450408,4398.7329312578,4443.15431965638,4481.53851209918,4513.45516715817,4538.25692517768,4555.20102217009,4563.48898564224,4556.74815011104,4512.62488978026,4461.994957894,4409.65641326589,4356.88618916026,4304.65070648203,4253.65836962278,4204.3721117501,4157.05236325364,4111.81358961302,4068.67448466881,4027.59716951383,3988.51273463997,3951.33783013682,3915.98393980092,3882.36257978374,3850.38698330972,3819.97359795384,3791.04120177753,3763.51032026417,3737.30302026739,3712.34254885338,3688.55305636651,3665.85978620289,3566.34288224614,3484.31801759239,3413.70956937173,3350.56278812582,3292.49800798875,3238.15067789801,3186.76394143037,3137.92037218867,3091.37453344893,3046.95729734273,3004.52956015716,2963.96531061409,2925.1497507318,2887.9800661478,2852.3641150645,2818.21367406487,2785.43472368532,2753.91679470018,2723.52488374733,2694.09500734483,2665.43296804541,2637.3141781312,2609.48244545482,2581.64615171377,2553.47007936409,2524.56268249243,2494.45879899746,2462.60238199284
67,2898.06748668447,3497.32500439433,3849.86462087387,4097.32350377313,4167.5522039603,4233.70942154605,4295.02457298087,4350.97848474086,4401.29370667261,4445.79514404192,4484.24054826132,4516.19087730965,4540.98951007728,4557.88501774209,4566.06980800151,4559.15683105566,4514.92064332394,4464.17716251246,4411.74511776818,4358.90581508325,4306.62423872548,4255.60464335425,4206.30528164053,4158.98261965227,4113.74828567978,4070.61917850181,4029.55640854326,3990.49055866801,3953.33805234391,3918.01025579567,3884.41850151192,3852.47605935969,3822.09887197989,3793.20540333425,3765.7156798187,3739.55119605606,3714.63458538599,3690.88937709957,3668.24021996796,3568.92509267073,3487.04981163955,3416.53840453998,3353.44926184623,3295.41515047345,3241.07982721755,3189.69117698332,3140.83421381712,3094.26497593647,3049.81545170843,3007.34775150839,2966.7372566347,2927.87069553155,2890.64678739135,2854.97479061726,2820.76760189079,2787.93193951797,2756.35766488019,2725.90963285495,2696.42349655773,2667.70437568874,2639.52683098764,2611.63366084268,2583.73208126151,2555.48553466876,2526.50096062042,2496.31157919352,2464.35993953432
68,2898.28348291768,3498.00558512202,3851.21146747519,4099.40872408917,4169.7150506117,4235.95708742613,4297.36382549753,4353.41163461596,4403.81675994209,4448.397193902,4486.90296930896,4518.88640445099,4543.6816741519,4560.52872949407,4568.61089247104,4561.52707480983,4517.1793864716,4466.32438845157,4413.80069526571,4360.89392289247,4308.56754461193,4257.52167422599,4208.20994326358,4160.88492658689,4115.65547898846,4072.53674991201,4031.48886682218,3992.44191797326,3955.31210245682,3920.01066357471,3886.44881122801,3854.53962313481,3824.19874855278,3795.34424456914,3767.8955729153,3741.77383590055,3716.90086940517,3693.1996473244,3670.59423154987,3571.47832335892,3489.74989507672,3419.33334231256,3356.30027683055,3298.29576448264,3243.97173278706,3192.58070263352,3143.71012714941,3097.11744561146,3052.63575872044,3010.12837064876,2969.47203317276,2930.5549774029,2893.27743185478,2857.55003283738,2823.28677648695,2790.3951019291,2758.76517066122,2728.26174248197,2698.72005176731,2669.94455650043,2641.70897177513,2613.75509798734,2585.78899866785,2557.472794029,2528.41193163991,2498.13804722629,2466.09233213807
69,2898.49534582849,3498.67321982649,3852.53586482136,4101.46296348799,4171.84597948455,4238.17173488601,4299.6688141924,4355.80926663723,4406.30318344918,4450.9615910289,4489.52692103883,4521.54291173254,4546.33459006107,4563.13333087858,4571.1134043109,4563.86002158651,4519.40241943587,4468.43768447797,4415.8241417872,4362.85145976119,4310.48153004486,4259.41033582275,4210.08694604324,4162.76011555494,4117.53598724508,4074.42800518513,4033.39534029973,3994.3676630911,3957.26075606664,3921.98591818882,3888.45419177686,3856.57842106095,3826.27395929038,3797.45844678683,3770.05083394682,3743.97164463408,3719.14210055753,3695.48456402171,3672.92251819448,3574.00330909728,3492.41907429982,3422.09525903952,3359.11673036354,3301.14082235809,3246.82739616695,3195.4335561043,3146.54914732606,3099.93298443064,3055.41926121591,3012.87245683435,2972.17067137864,2933.20361563482,2895.8730050849,2860.09083113739,2825.77216977509,2792.82516441938,2761.140264722,2730.58212832092,2700.98556949,2672.15438698722,2643.86145890394,2615.84759577267,2587.81772263843,2559.43265471711,2530.29637045466,2499.93895293022,2467.80027927488
70,2898.70321794093,3499.32832975578,3853.83848907783,4103.48711797235,4173.94590505305,4240.35430932616,4301.94055155547,4358.17245948329,4408.7540227754,4453.48940918324,4492.11350019993,4524.16151250149,4548.94938019578,4565.69994494908,4573.57841592582,4566.15676213116,4521.59069617568,4470.51805414852,4417.81640955891,4364.77933145284,4312.36706137721,4261.27146368156,4211.93710249535,4164.60898198309,4119.39059270599,4076.29371564359,4035.27659038807,3996.26841844877,3959.18475498211,3923.93677065934,3890.43536404027,3858.59316324794,3828.32520382938,3799.54869983104,3772.18208331379,3746.14529666801,3721.35894854092,3697.74479463279,3675.22574761958,3576.50075535851,3495.05812397457,3424.82499640085,3361.89958496791,3303.95125719458,3249.64777811155,3198.25071746413,3149.35226682913,3102.71259121903,3058.16695921209,3015.58100605162,2974.83415945624,2935.81758768196,2898.43447059598,2862.59810048069,2828.22471289631,2795.22304763307,2763.48384255067,2732.87166760206,2703.22090880505,2674.33470869792,2645.98511489579,2617.91195773451,2589.81903738267,2561.36588064237,2532.15501919911,2501.71501446643,2469.48447385207
71,2898.90723495589,3499.97131688068,3855.11998702142,4105.48202442764,4176.01571131684,4242.50572513709,4304.17997552247,4360.50217236449,4411.17029683871,4455.9816768001,4494.66375725647,4526.74335102203,4551.52711951227,4568.2296472044,4576.00707955153,4568.41834064425,4523.74522439567,4472.56645627657,4419.77841075864,4366.67840468753,4314.22496767067,4263.10585746197,4213.76119032832,4166.43228727669,4121.21995285966,4078.13461962856,4037.13334589908,3998.14496620682,3961.08480914402,3925.86391134525,3892.39301783183,3860.58452918356,3830.35315165486,3801.61566388756,3774.28997312534,3748.29543773515,3723.55205481657,3699.98097874109,3677.50456005925,3578.97133989469,3497.66778874994,3427.52336325558,3364.64966598542,3306.72796474537,3252.43380078202,3201.03312715668,3152.12043780849,3105.45722407311,3060.87981153021,3018.25497340957,2977.46344492727,2938.39783031047,2900.96275199182,2865.07281515946,2830.64529849461,2797.58961315892,2765.79676236424,2735.13120118666,2705.42689303098,2676.48632730543,2648.08072717953,2619.9489540266,2591.79369450048,2563.27320391,2533.98858906361,2503.46692001097,2471.14557781193
72,2899.10752616687,3500.60256502734,3856.38098327281,4107.44850551833,4178.05622128974,4244.6268322005,4306.38799483918,4362.79933551929,4413.55293055858,4458.43937950699,4497.17869895833,4529.28929499588,4554.06883816872,4570.72346823514,4578.4003763297,4570.6457573832,4525.86696927132,4474.58381071647,4421.71103820285,4368.54950934276,4316.05604279644,4264.91428296349,4215.55995439661,4168.23076072597,4123.02496690783,4079.95142434585,4038.96637034295,3999.99799542738,3962.96159843102,3927.76801057008,3894.3278042193,3862.55316945884,3832.35844639848,3803.65988471724,3776.37512797908,3750.42268650962,3725.72203420027,3702.19372963336,3679.75956975744,3581.4157142216,3500.24878485865,3430.19113439295,3367.36779912048,3309.47180577691,3255.18634995346,3203.78168813132,3154.85457425775,3108.16780250691,3063.55873831178,3020.89527536335,2980.05943689488,2940.94523071259,2903.45873550278,2867.51581456396,2833.03478334992,2799.92570793817,2768.07984747428,2737.36153557938,2707.60431183742,2678.61001558677,2650.14905218192,2621.95932345234,2593.74241477488,2565.15532657065,2535.79776199455,2505.19532938627,2472.78422581256
73,2899.30421484514,3501.22244092878,3857.62205972624,4109.38734329771,4180.06824767192,4246.71847118749,4308.56545175483,4365.0648517087,4415.90286151101,4460.86346246932,4499.65929073641,4531.80040074947,4556.57552398115,4573.18239618847,4580.7592870055,4572.83997108551,4527.95685579823,4476.57099876924,4423.61508737857,4370.39344050136,4317.86104738998,4266.69747400349,4217.33410851925,4170.00510128065,4124.80617763869,4081.74480758353,4040.77620373431,4001.82816642841,3964.81577428834,3929.6497105889,3896.24037465189,3864.4997073741,3834.34169620236,3805.68214063355,3778.43814649535,3752.52763611465,3727.86947634291,3704.38363576382,3681.99136632717,3583.83450500274,3502.80180157407,3432.82906398451,3370.05477839504,3312.18360759148,3257.90627632047,3206.49726783173,3157.5555540467,3110.84520956402,3066.20462307332,3023.50279179073,2982.62300810664,2943.46067455838,2905.92327172264,2869.92793543764,2835.39398794027,2802.23213814386,2770.33388803658,2739.56344478556,2709.75392305888,2680.70651518065,2652.1908151809,2623.9437742362,2595.66589029406,2567.01292225136,2537.58319228249,2506.90087559775,2474.40102667194
74,2899.49741859704,3501.83129520255,3858.84378993535,4111.29928806219,4182.05256249394,4248.7814402483,4310.71318280575,4367.29955551879,4418.22098416217,4463.25483257713,4502.10645893408,4534.2776085851,4559.04812471336,4575.60737906619,4583.08475236023,4575.00190122712,4530.015770982,4478.52886468978,4425.49138008073,4372.21090978273,4319.64071067259,4268.45613416708,4219.08433717431,4171.75597920376,4126.56435168345,4083.51541931303,4042.56355108586,4003.63611234894,3966.64796130181,3931.50962712065,3898.13132651733,3866.42474043527,3836.30349350784,3807.68292636316,3780.47960274618,3754.61085552654,3729.99494710994,3706.55126209323,3684.2005161317,3586.22831534154,3505.32750256508,3435.43786931105,3372.71136777239,3314.86416586507,3260.59439831454,3209.18070025903,3160.22422083651,3113.49029391353,3068.81831464,3026.07836792963,2985.15499688049,2945.944979209,2908.35717758937,2872.30998138614,2837.72370248068,2804.50967794897,2772.55964281913,2741.73767204491,2711.87645439112,2682.77653822077,2654.20671261573,2625.90298736662,2597.56478390968,2568.84663767707,2539.34550804382,2508.58416626984,2475.99656473293
75,2899.68724969522,3502.42946326004,3860.04671864925,4113.18506004756,4184.00990686398,4250.81650556738,4312.83201701472,4369.50427901273,4420.50812357158,4465.61437253227,4504.52109289183,4536.72182123056,4561.48755021376,4577.99932686923,4585.377720775,4577.13243012959,4532.04456588099,4480.45821867394,4427.34068522364,4374.0027488036,4321.39573215022,4270.1909384388,4220.81129707971,4173.48403761447,4128.30006821286,4085.26394901793,4044.3290278736,4005.42244061125,3968.4587586366,3933.34835077822,3900.00124166681,3868.32884174953,3838.24440302842,3809.66279910462,3782.50004758795,3756.67289088383,3732.09898986626,3708.6971513635,3686.38756351571,3588.5977259887,3507.8265105812,3438.0182440163,3375.33830267772,3317.5142462544,3263.25150304168,3211.83278676845,3162.86138577228,3116.10387079157,3071.40062914112,3028.62281618825,2987.65620890808,2948.39894104585,2910.76123814995,2874.6627246143,2840.0246924906,2806.75907150003,2774.75784085353,2743.88493145061,2713.97260497695,2684.82076888588,2656.19741358808,2627.83761651406,2599.43973449266,2570.65709456405,2541.08531260444,2510.24578498838,2477.57140114464
76,2899.87381538706,3503.01726615364,3861.23136848117,4115.04535101345,4185.94099259772,4252.82440304865,4314.92264689401,4371.67981133665,4422.76510515952,4467.94289488852,4506.90405938612,4539.13390581625,4563.89467441177,4580.35911360071,4587.63896871114,4579.23240492802,4534.04405751397,4482.3598784051,4429.16374076053,4375.76960920273,4323.12678319865,4271.90253472625,4222.51561866867,4175.18989392863,4130.01393450105,4086.9908656785,4046.07322788295,4007.18773428257,3970.24874138719,3935.16644840395,3901.85067850518,3870.21255183613,3840.16496675619,3811.62229554052,3784.5000099049,3758.71426670899,3734.18212667666,3710.82182527361,3688.55303196525,3590.94329647185,3510.29947477895,3440.57085646204,3377.93629142225,3320.13458590769,3265.87834806653,3214.45429931173,3165.46782929647,3118.68672513926,3073.95235081813,3031.13691783804,2990.12741893933,2950.82332581557,2913.13620821086,2876.9869075491,2842.297672667,2808.98105086695,2776.92918297874,2746.00590946353,2716.0430468899,2686.83986485022,2658.16356127055,2629.74829007642,2601.29135506877,2572.44488896716,2542.80318579285,2511.88629255606,2479.12607507884
77,2900.05721818091,3503.59501136625,3862.39824108052,4116.88082572487,4187.84646452198,4254.80583989053,4316.98583975854,4373.8269108854,4424.992711472,4470.2412151606,4509.2561548068,4541.51470852132,4566.27033718434,4582.68755696481,4589.86937457338,4581.3026394104,4536.01503064319,4484.23451196097,4430.96125531494,4377.51216477794,4324.83450854527,4273.59154528336,4224.19790746896,4176.87414120503,4131.70653387422,4088.69680832654,4047.79671183666,4008.93255335196,3972.01846183941,3936.96439262812,3903.68017322452,3872.07641761842,3842.06570516173,3813.56192498965,3786.47999777091,3760.73548704944,3736.24485942614,3712.92578558101,3690.69742519169,3593.26556592608,3512.74697317336,3443.09635096347,3380.50601653894,3322.72589487974,3268.47566287872,3217.04598078237,3168.04430256575,3121.23961202333,3076.47423519497,3033.62142493598,2992.5693723597,2953.21887019322,2915.48281388257,2879.28324436136,2844.54335137619,2811.17626933712,2779.07434359496,2748.10126632845,2718.08842652229,2688.83445864303,2660.10574852049,2631.63561239986,2603.12023519014,2574.21059548979,2544.49968514999,2513.50622816706,2480.66110485654
78,2900.23755611299,3504.16299354801,3863.54781822869,4118.69212333836,4189.72705830362,4256.7614960603,4319.02230008415,4375.94630688057,4427.19169497569,4472.51010625467,4511.57818083812,4543.86500544487,4568.61534610283,4584.98550838214,4592.06973931695,4583.34391573866,4537.95823944227,4486.08287571616,4432.73390970748,4379.23106283754,4326.51952822426,4275.25856804184,4225.85874539267,4178.5373494049,4133.37849274587,4090.38232965468,4049.50002916502,4010.65743592276,3973.76845065061,3938.7428488425,3905.49024095824,3873.92093719164,3843.94711831664,3815.48218401862,3788.44049953553,3762.73703654448,3738.28767086794,3715.00951513125,3692.82122814528,3595.56505508293,3515.16957905196,3445.59534894936,3383.04813603644,3325.28885745992,3271.04415032815,3219.60854659232,3170.59152896346,3123.76325857661,3078.9670092397,3036.07706021898,2994.98278666748,2955.58628324696,2917.80175402647,2881.55242239076,2846.76240352837,2813.34540620187,2781.19397058767,2750.17163740078,2720.10936588534,2690.80515892188,2662.02462165095,2633.50016498951,2604.92694224205,2575.95476686553,2546.17534803912,2515.10611050675,2482.17698901368
79,2900.41492299595,3504.72149520449,3864.68056286461,4120.47985870045,4191.58336789901,4258.69202567468,4321.03270557278,4378.03870084852,4429.36277958103,4474.750311763,4513.87089705773,4546.18558002198,4570.93049132891,4587.25378525116,4594.24083332065,4585.35698634521,4539.87440905806,4487.90565955261,4434.48235838131,4380.92692560317,4328.18243640226,4276.90417933147,4227.49869194378,4180.18006945072,4135.03022303881,4092.04796115185,4051.18370416829,4012.36289932945,3975.49921795522,3940.5022490142,3907.28137686036,3875.74659827661,3845.80968697027,3817.38354672424,3790.38198639381,3764.71938142338,3740.31102560376,3717.07347882173,3694.92490796445,3597.84226554048,3517.56784580218,3448.06845002868,3385.56328457703,3327.82413341957,3273.58448806135,3222.14268624536,3173.11020546237,3126.25836516823,3081.43137320937,3038.5045214032,2997.36835324001,2957.92624781102,2920.09370161136,2883.79510348092,2848.95547897574,2815.48909877979,2783.2886891392,2752.21763462803,2722.10646382769,2692.75255166635,2663.92072828503,2635.34250766023,2606.71202236482,2577.67793472152,2547.83068843936,2516.68643878221,2483.67420729703
80,2900.58940865072,3505.27079042819,3865.79692004518,4122.24462356485,4193.41600225076,4260.59803150995,4323.01770849377,4380.10476800599,4431.5066620701,4476.96254742904,4516.13503460196,4548.47717433889,4573.21649444216,4589.49302458743,4596.38339792067,4587.34257425531,4541.76407624641,4489.70352702481,4436.20723074035,4382.60035148314,4329.8238066487,4278.52892863395,4229.11828702338,4181.80282177587,4136.66230120759,4093.69421392113,4052.8482412044,4014.04944118462,3977.2112544005,3942.24307661007,3909.054057119,3877.55386991922,3847.6538637168,3819.26646985026,3792.30490647805,3766.68297044036,3742.31537100205,3719.11812450446,3697.00891486474,3600.097681903,3519.94230783626,3450.51623311803,3388.05207254753,3330.33235918442,3276.09732882791,3224.64906450711,3175.60100390638,3128.72560686808,3083.86800194738,3040.90447999179,2999.72673684416,2960.23942177389,2922.35930498629,2886.0119252335,2851.12320374492,2817.60796101216,2785.35910081649,2754.23984671531,2724.08029717853,2694.67720129748,2665.79462034566,2637.16317960011,2608.47600157016,2579.38061118679,2549.46617948918,2518.24769368896,2485.15322159879
81,2900.76109912302,3505.81113321964,3866.89731784565,4123.98698773421,4195.22554772114,4262.48017318104,4324.97793694081,4382.14515854472,4433.62401343622,4479.1475025219,4518.37129756944,4550.74050302714,4575.47408844294,4591.70398158685,4598.49814284277,4589.30137636461,4543.62823248995,4491.47711746216,4437.90913240272,4384.25191626586,4331.44419007813,4280.13335025099,4230.71804469506,4183.40618354388,4138.27523024647,4095.32158009835,4054.49412567974,4015.71754036065,3978.90503211818,3943.96579682088,3910.80873990492,3879.3432034274,3849.48011271311,3821.13139273243,3794.2096972541,3768.62823575098,3744.30113805852,3721.14388383239,3699.07368297276,3602.33177210869,3522.29348146006,3452.93925724004,3390.51509524754,3332.81414893717,3278.58330328093,3227.12832258722,3178.06457221623,3131.16563461441,3086.27754610375,3043.27758340374,3002.05858011847,2962.52643968022,2924.59918907575,2888.20350959519,2853.2661811944,2819.70258459616,2787.40578540506,2756.2388417483,2726.03142182058,2696.57965172908,2667.64682968986,2638.96270038009,2610.21938671595,2581.06328971638,2551.08235084567,2519.79033831786,2486.61447683296
82,2900.9300768855,3506.34277636239,3867.98216820423,4125.70750013233,4197.01256919487,4264.33900809323,4326.91399601253,4384.16049891206,4435.71548014197,4481.30584112727,4520.58036433897,4552.97625460387,4577.70396705559,4593.88736254369,4600.58577668582,4591.23401070436,4545.46736502712,4493.22704386827,4439.58864637711,4385.88217423943,4333.04411726666,4281.71795647035,4232.29846623741,4184.99051431664,4139.86949002605,4096.9305334876,4056.1218249799,4017.36766097515,3980.58100563622,3945.67085746311,3912.54586626236,3881.11503324728,3851.28885278999,3822.9787384181,3796.09677763745,3770.55559455103,3746.2687422036,3723.15117305322,3701.11963110889,3604.54498846588,3524.62186568502,3455.33806254944,3392.95292164923,3335.27009565275,3281.0430197239,3229.58107941426,3180.50153552358,3133.57907636133,3088.6606332855,3045.62445610408,3004.36450193149,2964.78791200264,2926.81395650297,2890.37043447792,2855.38499310312,2821.77354004761,2789.42930191485,2758.21516731307,2727.96037415623,2698.46042735517,2669.47786907569,2640.7415708991,2611.94266642701,2582.7264459923,2552.67963907761,2521.31482040577,2488.05840175921
83,2901.09642102691,3506.86598015474,3869.05188130848,4127.40668981161,4198.77761111532,4266.17509913224,4328.82646892275,4386.15139287068,4437.78168479206,4483.43820336022,4522.76288880814,4555.18509272895,4579.90679892903,4596.04383578266,4602.64693201136,4593.14122833055,4547.28209666033,4494.95389940871,4441.246381637,4387.49165924307,4334.62409925406,4283.28324077694,4233.86009519372,4186.55634822553,4141.44554508967,4098.52153053404,4057.73178934405,4019.00023994346,3982.23961273565,3947.35868982593,3914.26586094597,3882.86977779293,3853.08049651631,3824.80891446399,3797.96655134173,3772.46538836082,3748.21858406028,3725.14039375493,3703.14716352214,3606.73776815597,3526.92794301835,3457.71317116905,3395.36610359024,3337.70077208508,3283.47708128696,3232.00793194407,3182.9124972382,3135.96653815846,3091.01786914027,3047.9457006619,3006.64509945479,2967.0244296952,2929.00417520928,2892.5132788071,2857.48020069389,2823.82137771122,2791.4301896035,2760.16935147752,2729.86767003079,2700.32003397865,2671.28823307115,2642.50027427299,2613.64631196382,2584.37053877087,2554.25848945104,2522.82156698183,2489.48540975708
84,2901.26020742912,3507.38093507317,3870.10681224961,4129.08506690036,4200.52119845915,4267.98898906043,4330.71591804207,4388.11842263327,4439.82316106325,4485.54520650616,4524.91950155809,4557.36765738807,4582.08322883103,4598.17404570753,4604.6822603536,4595.02361286077,4549.07302760384,4496.65825467311,4442.8827856601,4389.08088565514,4336.18462848585,4284.82967875401,4235.40327014199,4188.10413904388,4143.00384070011,4100.0950111559,4059.32445268689,4020.61570966953,3983.88127525589,3949.02970946782,3915.96913320731,3884.60784021802,3854.85544145874,3826.62230367126,3799.81940757214,3774.35812101114,3750.15105015642,3727.11193356614,3705.15667058092,3608.91053398874,3529.21218019599,3460.06508798949,3397.75517400825,3340.10673167456,3285.88602428,3234.40945742551,3185.29804005295,3138.32860516788,3093.34983837782,3050.24189876589,3008.9009491617,2969.2365620576,2931.1704328632,2894.63259431105,2859.55234559712,2825.84662870063,2793.40896886755,2762.10190385883,2731.75380902964,2702.15895968521,2673.07839890959,2644.23927667141,2615.33077804006,2585.99601067986,2555.81933155399,2524.310994919,2490.89589955493
85,2901.42150893292,3507.88788275033,3871.14734243779,4130.74312349455,4202.24383765338,4269.78120146491,4332.58288588037,4390.06214986437,4441.84060755807,4487.62744609431,4527.05081094996,4559.52456600605,4584.23387877204,4600.27861392829,4606.6923777532,4596.88173997023,4550.84074794356,4498.34065976596,4444.49842610612,4390.65034932232,4337.72617969961,4286.35778983303,4236.92849896237,4189.63423524539,4144.54480720369,4101.65139952773,4060.90023337777,4022.21448266434,3985.50639985251,3950.68431696559,3917.65607753496,3886.32960914741,3856.61407089978,3828.4193046557,3801.65572170789,3776.23410833214,3752.06651359427,3729.06616681504,3707.14852942277,3611.06366293322,3531.4750288926,3462.39430141776,3400.12064896471,3342.48850942561,3288.27041261579,3236.78621331601,3187.65872718461,3140.66584262204,3095.6571057328,3052.51361218416,3011.13260775518,2971.42485899223,2933.31325825762,2896.72891370465,2861.60195075847,2827.84980579177,2795.36614212265,2764.01331645645,2733.61927272503,2703.97767566625,2674.84882729536,2645.95902810552,2616.9965035924,2587.60328896943,2557.36258000464,2525.78350603159,2492.29025591247
86,2901.58039549333,3508.38703657013,3872.17382673114,4132.38133449734,4203.94601743908,4271.55227033898,4334.42789601051,4391.98311663643,4443.83454841217,4489.68551025808,4529.15740415734,4561.65641449549,4586.35934906378,4602.35814032281,4608.67787864224,4598.71620158297,4552.58579362613,4500.00164525142,4446.09380151673,4392.20058204902,4339.24921075914,4287.86789615343,4238.43621236036,4191.14723567227,4146.06885973613,4103.1911048174,4062.45953495351,4023.79695680179,3987.11538272525,3952.32289861973,3919.32707435094,3888.03545936354,3858.35675451326,3830.20027299876,3803.47585603703,3778.09371085544,3753.96533468068,3731.00345514923,3709.1231045659,3613.19761488856,3533.716926357,3464.70128412828,3402.46302721729,3344.84662272623,3290.63077657272,3239.13873847461,3189.99510193965,3142.97879672744,3097.94021687262,3054.76138367134,3013.34061305914,2973.58985173946,2935.43317466474,2898.80275155935,2863.62953903442,2829.83140426273,2797.30219462758,2765.90406445961,2735.4645262323,2705.77663734188,2676.59996316269,2647.65996317068,2618.64391250585,2589.1927866714,2558.88863523567,2527.23948636404,2493.66885027231
87,2901.73693432548,3508.87860191415,3873.18660736976,4134.00015841052,4205.62820968543,4273.30262660322,4336.25145394252,4393.88184633089,4445.80550796317,4491.71992743598,4531.2398481397,4563.7637782451,4588.46030889678,4604.41320403746,4610.63933684092,4600.52755703084,4554.30871445317,4501.64173307709,4447.66940590959,4393.73193944766,4340.75422252154,4289.36048375408,4239.92682597958,4192.64345993544,4147.57639892699,4104.71446871781,4064.00274681124,4025.36351599708,3988.70859274999,3953.94582711901,3920.98249066697,3889.72575245339,3860.08384900137,3831.96556136365,3805.28016030868,3779.93727676128,3755.8478615204,3732.92414811978,3711.08074848554,3615.31274145129,3535.93829604766,3466.98649372269,3404.78279155915,3347.18157212168,3292.96762898208,3241.46755398691,3192.30769085297,3145.26799551713,3100.19969925393,3056.98573782432,3015.5254848691,2975.73205369998,2937.53068790757,2900.85460570995,2865.63556331708,2831.79190268605,2799.21759526183,2767.77460700886,2737.29001895448,2707.55628353542,2678.33223639181,2649.34250174892,2620.27341432113,2590.76490119262,2560.39788397644,2528.6793096087,2495.03204136398
88,2901.89119004139,3509.36277654736,3874.18601456078,4135.60003808087,4207.29087015731,4275.03276972948,4338.05404794087,4395.75884448801,4447.75400801499,4493.73124693264,4533.29869056022,4565.84721305208,4590.53714051187,4606.44431357783,4612.57730649759,4602.31634635886,4556.01003055402,4503.26139757666,4449.22571196426,4395.24491896887,4342.24152485229,4290.83596462766,4241.40074109325,4194.12330104418,4149.06781156376,4106.22197822332,4065.53024486887,4026.91453084567,3990.28640158181,3955.5534621669,3922.62268070315,3891.40083741858,3861.7956986947,3833.71551025393,3807.06896189567,3781.76514244718,3757.71443057529,3734.82858373145,3713.02180215682,3617.40941403661,3538.1395482165,3469.25037338003,3407.08040939008,3349.49384058607,3295.28146607048,3243.77316394713,3194.59700266982,3147.53394965572,3102.43606293147,3059.1871818903,3017.68772575541,2977.8519239941,2939.60629455174,2902.88495551105,2867.62051290223,2833.73176367669,2801.11279725902,2769.6253879151,2739.09618528505,2709.31703982467,2680.04606248439,2651.00704965772,2621.88540477205,2592.32001860521,2561.89070053491,2530.10333686316,2496.38017578023
89,2902.04322477869,3509.83975098127,3875.17236703014,4137.18140140446,4208.9344392399,4276.74315503555,4339.83614980348,4397.61459960903,4449.68055279767,4495.71998680363,4535.33446065226,4567.90725600194,4592.59047292647,4608.45211022429,4614.49232297582,4604.08309120513,4557.69024419034,4504.86112575292,4450.76315488824,4396.73995058675,4343.71158704053,4292.29473664969,4242.85834522766,4195.58713878304,4150.54347121842,4107.71394886414,4067.04239216364,4028.45035922614,3991.84916067594,3957.14615107267,3924.24798647141,3893.06105125051,3863.49263611834,3835.45044857006,3808.84260780705,3783.57763306454,3759.56536719159,3736.71708896181,3714.94659556842,3619.48799256909,3540.32108046494,3471.49335245543,3409.35633337374,3351.78390015329,3297.57276815523,3246.0560561958,3196.86352966309,3149.77715335604,3104.64980132199,3061.36620652986,3019.82782182271,2979.95001672479,2941.66045244685,2904.89426664966,2869.58484408141,2835.65143459833,2802.98823890002,2771.45683633863,2740.88344527222,2711.05931707982,2681.74184320122,2652.65399929598,2623.48026658935,2593.85851125669,2563.36744493836,2531.51191719204,2497.71358851947
90,2902.19309832125,3510.309708816,3876.145977388,4138.74466199183,4210.55934262287,4278.43422264814,4341.59821559289,4399.44958391355,4451.5856297463,4497.6866478615,4537.34767003765,4569.94442629942,4594.62082908596,4610.43706640989,4616.38490369206,4605.82829561994,4559.3498407344,4506.4413785943,4452.28217999137,4398.21745717633,4345.16480687997,4293.73718421415,4244.30001289581,4197.03534010458,4152.00373883908,4109.19073634588,4068.53953942894,4029.97134688917,3993.39721123896,3958.72422930924,3925.85862399538,3894.70671947351,3865.17498252598,3837.17069413463,3810.60140330504,3785.37506302446,3761.40098609752,3738.58998025116,3716.85544820438,3621.54882596783,3542.48327827037,3473.71579444765,3411.6110020575,3354.05220338216,3299.84200032512,3248.31670301691,3199.1077483417,3151.99808438819,3106.84139192668,3063.52328653861,3021.94624342661,2982.02675961429,2943.69362658219,2906.88298887201,2871.52899828439,2837.55134823087,2804.84434416756,2773.26936743078,2742.65220524542,2712.78351290005,2683.41996716567,2654.28373021475,2625.05836991395,2595.38073931317,2564.82846756188,2532.90538815733,2499.03260349785
91,2902.34086821314,3510.77282706263,3877.1071333323,4140.29021979661,4212.16599194686,4280.10639817107,4343.34068632864,4401.26425405483,4453.46971024421,4499.63171443309,4539.33881350007,4571.95922605395,4596.62871469522,4612.39968727757,4618.25554890722,4607.55244684489,4560.98928935165,4508.00260160649,4453.78320943411,4399.67782517138,4346.60156879904,4295.16367883226,4245.72610598101,4198.46825969826,4153.44896330879,4110.65268447071,4070.02202563926,4031.47782792281,3994.93088236938,3960.28802491966,3927.45514065267,3896.33815665759,3866.84304840497,3838.87655418831,3812.34565345885,3787.15773647591,3763.2215918731,3740.4475639653,3718.74866950297,3623.59225260539,3544.62651548524,3475.91820753745,3413.84484046938,3356.2991905548,3302.08961308493,3250.55556179931,3201.33012012137,3154.19720601455,3109.01129701469,3065.65888152962,3024.04344585251,2984.08260225353,2945.70625978656,2908.85155745422,2873.45340272198,2839.43192340174,2806.68152336563,2775.06338309917,2744.40285841542,2714.49001186267,2685.08081043322,2655.89660968149,2626.62007289699,2596.88705126916,2566.27410643636,2534.28407741409,2500.33753403368
92,2902.48658986558,3511.22927644724,3878.0561269089,4141.81849262732,4213.754785415,4281.76009331738,4345.06398864186,4403.05905179834,4455.3332503165,4501.55565507584,4541.3083697163,4573.95214102229,4598.61461896809,4614.34046146008,4620.10474247488,4609.25601604862,4562.6090436257,4509.54522549356,4455.26663172933,4401.12144995683,4348.02225107301,4296.57457969921,4247.13697443413,4199.88624052762,4154.87948197394,4112.1001256582,4071.49017852552,4032.97012535102,3996.45049229616,3961.83784285377,3929.0377311897,3897.95566690312,3868.49713395287,3840.56832585854,3814.0756533876,3788.92594775726,3765.02747939406,3742.29013683257,3720.6265592881,3625.61860074262,3546.75115481028,3478.10093090722,3416.05826066375,3358.52528822084,3304.31604296591,3252.77307566312,3203.53109195997,3156.37492260297,3111.15996426979,3067.77343657954,3026.11986995772,2986.11797996223,2947.69878081254,2910.80039382083,2875.35847161967,2841.29356558326,2808.50017371385,2776.83927184202,2746.13578569185,2716.17918633787,2686.7247370309,2657.49299320702,2628.16572221534,2598.37778446105,2567.70468878886,2535.64829836984,2501.62868330552
93,2902.63031665783,3511.67922316994,3878.99323584412,4143.32979340842,4215.32610837131,4283.39570650737,4346.76853539428,4404.83440466072,4457.17669129052,4503.45892325519,4543.25680194833,4575.92364131124,4600.57901533661,4616.25986179113,4621.93295254965,4610.9394590228,4564.20954229455,4511.06966680221,4456.73288049658,4402.54870674564,4349.4272000144,4297.97023422964,4248.53295675031,4201.28961433877,4156.29562114411,4113.53338143874,4072.9443150622,4034.44855157488,3997.95634860146,3963.37399077019,3930.60669399877,3899.55954429915,3870.13752952854,3842.24629660251,3815.79168869488,3790.67997074285,3766.81893425164,3744.11798635755,3722.48940817805,3627.62818894098,3548.85754824344,3480.26434415694,3418.2516622582,3360.73090994308,3306.52171310437,3254.96967405353,3205.71109695982,3158.53175613882,3113.28782740332,3069.86738284037,3028.17594277971,2988.13331439136,2949.67160493136,2912.72990613026,2877.24460407862,2843.1366674581,2810.30067986202,2778.59741063288,2747.85135502981,2717.85139692151,2688.35209946791,2659.07322504513,2629.69565355757,2599.85326551811,2569.12053144378,2536.99835867603,2502.90634478575
94,2902.77210003222,3512.12282330975,3879.91872871421,4144.82451511233,4216.88033384833,4285.0136234345,4348.45472626457,4406.59072651653,4459.0004604216,4505.34195798643,4545.18455869858,4577.87418204306,4602.52236212269,4618.15834597839,4623.74063225714,4612.6032168408,4565.79120988418,4512.57632853128,4458.18231815432,4403.95995852138,4350.81676986315,4299.35098493033,4249.91438046114,4202.67870214154,4157.69769656491,4114.95276292029,4074.38474192917,4035.91340882098,3999.4487489328,3964.89676176071,3932.16231773236,3901.15007335717,3871.76451607878,3843.9107446262,3817.4940358805,3792.42010349182,3768.59623314963,3745.93139121233,3724.33749797249,3629.62132645323,3550.94603750275,3482.40881567855,3420.42543294164,3362.91645682109,3308.70703379068,3257.14577330375,3207.87055493994,3160.66808411548,3115.39530709643,3071.9411381193,3030.21207811238,2990.12901409379,2951.62513449624,2914.6404898296,2879.11218908127,2844.96160945532,2812.08341449025,2780.33816430003,2749.54992398505,2719.50699292951,2689.96323921936,2660.63763866518,2631.2101920852,2601.31381081289,2570.52194126022,2538.334554582,2504.17080477081
95,2902.91198958395,3512.5602318469,3880.83286533878,4146.30300869896,4218.41782308605,4286.61421760204,4350.12294830386,4408.32841817274,4460.80497148526,4507.20518444245,4547.09207433066,4579.80420398936,4604.44510317403,4620.03635724143,4625.52822032907,4614.2477164817,4567.3544573119,4514.06560070901,4459.61531417773,4405.35555656077,4352.19129716707,4300.71714439822,4251.28156780817,4204.0538146652,4159.08601386592,4116.35857123013,4075.81175594605,4037.36498959551,4000.92798137465,3966.4064394533,3933.70481218753,3902.72752942148,3873.3783655421,3845.56193928129,3819.18296272985,3794.14660219169,3770.3596442803,3747.73062160698,3726.1711020189,3631.59831359466,3553.01695444549,3484.53470310009,3422.5799489374,3365.08231799152,3310.87240312854,3259.30177716924,3210.0098729785,3162.78431478679,3117.48280995742,3073.99504868382,3032.2286770526,2992.10547506543,2953.55975947656,2916.53252818065,2880.96160255072,2846.76876025797,2813.84873874153,2782.06188640615,2751.23183856507,2721.14631319467,2691.55848718464,2662.18655720057,2632.70965287097,2602.7597268882,2571.90921554665,2539.65717310403,2505.42233338223
96,2903.05003314556,3512.99159708261,3881.73589715305,4147.76561414309,4219.93892602353,4288.19785083108,4351.77357646216,4410.04786791335,4462.59062533883,4509.04901453004,4548.97976965777,4581.71413415441,4606.34766846737,4621.89432491591,4627.29614266416,4615.87337142153,4568.89968245869,4515.53786093995,4461.03212662324,4406.73584092853,4353.55110775344,4302.06903406224,4252.63481545078,4205.41525279009,4160.46086898616,4117.75109793304,4077.22564449122,4038.80357706765,4002.39432480848,3967.90329840996,3935.23458607461,3904.29211040865,3874.97934123128,3847.20014144072,3820.85872868252,3795.85972618231,3772.10942768062,3749.51593964056,3727.9904855598,3633.55944209526,3555.07062143146,3486.64235370795,3424.71557546757,3367.22887110507,3313.01820580508,3261.43807733464,3212.12944592829,3164.88084408937,3119.55073170821,3076.0296240701,3034.22612851857,2994.06308902337,2955.47585796472,2918.40639274748,2882.79320949111,2848.5584772854,2815.59700271941,2783.76891972136,2752.89743421376,2722.76968504223,2693.13816412239,2663.72029387397,2634.19434131382,2604.19131086188,2573.28264245442,2540.96649240355,2506.66120074476
97,2903.18627686701,3513.41706231835,3882.62806756093,4149.21266088762,4221.44398176542,4289.7648737429,4353.40697408747,4411.74945201572,4464.35781045352,4510.87384743628,4550.84805250092,4583.60438636362,4608.23047468028,4623.7326650271,4629.044809006,4617.48058219386,4570.42727071135,4516.99347492349,4462.43330536325,4408.10114094676,4354.89651717702,4303.40695901504,4253.97442584093,4206.76330795702,4161.82254857556,4119.13062542981,4078.62668589396,4040.22944546849,4003.84804929662,3969.38760450472,3936.75183246262,3905.84421137148,3876.56769819598,3848.82560385485,3822.52158518581,3797.55972671069,3773.84582399475,3751.28759963391,3729.79590606223,3635.50499543446,3557.10735170354,3488.73210484822,3426.83266718076,3369.35648277987,3315.14481904665,3263.55505389557,3214.22965690638,3166.95805614942,3121.59945566889,3078.04518718572,3036.20480974197,2996.00221296471,2957.37379665709,2920.26244623578,2884.60736324846,2850.33110715009,2817.32854593539,2785.45959663879,2754.54703621727,2724.37742721577,2694.70258106299,2665.23915240073,2635.66455353316,2605.60885081131,2574.64250135093,2542.26278214634,2507.88766527178
98,2903.32076529122,3513.83676607255,3883.5096122696,4150.64446827407,4222.93331902444,4291.31562621624,4355.02349339975,4413.43353524076,4466.10690341998,4512.68007014741,4552.69731821848,4585.47536178669,4610.09392573398,4625.55178083373,4630.77461941154,4619.06973692185,4571.93759547719,4518.43279694548,4463.81907591143,4409.45177563971,4356.2278311449,4304.73121485331,4255.30069009298,4208.09826741769,4163.1713303773,4120.4974273357,4080.015149802,4041.64286045927,4005.28941644623,3970.85961528238,3938.25680499928,3907.38401416235,3878.14368356642,3850.43857148908,3824.17177600516,3799.24684745793,3775.569100885,3753.04584844522,3731.58761353008,3637.4352491594,3559.12744973236,3490.80428430875,3428.93156856211,3371.46550903186,3317.2526055733,3265.65307581617,3216.31087775938,3169.01632375216,3123.6293538127,3080.04210768344,3038.16508673524,2997.92321582647,2959.25393136373,2922.10103344599,2886.40440685962,2852.08698609199,2819.04369773358,2787.13423959183,2756.18096011161,2725.96984833373,2696.25204006303,2666.74342737196,2637.120576743,2607.01262613801,2575.98906317428,2543.54630384432,2509.10197756364
99,2903.45354142544,3514.250842286,3884.38075960714,4152.06134595079,4224.40725654166,4292.85043782182,4356.62347594084,4415.1004712983,4467.83826942803,4514.46805794106,4554.52795020933,4587.32744945204,4611.93841330866,4627.35206334449,4632.48596075287,4620.64121182296,4573.43101867243,4519.85617034528,4465.18976979247,4410.78805415599,4357.54534592003,4306.04208806506,4256.61388068399,4209.42039524468,4164.50748359039,4121.8517688346,4081.39129753829,4043.04407948111,4006.71867975508,3972.31958029948,3939.74974947003,3908.91176115019,3879.70753687969,3852.03928184374,3825.8095375801,3800.9213248477,3777.27942996556,3754.79092576973,3733.36585080084,3639.3504709468,3561.13121154786,3492.85921068271,3431.01261432325,3373.55626163077,3319.34191875319,3267.73250136426,3218.37346950563,3171.05600878812,3125.64078721303,3082.02074475735,3040.10731473585,2999.82644825691,2961.1166072122,2923.9224961504,2888.18467320891,2853.82644039105,2820.74277769552,2788.79316145042,2757.79951207026,2727.54724785991,2697.78683293985,2668.23340461853,2638.56268960741,2608.40290791429,2577.32259077033,2544.81731118041,2510.3043807119
100,2903.58464680885,3514.65942051636,3885.24173082382,4153.46359426133,4225.86610348557,4294.36962823487,4358.20725300156,4416.7506032889,4469.55226272229,4516.2381748543,4556.34032039041,4589.16102673202,4613.76431733307,4629.13389180863,4634.17920823438,4622.19537168871,4574.90789118607,4521.26392795866,4466.54570214948,4412.11027616957,4358.84929410121,4307.33985639789,4257.91427226538,4210.7299615865,4165.83127374515,4123.19390702049,4082.75538243656,4044.43335208704,4008.13608493987,3973.76774144796,3941.23090411812,3910.42768729083,3881.25949038919,3853.62796525929,3827.43509928658,3802.58338833896,3778.9771506662,3756.52306442404,3735.13085382733,3641.25092209529,3563.11892505508,3494.8971936206,3433.0761297737,3375.62914431975,3321.41310187818,3269.79367852533,3220.41778275589,3173.07746267755,3127.63410646862,3083.98144576705,3042.03183862843,3001.71225067018,2962.96215943991,2925.72716367481,2889.94848542755,2855.54978675931,2822.42609602452,2790.43666589784,2759.40298927301,2729.10991646169,2699.30724445366,2669.70936155689,2639.99116257827,2609.77995921265,2578.64333921269,2546.07605031765,2511.49511058999
